Record Length,2.500000e+03,,  -0.000000098000,  -0.00800,
Sample Interval,2.000000e-10,,  -0.000000097800,  -0.00800,
Trigger Point,4.900000000000e+02,,  -0.000000097600,  -0.00800,
,,,  -0.000000097400,  -0.00800,
,,,  -0.000000097200,  -0.00800,
,,,  -0.000000097000,  -0.00800,
Source,CH1,,  -0.000000096800,   0.00000,
Vertical Units,V,,  -0.000000096600,   0.00000,
Vertical Scale,2.000000e-01,,  -0.000000096400,   0.00000,
Vertical Offset,-1.600000e-01,,  -0.000000096200,   0.00000,
Horizontal Units,s,,  -0.000000096000,   0.00000,
Horizontal Scale,5.000000e-08,,  -0.000000095800,   0.00000,
Pt Fmt,Y,,  -0.000000095600,  -0.00800,
Yzero,0.000000e+00,,  -0.000000095400,  -0.00800,
Probe Atten,1.000000e+00,,  -0.000000095200,  -0.00800,
Model Number,TBS1104,,  -0.000000095000,  -0.00800,
Serial Number,C014641,,  -0.000000094800,  -0.00800,
Firmware Version,FV:v26.05,,  -0.000000094600,  -0.00800,
,,,-00.000000094400,  -0.00800,
,,,-00.000000094200,  -0.00800,
,,,-00.000000094000,  -0.00800,
,,,-00.000000093800,   0.00000,
,,,-00.000000093600,  -0.00800,
,,,-00.000000093400,  -0.00800,
,,,-00.000000093200,  -0.00800,
,,,-00.000000093000,  -0.00800,
,,,-00.000000092800,  -0.00800,
,,,-00.000000092600,  -0.00800,
,,,-00.000000092400,  -0.00800,
,,,-00.000000092200,  -0.00800,
,,,-00.000000092000,  -0.00800,
,,,-00.000000091800,   0.00000,
,,,-00.000000091600,   0.00000,
,,,-00.000000091400,   0.00000,
,,,-00.000000091200,   0.00000,
,,,-00.000000091000,   0.00000,
,,,-00.000000090800,   0.00000,
,,,-00.000000090600,  -0.00800,
,,,-00.000000090400,  -0.00800,
,,,-00.000000090200,  -0.00800,
,,,-00.000000090000,  -0.00800,
,,,-00.000000089800,  -0.00800,
,,,-00.000000089600,  -0.00800,
,,,-00.000000089400,  -0.00800,
,,,-00.000000089200,  -0.00800,
,,,-00.000000089000,  -0.00800,
,,,-00.000000088800,   0.00000,
,,,-00.000000088600,   0.00000,
,,,-00.000000088400,   0.00000,
,,,-00.000000088200,   0.00000,
,,,-00.000000088000,   0.00000,
,,,-00.000000087800,   0.00000,
,,,-00.000000087600,  -0.00800,
,,,-00.000000087400,  -0.00800,
,,,-00.000000087200,  -0.00800,
,,,-00.000000087000,  -0.00800,
,,,-00.000000086800,  -0.00800,
,,,-00.000000086600,  -0.00800,
,,,-00.000000086400,  -0.01600,
,,,-00.000000086200,  -0.01600,
,,,-00.000000086000,  -0.00800,
,,,-00.000000085800,  -0.00800,
,,,-00.000000085600,  -0.00800,
,,,-00.000000085400,  -0.00800,
,,,-00.000000085200,  -0.00800,
,,,-00.000000085000,  -0.00800,
,,,-00.000000084800,   0.00000,
,,,-00.000000084600,  -0.00800,
,,,-00.000000084400,  -0.00800,
,,,-00.000000084200,  -0.00800,
,,,-00.000000084000,  -0.00800,
,,,-00.000000083800,  -0.00800,
,,,-00.000000083600,  -0.00800,
,,,-00.000000083400,  -0.00800,
,,,-00.000000083200,  -0.00800,
,,,-00.000000083000,  -0.00800,
,,,-00.000000082800,   0.00000,
,,,-00.000000082600,   0.00000,
,,,-00.000000082400,   0.00000,
,,,-00.000000082200,   0.00000,
,,,-00.000000082000,   0.00800,
,,,-00.000000081800,   0.00800,
,,,-00.000000081600,   0.00800,
,,,-00.000000081400,   0.00000,
,,,-00.000000081200,   0.00000,
,,,-00.000000081000,   0.00000,
,,,-00.000000080800,   0.00000,
,,,-00.000000080600,  -0.00800,
,,,-00.000000080400,  -0.00800,
,,,-00.000000080200,  -0.00800,
,,,-00.000000080000,  -0.00800,
,,,-00.000000079800,  -0.00800,
,,,-00.000000079600,  -0.01600,
,,,-00.000000079400,  -0.01600,
,,,-00.000000079200,  -0.01600,
,,,-00.000000079000,  -0.01600,
,,,-00.000000078800,  -0.00800,
,,,-00.000000078600,  -0.00800,
,,,-00.000000078400,  -0.00800,
,,,-00.000000078200,   0.00000,
,,,-00.000000078000,   0.00000,
,,,-00.000000077800,   0.00800,
,,,-00.000000077600,   0.00800,
,,,-00.000000077400,   0.00800,
,,,-00.000000077200,   0.00800,
,,,-00.000000077000,   0.00800,
,,,-00.000000076800,   0.00800,
,,,-00.000000076600,   0.00000,
,,,-00.000000076400,   0.00000,
,,,-00.000000076200,   0.00000,
,,,-00.000000076000,   0.00000,
,,,-00.000000075800,   0.00000,
,,,-00.000000075600,   0.00000,
,,,-00.000000075400,   0.00000,
,,,-00.000000075200,   0.00000,
,,,-00.000000075000,   0.00000,
,,,-00.000000074800,   0.00000,
,,,-00.000000074600,   0.00000,
,,,-00.000000074400,   0.00000,
,,,-00.000000074200,   0.00000,
,,,-00.000000074000,   0.00000,
,,,-00.000000073800,   0.00000,
,,,-00.000000073600,   0.00000,
,,,-00.000000073400,   0.00000,
,,,-00.000000073200,   0.00000,
,,,-00.000000073000,   0.00000,
,,,-00.000000072800,   0.00800,
,,,-00.000000072600,   0.00800,
,,,-00.000000072400,   0.00800,
,,,-00.000000072200,   0.00800,
,,,-00.000000072000,   0.00800,
,,,-00.000000071800,   0.00800,
,,,-00.000000071600,   0.00000,
,,,-00.000000071400,   0.00000,
,,,-00.000000071200,   0.00000,
,,,-00.000000071000,   0.00000,
,,,-00.000000070800,   0.00000,
,,,-00.000000070600,  -0.00800,
,,,-00.000000070400,  -0.00800,
,,,-00.000000070200,  -0.00800,
,,,-00.000000070000,  -0.00800,
,,,-00.000000069800,  -0.00800,
,,,-00.000000069600,  -0.00800,
,,,-00.000000069400,  -0.00800,
,,,-00.000000069200,  -0.00800,
,,,-00.000000069000,  -0.00800,
,,,-00.000000068800,   0.00000,
,,,-00.000000068600,   0.00000,
,,,-00.000000068400,   0.00000,
,,,-00.000000068200,   0.00000,
,,,-00.000000068000,   0.00000,
,,,-00.000000067800,   0.00000,
,,,-00.000000067600,   0.00000,
,,,-00.000000067400,   0.00000,
,,,-00.000000067200,   0.00000,
,,,-00.000000067000,   0.00000,
,,,-00.000000066800,   0.00000,
,,,-00.000000066600,   0.00000,
,,,-00.000000066400,   0.00000,
,,,-00.000000066200,   0.00000,
,,,-00.000000066000,   0.00000,
,,,-00.000000065800,   0.00000,
,,,-00.000000065600,   0.00000,
,,,-00.000000065400,   0.00000,
,,,-00.000000065200,   0.00000,
,,,-00.000000065000,   0.00000,
,,,-00.000000064800,   0.00000,
,,,-00.000000064600,   0.00000,
,,,-00.000000064400,   0.00000,
,,,-00.000000064200,   0.00000,
,,,-00.000000064000,   0.00000,
,,,-00.000000063800,   0.00000,
,,,-00.000000063600,   0.00000,
,,,-00.000000063400,   0.00000,
,,,-00.000000063200,   0.00000,
,,,-00.000000063000,   0.00000,
,,,-00.000000062800,   0.00800,
,,,-00.000000062600,   0.00800,
,,,-00.000000062400,   0.00800,
,,,-00.000000062200,   0.00800,
,,,-00.000000062000,   0.00800,
,,,-00.000000061800,   0.00800,
,,,-00.000000061600,   0.00800,
,,,-00.000000061400,   0.00800,
,,,-00.000000061200,   0.00800,
,,,-00.000000061000,   0.00800,
,,,-00.000000060800,   0.00800,
,,,-00.000000060600,   0.00000,
,,,-00.000000060400,   0.00000,
,,,-00.000000060200,   0.00000,
,,,-00.000000060000,   0.00000,
,,,-00.000000059800,   0.00000,
,,,-00.000000059600,   0.00000,
,,,-00.000000059400,   0.00000,
,,,-00.000000059200,   0.00000,
,,,-00.000000059000,   0.00000,
,,,-00.000000058800,   0.00000,
,,,-00.000000058600,   0.00000,
,,,-00.000000058400,   0.00000,
,,,-00.000000058200,   0.00000,
,,,-00.000000058000,   0.00000,
,,,-00.000000057800,   0.00000,
,,,-00.000000057600,   0.00000,
,,,-00.000000057400,   0.00000,
,,,-00.000000057200,   0.00000,
,,,-00.000000057000,   0.00000,
,,,-00.000000056800,   0.00000,
,,,-00.000000056600,  -0.00800,
,,,-00.000000056400,  -0.00800,
,,,-00.000000056200,  -0.00800,
,,,-00.000000056000,  -0.00800,
,,,-00.000000055800,  -0.00800,
,,,-00.000000055600,  -0.00800,
,,,-00.000000055400,  -0.00800,
,,,-00.000000055200,  -0.00800,
,,,-00.000000055000,  -0.00800,
,,,-00.000000054800,   0.00000,
,,,-00.000000054600,   0.00000,
,,,-00.000000054400,   0.00000,
,,,-00.000000054200,   0.00000,
,,,-00.000000054000,   0.00000,
,,,-00.000000053800,   0.00000,
,,,-00.000000053600,   0.00000,
,,,-00.000000053400,   0.00000,
,,,-00.000000053200,   0.00000,
,,,-00.000000053000,   0.00000,
,,,-00.000000052800,   0.00000,
,,,-00.000000052600,  -0.00800,
,,,-00.000000052400,  -0.00800,
,,,-00.000000052200,  -0.00800,
,,,-00.000000052000,  -0.00800,
,,,-00.000000051800,  -0.00800,
,,,-00.000000051600,  -0.00800,
,,,-00.000000051400,  -0.00800,
,,,-00.000000051200,  -0.00800,
,,,-00.000000051000,  -0.00800,
,,,-00.000000050800,  -0.00800,
,,,-00.000000050600,  -0.00800,
,,,-00.000000050400,  -0.00800,
,,,-00.000000050200,  -0.00800,
,,,-00.000000050000,  -0.00800,
,,,-00.000000049800,  -0.00800,
,,,-00.000000049600,  -0.00800,
,,,-00.000000049400,  -0.00800,
,,,-00.000000049200,  -0.00800,
,,,-00.000000049000,  -0.00800,
,,,-00.000000048800,  -0.00800,
,,,-00.000000048600,  -0.00800,
,,,-00.000000048400,  -0.00800,
,,,-00.000000048200,  -0.00800,
,,,-00.000000048000,  -0.00800,
,,,-00.000000047800,  -0.00800,
,,,-00.000000047600,  -0.00800,
,,,-00.000000047400,  -0.00800,
,,,-00.000000047200,  -0.00800,
,,,-00.000000047000,  -0.00800,
,,,-00.000000046800,  -0.00800,
,,,-00.000000046600,  -0.00800,
,,,-00.000000046400,  -0.00800,
,,,-00.000000046200,  -0.00800,
,,,-00.000000046000,  -0.00800,
,,,-00.000000045800,   0.00000,
,,,-00.000000045600,   0.00000,
,,,-00.000000045400,  -0.00800,
,,,-00.000000045200,  -0.00800,
,,,-00.000000045000,  -0.00800,
,,,-00.000000044800,  -0.00800,
,,,-00.000000044600,  -0.01600,
,,,-00.000000044400,  -0.01600,
,,,-00.000000044200,  -0.01600,
,,,-00.000000044000,  -0.01600,
,,,-00.000000043800,  -0.01600,
,,,-00.000000043600,  -0.01600,
,,,-00.000000043400,  -0.01600,
,,,-00.000000043200,  -0.01600,
,,,-00.000000043000,  -0.01600,
,,,-00.000000042800,  -0.00800,
,,,-00.000000042600,  -0.00800,
,,,-00.000000042400,  -0.00800,
,,,-00.000000042200,  -0.00800,
,,,-00.000000042000,  -0.00800,
,,,-00.000000041800,   0.00000,
,,,-00.000000041600,   0.00000,
,,,-00.000000041400,   0.00000,
,,,-00.000000041200,   0.00000,
,,,-00.000000041000,   0.00000,
,,,-00.000000040800,   0.00000,
,,,-00.000000040600,  -0.00800,
,,,-00.000000040400,  -0.00800,
,,,-00.000000040200,  -0.00800,
,,,-00.000000040000,  -0.00800,
,,,-00.000000039800,  -0.00800,
,,,-00.000000039600,  -0.00800,
,,,-00.000000039400,  -0.00800,
,,,-00.000000039200,  -0.00800,
,,,-00.000000039000,  -0.00800,
,,,-00.000000038800,   0.00000,
,,,-00.000000038600,   0.00000,
,,,-00.000000038400,   0.00000,
,,,-00.000000038200,   0.00000,
,,,-00.000000038000,   0.00000,
,,,-00.000000037800,   0.00000,
,,,-00.000000037600,  -0.00800,
,,,-00.000000037400,  -0.00800,
,,,-00.000000037200,  -0.00800,
,,,-00.000000037000,  -0.00800,
,,,-00.000000036800,  -0.00800,
,,,-00.000000036600,  -0.01600,
,,,-00.000000036400,  -0.01600,
,,,-00.000000036200,  -0.01600,
,,,-00.000000036000,  -0.01600,
,,,-00.000000035800,  -0.00800,
,,,-00.000000035600,  -0.00800,
,,,-00.000000035400,  -0.00800,
,,,-00.000000035200,   0.00000,
,,,-00.000000035000,   0.00000,
,,,-00.000000034800,   0.00800,
,,,-00.000000034600,   0.00800,
,,,-00.000000034400,   0.00800,
,,,-00.000000034200,   0.00800,
,,,-00.000000034000,   0.00800,
,,,-00.000000033800,   0.00800,
,,,-00.000000033600,   0.00000,
,,,-00.000000033400,   0.00000,
,,,-00.000000033200,   0.00000,
,,,-00.000000033000,   0.00000,
,,,-00.000000032800,   0.00000,
,,,-00.000000032600,   0.00000,
,,,-00.000000032400,   0.00000,
,,,-00.000000032200,   0.00000,
,,,-00.000000032000,   0.00000,
,,,-00.000000031800,   0.00000,
,,,-00.000000031600,   0.00000,
,,,-00.000000031400,   0.00000,
,,,-00.000000031200,   0.00000,
,,,-00.000000031000,   0.00000,
,,,-00.000000030800,   0.00000,
,,,-00.000000030600,   0.00000,
,,,-00.000000030400,   0.00000,
,,,-00.000000030200,   0.00000,
,,,-00.000000030000,   0.00000,
,,,-00.000000029800,   0.00000,
,,,-00.000000029600,   0.00000,
,,,-00.000000029400,   0.00000,
,,,-00.000000029200,   0.00000,
,,,-00.000000029000,   0.00000,
,,,-00.000000028800,   0.00800,
,,,-00.000000028600,   0.00800,
,,,-00.000000028400,   0.00800,
,,,-00.000000028200,   0.00800,
,,,-00.000000028000,   0.00800,
,,,-00.000000027800,   0.00800,
,,,-00.000000027600,   0.00800,
,,,-00.000000027400,   0.00800,
,,,-00.000000027200,   0.00800,
,,,-00.000000027000,   0.00800,
,,,-00.000000026800,   0.00800,
,,,-00.000000026600,   0.00000,
,,,-00.000000026400,   0.00000,
,,,-00.000000026200,  -0.00800,
,,,-00.000000026000,  -0.00800,
,,,-00.000000025800,  -0.00800,
,,,-00.000000025600,  -0.00800,
,,,-00.000000025400,  -0.00800,
,,,-00.000000025200,  -0.00800,
,,,-00.000000025000,  -0.00800,
,,,-00.000000024800,   0.00000,
,,,-00.000000024600,   0.00000,
,,,-00.000000024400,   0.00000,
,,,-00.000000024200,   0.00000,
,,,-00.000000024000,   0.00000,
,,,-00.000000023800,   0.00000,
,,,-00.000000023600,  -0.00800,
,,,-00.000000023400,  -0.00800,
,,,-00.000000023200,  -0.00800,
,,,-00.000000023000,  -0.00800,
,,,-00.000000022800,  -0.00800,
,,,-00.000000022600,  -0.00800,
,,,-00.000000022400,  -0.00800,
,,,-00.000000022200,  -0.00800,
,,,-00.000000022000,  -0.00800,
,,,-00.000000021800,   0.00000,
,,,-00.000000021600,   0.00000,
,,,-00.000000021400,   0.00000,
,,,-00.000000021200,   0.00000,
,,,-00.000000021000,   0.00000,
,,,-00.000000020800,   0.00000,
,,,-00.000000020600,   0.00000,
,,,-00.000000020400,   0.00000,
,,,-00.000000020200,   0.00000,
,,,-00.000000020000,   0.00000,
,,,-00.000000019800,   0.00000,
,,,-00.000000019600,  -0.00800,
,,,-00.000000019400,  -0.00800,
,,,-00.000000019200,  -0.00800,
,,,-00.000000019000,  -0.00800,
,,,-00.000000018800,  -0.00800,
,,,-00.000000018600,  -0.00800,
,,,-00.000000018400,  -0.00800,
,,,-00.000000018200,  -0.00800,
,,,-00.000000018000,  -0.00800,
,,,-00.000000017800,   0.00000,
,,,-00.000000017600,   0.00000,
,,,-00.000000017400,   0.00000,
,,,-00.000000017200,   0.00000,
,,,-00.000000017000,   0.00000,
,,,-00.000000016800,   0.00000,
,,,-00.000000016600,  -0.00800,
,,,-00.000000016400,  -0.00800,
,,,-00.000000016200,  -0.00800,
,,,-00.000000016000,  -0.00800,
,,,-00.000000015800,  -0.00800,
,,,-00.000000015600,  -0.00800,
,,,-00.000000015400,  -0.00800,
,,,-00.000000015200,  -0.00800,
,,,-00.000000015000,  -0.00800,
,,,-00.000000014800,  -0.00800,
,,,-00.000000014600,  -0.01600,
,,,-00.000000014400,  -0.01600,
,,,-00.000000014200,  -0.01600,
,,,-00.000000014000,  -0.01600,
,,,-00.000000013800,  -0.01600,
,,,-00.000000013600,  -0.01600,
,,,-00.000000013400,  -0.01600,
,,,-00.000000013200,  -0.01600,
,,,-00.000000013000,  -0.00800,
,,,-00.000000012800,  -0.00800,
,,,-00.000000012600,  -0.01600,
,,,-00.000000012400,  -0.01600,
,,,-00.000000012200,  -0.01600,
,,,-00.000000012000,  -0.02400,
,,,-00.000000011800,  -0.02400,
,,,-00.000000011600,  -0.03200,
,,,-00.000000011400,  -0.03200,
,,,-00.000000011200,  -0.03200,
,,,-00.000000011000,  -0.04000,
,,,-00.000000010800,  -0.04000,
,,,-00.000000010600,  -0.04800,
,,,-00.000000010400,  -0.04800,
,,,-00.000000010200,  -0.05600,
,,,-00.000000010000,  -0.06400,
,,,-00.000000009800,  -0.06400,
,,,-00.000000009600,  -0.07200,
,,,-00.000000009400,  -0.08000,
,,,-00.000000009200,  -0.08800,
,,,-00.000000009000,  -0.08800,
,,,-00.000000008800,  -0.09600,
,,,-00.000000008600,  -0.10400,
,,,-00.000000008400,  -0.11200,
,,,-00.000000008200,  -0.12800,
,,,-00.000000008000,  -0.13600,
,,,-00.000000007800,  -0.14400,
,,,-00.000000007600,  -0.16000,
,,,-00.000000007400,  -0.16800,
,,,-00.000000007200,  -0.18400,
,,,-00.000000007000,  -0.20000,
,,,-00.000000006800,  -0.20800,
,,,-00.000000006600,  -0.22400,
,,,-00.000000006400,  -0.24000,
,,,-00.000000006200,  -0.25600,
,,,-00.000000006000,  -0.27200,
,,,-00.000000005800,  -0.28800,
,,,-00.000000005600,  -0.31200,
,,,-00.000000005400,  -0.32800,
,,,-00.000000005200,  -0.34400,
,,,-00.000000005000,  -0.36000,
,,,-00.000000004800,  -0.36800,
,,,-00.000000004600,  -0.38400,
,,,-00.000000004400,  -0.38400,
,,,-00.000000004200,  -0.39200,
,,,-00.000000004000,  -0.39200,
,,,-00.000000003800,  -0.38400,
,,,-00.000000003600,  -0.38400,
,,,-00.000000003400,  -0.37600,
,,,-00.000000003200,  -0.36800,
,,,-00.000000003000,  -0.35200,
,,,-00.000000002800,  -0.32800,
,,,-00.000000002600,  -0.31200,
,,,-00.000000002400,  -0.28800,
,,,-00.000000002200,  -0.25600,
,,,-00.000000002000,  -0.22400,
,,,-00.000000001800,  -0.18400,
,,,-00.000000001600,  -0.14400,
,,,-00.000000001400,  -0.10400,
,,,-00.000000001200,  -0.05600,
,,,-00.000000001000,  -0.00800,
,,,-00.000000000800,   0.04800,
,,,-00.000000000600,   0.09600,
,,,-00.000000000400,   0.14400,
,,,-00.000000000200,   0.20000,
,,,-00.000000000000,   0.24800,
,,,00.000000000200,   0.30400,
,,,00.000000000400,   0.35200,
,,,00.000000000600,   0.40000,
,,,00.000000000800,   0.44800,
,,,00.000000001000,   0.49600,
,,,00.000000001200,   0.54400,
,,,00.000000001400,   0.58400,
,,,00.000000001600,   0.62400,
,,,00.000000001800,   0.66400,
,,,00.000000002000,   0.69600,
,,,00.000000002200,   0.72800,
,,,00.000000002400,   0.75200,
,,,00.000000002600,   0.76800,
,,,00.000000002800,   0.79200,
,,,00.000000003000,   0.80000,
,,,00.000000003200,   0.81600,
,,,00.000000003400,   0.82400,
,,,00.000000003600,   0.83200,
,,,00.000000003800,   0.83200,
,,,00.000000004000,   0.83200,
,,,00.000000004200,   0.83200,
,,,00.000000004400,   0.82400,
,,,00.000000004600,   0.81600,
,,,00.000000004800,   0.80800,
,,,00.000000005000,   0.79200,
,,,00.000000005200,   0.78400,
,,,00.000000005400,   0.76800,
,,,00.000000005600,   0.75200,
,,,00.000000005800,   0.72800,
,,,00.000000006000,   0.71200,
,,,00.000000006200,   0.69600,
,,,00.000000006400,   0.67200,
,,,00.000000006600,   0.65600,
,,,00.000000006800,   0.64000,
,,,00.000000007000,   0.62400,
,,,00.000000007200,   0.60800,
,,,00.000000007400,   0.59200,
,,,00.000000007600,   0.57600,
,,,00.000000007800,   0.56000,
,,,00.000000008000,   0.55200,
,,,00.000000008200,   0.54400,
,,,00.000000008400,   0.53600,
,,,00.000000008600,   0.52800,
,,,00.000000008800,   0.52000,
,,,00.000000009000,   0.52000,
,,,00.000000009200,   0.52000,
,,,00.000000009400,   0.52000,
,,,00.000000009600,   0.52000,
,,,00.000000009800,   0.52000,
,,,00.000000010000,   0.52800,
,,,00.000000010200,   0.53600,
,,,00.000000010400,   0.54400,
,,,00.000000010600,   0.55200,
,,,00.000000010800,   0.56800,
,,,00.000000011000,   0.58400,
,,,00.000000011200,   0.60000,
,,,00.000000011400,   0.61600,
,,,00.000000011600,   0.63200,
,,,00.000000011800,   0.64800,
,,,00.000000012000,   0.66400,
,,,00.000000012200,   0.68800,
,,,00.000000012400,   0.70400,
,,,00.000000012600,   0.72000,
,,,00.000000012800,   0.74400,
,,,00.000000013000,   0.76000,
,,,00.000000013200,   0.77600,
,,,00.000000013400,   0.78400,
,,,00.000000013600,   0.80000,
,,,00.000000013800,   0.80800,
,,,00.000000014000,   0.81600,
,,,00.000000014200,   0.82400,
,,,00.000000014400,   0.82400,
,,,00.000000014600,   0.82400,
,,,00.000000014800,   0.81600,
,,,00.000000015000,   0.80800,
,,,00.000000015200,   0.80000,
,,,00.000000015400,   0.77600,
,,,00.000000015600,   0.75200,
,,,00.000000015800,   0.72800,
,,,00.000000016000,   0.69600,
,,,00.000000016200,   0.66400,
,,,00.000000016400,   0.62400,
,,,00.000000016600,   0.58400,
,,,00.000000016800,   0.54400,
,,,00.000000017000,   0.49600,
,,,00.000000017200,   0.44800,
,,,00.000000017400,   0.39200,
,,,00.000000017600,   0.34400,
,,,00.000000017800,   0.28800,
,,,00.000000018000,   0.23200,
,,,00.000000018200,   0.17600,
,,,00.000000018400,   0.11200,
,,,00.000000018600,   0.05600,
,,,00.000000018800,   0.00000,
,,,00.000000019000,  -0.05600,
,,,00.000000019200,  -0.10400,
,,,00.000000019400,  -0.15200,
,,,00.000000019600,  -0.20000,
,,,00.000000019800,  -0.24000,
,,,00.000000020000,  -0.28000,
,,,00.000000020200,  -0.31200,
,,,00.000000020400,  -0.34400,
,,,00.000000020600,  -0.37600,
,,,00.000000020800,  -0.40000,
,,,00.000000021000,  -0.42400,
,,,00.000000021200,  -0.44000,
,,,00.000000021400,  -0.46400,
,,,00.000000021600,  -0.47200,
,,,00.000000021800,  -0.48000,
,,,00.000000022000,  -0.48800,
,,,00.000000022200,  -0.48800,
,,,00.000000022400,  -0.48800,
,,,00.000000022600,  -0.48800,
,,,00.000000022800,  -0.47200,
,,,00.000000023000,  -0.46400,
,,,00.000000023200,  -0.44800,
,,,00.000000023400,  -0.44000,
,,,00.000000023600,  -0.42400,
,,,00.000000023800,  -0.40000,
,,,00.000000024000,  -0.38400,
,,,00.000000024200,  -0.36000,
,,,00.000000024400,  -0.34400,
,,,00.000000024600,  -0.32000,
,,,00.000000024800,  -0.30400,
,,,00.000000025000,  -0.28000,
,,,00.000000025200,  -0.25600,
,,,00.000000025400,  -0.24000,
,,,00.000000025600,  -0.21600,
,,,00.000000025800,  -0.20000,
,,,00.000000026000,  -0.17600,
,,,00.000000026200,  -0.16000,
,,,00.000000026400,  -0.15200,
,,,00.000000026600,  -0.13600,
,,,00.000000026800,  -0.12800,
,,,00.000000027000,  -0.11200,
,,,00.000000027200,  -0.10400,
,,,00.000000027400,  -0.10400,
,,,00.000000027600,  -0.09600,
,,,00.000000027800,  -0.08800,
,,,00.000000028000,  -0.08800,
,,,00.000000028200,  -0.08000,
,,,00.000000028400,  -0.08000,
,,,00.000000028600,  -0.07200,
,,,00.000000028800,  -0.07200,
,,,00.000000029000,  -0.07200,
,,,00.000000029200,  -0.06400,
,,,00.000000029400,  -0.06400,
,,,00.000000029600,  -0.07200,
,,,00.000000029800,  -0.07200,
,,,00.000000030000,  -0.07200,
,,,00.000000030200,  -0.07200,
,,,00.000000030400,  -0.07200,
,,,00.000000030600,  -0.07200,
,,,00.000000030800,  -0.07200,
,,,00.000000031000,  -0.07200,
,,,00.000000031200,  -0.07200,
,,,00.000000031400,  -0.08000,
,,,00.000000031600,  -0.08000,
,,,00.000000031800,  -0.08000,
,,,00.000000032000,  -0.08800,
,,,00.000000032200,  -0.08800,
,,,00.000000032400,  -0.09600,
,,,00.000000032600,  -0.09600,
,,,00.000000032800,  -0.10400,
,,,00.000000033000,  -0.10400,
,,,00.000000033200,  -0.10400,
,,,00.000000033400,  -0.11200,
,,,00.000000033600,  -0.11200,
,,,00.000000033800,  -0.11200,
,,,00.000000034000,  -0.11200,
,,,00.000000034200,  -0.11200,
,,,00.000000034400,  -0.12000,
,,,00.000000034600,  -0.12000,
,,,00.000000034800,  -0.12000,
,,,00.000000035000,  -0.12000,
,,,00.000000035200,  -0.12000,
,,,00.000000035400,  -0.12000,
,,,00.000000035600,  -0.12000,
,,,00.000000035800,  -0.12000,
,,,00.000000036000,  -0.12000,
,,,00.000000036200,  -0.11200,
,,,00.000000036400,  -0.11200,
,,,00.000000036600,  -0.11200,
,,,00.000000036800,  -0.11200,
,,,00.000000037000,  -0.11200,
,,,00.000000037200,  -0.11200,
,,,00.000000037400,  -0.11200,
,,,00.000000037600,  -0.11200,
,,,00.000000037800,  -0.11200,
,,,00.000000038000,  -0.11200,
,,,00.000000038200,  -0.10400,
,,,00.000000038400,  -0.10400,
,,,00.000000038600,  -0.10400,
,,,00.000000038800,  -0.09600,
,,,00.000000039000,  -0.09600,
,,,00.000000039200,  -0.08800,
,,,00.000000039400,  -0.08800,
,,,00.000000039600,  -0.08800,
,,,00.000000039800,  -0.08800,
,,,00.000000040000,  -0.08800,
,,,00.000000040200,  -0.08000,
,,,00.000000040400,  -0.08000,
,,,00.000000040600,  -0.08000,
,,,00.000000040800,  -0.08000,
,,,00.000000041000,  -0.08000,
,,,00.000000041200,  -0.07200,
,,,00.000000041400,  -0.07200,
,,,00.000000041600,  -0.07200,
,,,00.000000041800,  -0.07200,
,,,00.000000042000,  -0.07200,
,,,00.000000042200,  -0.06400,
,,,00.000000042400,  -0.06400,
,,,00.000000042600,  -0.06400,
,,,00.000000042800,  -0.06400,
,,,00.000000043000,  -0.06400,
,,,00.000000043200,  -0.05600,
,,,00.000000043400,  -0.05600,
,,,00.000000043600,  -0.05600,
,,,00.000000043800,  -0.05600,
,,,00.000000044000,  -0.05600,
,,,00.000000044200,  -0.05600,
,,,00.000000044400,  -0.06400,
,,,00.000000044600,  -0.06400,
,,,00.000000044800,  -0.06400,
,,,00.000000045000,  -0.06400,
,,,00.000000045200,  -0.06400,
,,,00.000000045400,  -0.06400,
,,,00.000000045600,  -0.06400,
,,,00.000000045800,  -0.06400,
,,,00.000000046000,  -0.06400,
,,,00.000000046200,  -0.05600,
,,,00.000000046400,  -0.05600,
,,,00.000000046600,  -0.05600,
,,,00.000000046800,  -0.05600,
,,,00.000000047000,  -0.05600,
,,,00.000000047200,  -0.05600,
,,,00.000000047400,  -0.05600,
,,,00.000000047600,  -0.05600,
,,,00.000000047800,  -0.05600,
,,,00.000000048000,  -0.05600,
,,,00.000000048200,  -0.05600,
,,,00.000000048400,  -0.05600,
,,,00.000000048600,  -0.05600,
,,,00.000000048800,  -0.05600,
,,,00.000000049000,  -0.05600,
,,,00.000000049200,  -0.05600,
,,,00.000000049400,  -0.05600,
,,,00.000000049600,  -0.05600,
,,,00.000000049800,  -0.05600,
,,,00.000000050000,  -0.05600,
,,,00.000000050200,  -0.04800,
,,,00.000000050400,  -0.04800,
,,,00.000000050600,  -0.04800,
,,,00.000000050800,  -0.04800,
,,,00.000000051000,  -0.04800,
,,,00.000000051200,  -0.04800,
,,,00.000000051400,  -0.04800,
,,,00.000000051600,  -0.04800,
,,,00.000000051800,  -0.04800,
,,,00.000000052000,  -0.04800,
,,,00.000000052200,  -0.04800,
,,,00.000000052400,  -0.04800,
,,,00.000000052600,  -0.04800,
,,,00.000000052800,  -0.04800,
,,,00.000000053000,  -0.04800,
,,,00.000000053200,  -0.04800,
,,,00.000000053400,  -0.04800,
,,,00.000000053600,  -0.04800,
,,,00.000000053800,  -0.04800,
,,,00.000000054000,  -0.04800,
,,,00.000000054200,  -0.04000,
,,,00.000000054400,  -0.04000,
,,,00.000000054600,  -0.04000,
,,,00.000000054800,  -0.04000,
,,,00.000000055000,  -0.04000,
,,,00.000000055200,  -0.03200,
,,,00.000000055400,  -0.03200,
,,,00.000000055600,  -0.03200,
,,,00.000000055800,  -0.03200,
,,,00.000000056000,  -0.03200,
,,,00.000000056200,  -0.03200,
,,,00.000000056400,  -0.03200,
,,,00.000000056600,  -0.03200,
,,,00.000000056800,  -0.03200,
,,,00.000000057000,  -0.03200,
,,,00.000000057200,  -0.03200,
,,,00.000000057400,  -0.03200,
,,,00.000000057600,  -0.03200,
,,,00.000000057800,  -0.03200,
,,,00.000000058000,  -0.03200,
,,,00.000000058200,  -0.03200,
,,,00.000000058400,  -0.03200,
,,,00.000000058600,  -0.03200,
,,,00.000000058800,  -0.03200,
,,,00.000000059000,  -0.03200,
,,,00.000000059200,  -0.03200,
,,,00.000000059400,  -0.03200,
,,,00.000000059600,  -0.03200,
,,,00.000000059800,  -0.03200,
,,,00.000000060000,  -0.03200,
,,,00.000000060200,  -0.02400,
,,,00.000000060400,  -0.02400,
,,,00.000000060600,  -0.02400,
,,,00.000000060800,  -0.02400,
,,,00.000000061000,  -0.02400,
,,,00.000000061200,  -0.02400,
,,,00.000000061400,  -0.02400,
,,,00.000000061600,  -0.02400,
,,,00.000000061800,  -0.02400,
,,,00.000000062000,  -0.02400,
,,,00.000000062200,  -0.02400,
,,,00.000000062400,  -0.03200,
,,,00.000000062600,  -0.03200,
,,,00.000000062800,  -0.03200,
,,,00.000000063000,  -0.03200,
,,,00.000000063200,  -0.03200,
,,,00.000000063400,  -0.03200,
,,,00.000000063600,  -0.04000,
,,,00.000000063800,  -0.04000,
,,,00.000000064000,  -0.03200,
,,,00.000000064200,  -0.03200,
,,,00.000000064400,  -0.03200,
,,,00.000000064600,  -0.03200,
,,,00.000000064800,  -0.03200,
,,,00.000000065000,  -0.03200,
,,,00.000000065200,  -0.02400,
,,,00.000000065400,  -0.03200,
,,,00.000000065600,  -0.03200,
,,,00.000000065800,  -0.03200,
,,,00.000000066000,  -0.03200,
,,,00.000000066200,  -0.03200,
,,,00.000000066400,  -0.03200,
,,,00.000000066600,  -0.03200,
,,,00.000000066800,  -0.03200,
,,,00.000000067000,  -0.03200,
,,,00.000000067200,  -0.03200,
,,,00.000000067400,  -0.03200,
,,,00.000000067600,  -0.03200,
,,,00.000000067800,  -0.03200,
,,,00.000000068000,  -0.03200,
,,,00.000000068200,  -0.03200,
,,,00.000000068400,  -0.03200,
,,,00.000000068600,  -0.03200,
,,,00.000000068800,  -0.03200,
,,,00.000000069000,  -0.03200,
,,,00.000000069200,  -0.02400,
,,,00.000000069400,  -0.03200,
,,,00.000000069600,  -0.03200,
,,,00.000000069800,  -0.03200,
,,,00.000000070000,  -0.03200,
,,,00.000000070200,  -0.03200,
,,,00.000000070400,  -0.03200,
,,,00.000000070600,  -0.04000,
,,,00.000000070800,  -0.04000,
,,,00.000000071000,  -0.03200,
,,,00.000000071200,  -0.03200,
,,,00.000000071400,  -0.03200,
,,,00.000000071600,  -0.03200,
,,,00.000000071800,  -0.03200,
,,,00.000000072000,  -0.03200,
,,,00.000000072200,  -0.02400,
,,,00.000000072400,  -0.03200,
,,,00.000000072600,  -0.03200,
,,,00.000000072800,  -0.03200,
,,,00.000000073000,  -0.03200,
,,,00.000000073200,  -0.03200,
,,,00.000000073400,  -0.03200,
,,,00.000000073600,  -0.03200,
,,,00.000000073800,  -0.03200,
,,,00.000000074000,  -0.03200,
,,,00.000000074200,  -0.02400,
,,,00.000000074400,  -0.02400,
,,,00.000000074600,  -0.02400,
,,,00.000000074800,  -0.02400,
,,,00.000000075000,  -0.02400,
,,,00.000000075200,  -0.02400,
,,,00.000000075400,  -0.03200,
,,,00.000000075600,  -0.03200,
,,,00.000000075800,  -0.03200,
,,,00.000000076000,  -0.03200,
,,,00.000000076200,  -0.03200,
,,,00.000000076400,  -0.03200,
,,,00.000000076600,  -0.03200,
,,,00.000000076800,  -0.03200,
,,,00.000000077000,  -0.03200,
,,,00.000000077200,  -0.03200,
,,,00.000000077400,  -0.03200,
,,,00.000000077600,  -0.03200,
,,,00.000000077800,  -0.03200,
,,,00.000000078000,  -0.03200,
,,,00.000000078200,  -0.03200,
,,,00.000000078400,  -0.03200,
,,,00.000000078600,  -0.03200,
,,,00.000000078800,  -0.03200,
,,,00.000000079000,  -0.03200,
,,,00.000000079200,  -0.02400,
,,,00.000000079400,  -0.02400,
,,,00.000000079600,  -0.02400,
,,,00.000000079800,  -0.02400,
,,,00.000000080000,  -0.02400,
,,,00.000000080200,  -0.01600,
,,,00.000000080400,  -0.01600,
,,,00.000000080600,  -0.01600,
,,,00.000000080800,  -0.01600,
,,,00.000000081000,  -0.01600,
,,,00.000000081200,  -0.01600,
,,,00.000000081400,  -0.02400,
,,,00.000000081600,  -0.02400,
,,,00.000000081800,  -0.03200,
,,,00.000000082000,  -0.03200,
,,,00.000000082200,  -0.03200,
,,,00.000000082400,  -0.03200,
,,,00.000000082600,  -0.03200,
,,,00.000000082800,  -0.03200,
,,,00.000000083000,  -0.03200,
,,,00.000000083200,  -0.02400,
,,,00.000000083400,  -0.03200,
,,,00.000000083600,  -0.03200,
,,,00.000000083800,  -0.03200,
,,,00.000000084000,  -0.03200,
,,,00.000000084200,  -0.03200,
,,,00.000000084400,  -0.04000,
,,,00.000000084600,  -0.04000,
,,,00.000000084800,  -0.04000,
,,,00.000000085000,  -0.04000,
,,,00.000000085200,  -0.03200,
,,,00.000000085400,  -0.03200,
,,,00.000000085600,  -0.03200,
,,,00.000000085800,  -0.02400,
,,,00.000000086000,  -0.02400,
,,,00.000000086200,  -0.01600,
,,,00.000000086400,  -0.01600,
,,,00.000000086600,  -0.02400,
,,,00.000000086800,  -0.02400,
,,,00.000000087000,  -0.02400,
,,,00.000000087200,  -0.02400,
,,,00.000000087400,  -0.02400,
,,,00.000000087600,  -0.02400,
,,,00.000000087800,  -0.02400,
,,,00.000000088000,  -0.02400,
,,,00.000000088200,  -0.02400,
,,,00.000000088400,  -0.03200,
,,,00.000000088600,  -0.03200,
,,,00.000000088800,  -0.03200,
,,,00.000000089000,  -0.03200,
,,,00.000000089200,  -0.03200,
,,,00.000000089400,  -0.03200,
,,,00.000000089600,  -0.04000,
,,,00.000000089800,  -0.04000,
,,,00.000000090000,  -0.03200,
,,,00.000000090200,  -0.03200,
,,,00.000000090400,  -0.03200,
,,,00.000000090600,  -0.03200,
,,,00.000000090800,  -0.03200,
,,,00.000000091000,  -0.03200,
,,,00.000000091200,  -0.02400,
,,,00.000000091400,  -0.02400,
,,,00.000000091600,  -0.02400,
,,,00.000000091800,  -0.02400,
,,,00.000000092000,  -0.02400,
,,,00.000000092200,  -0.02400,
,,,00.000000092400,  -0.03200,
,,,00.000000092600,  -0.03200,
,,,00.000000092800,  -0.03200,
,,,00.000000093000,  -0.03200,
,,,00.000000093200,  -0.03200,
,,,00.000000093400,  -0.03200,
,,,00.000000093600,  -0.04000,
,,,00.000000093800,  -0.04000,
,,,00.000000094000,  -0.03200,
,,,00.000000094200,  -0.03200,
,,,00.000000094400,  -0.03200,
,,,00.000000094600,  -0.03200,
,,,00.000000094800,  -0.03200,
,,,00.000000095000,  -0.03200,
,,,00.000000095200,  -0.02400,
,,,00.000000095400,  -0.03200,
,,,00.000000095600,  -0.03200,
,,,00.000000095800,  -0.03200,
,,,00.000000096000,  -0.03200,
,,,00.000000096200,  -0.03200,
,,,00.000000096400,  -0.04000,
,,,00.000000096600,  -0.04000,
,,,00.000000096800,  -0.04000,
,,,00.000000097000,  -0.04000,
,,,00.000000097200,  -0.03200,
,,,00.000000097400,  -0.03200,
,,,00.000000097600,  -0.03200,
,,,00.000000097800,  -0.02400,
,,,00.000000098000,  -0.02400,
,,,00.000000098200,  -0.01600,
,,,00.000000098400,  -0.01600,
,,,00.000000098600,  -0.01600,
,,,00.000000098800,  -0.01600,
,,,00.000000099000,  -0.01600,
,,,00.000000099200,  -0.01600,
,,,00.000000099400,  -0.02400,
,,,00.000000099600,  -0.02400,
,,,00.000000099800,  -0.02400,
,,,00.000000100000,  -0.02400,
,,,00.000000100200,  -0.02400,
,,,00.000000100400,  -0.02400,
,,,00.000000100600,  -0.02400,
,,,00.000000100800,  -0.02400,
,,,00.000000101000,  -0.02400,
,,,00.000000101200,  -0.01600,
,,,00.000000101400,  -0.01600,
,,,00.000000101600,  -0.01600,
,,,00.000000101800,  -0.01600,
,,,00.000000102000,  -0.01600,
,,,00.000000102200,  -0.01600,
,,,00.000000102400,  -0.01600,
,,,00.000000102600,  -0.01600,
,,,00.000000102800,  -0.01600,
,,,00.000000103000,  -0.01600,
,,,00.000000103200,  -0.01600,
,,,00.000000103400,  -0.01600,
,,,00.000000103600,  -0.01600,
,,,00.000000103800,  -0.01600,
,,,00.000000104000,  -0.01600,
,,,00.000000104200,  -0.01600,
,,,00.000000104400,  -0.01600,
,,,00.000000104600,  -0.02400,
,,,00.000000104800,  -0.02400,
,,,00.000000105000,  -0.01600,
,,,00.000000105200,  -0.01600,
,,,00.000000105400,  -0.01600,
,,,00.000000105600,  -0.01600,
,,,00.000000105800,  -0.00800,
,,,00.000000106000,  -0.00800,
,,,00.000000106200,   0.00000,
,,,00.000000106400,   0.00000,
,,,00.000000106600,   0.00000,
,,,00.000000106800,   0.00000,
,,,00.000000107000,   0.00000,
,,,00.000000107200,   0.00000,
,,,00.000000107400,  -0.00800,
,,,00.000000107600,  -0.00800,
,,,00.000000107800,  -0.00800,
,,,00.000000108000,  -0.00800,
,,,00.000000108200,  -0.00800,
,,,00.000000108400,  -0.00800,
,,,00.000000108600,  -0.00800,
,,,00.000000108800,  -0.00800,
,,,00.000000109000,  -0.00800,
,,,00.000000109200,  -0.00800,
,,,00.000000109400,  -0.00800,
,,,00.000000109600,  -0.00800,
,,,00.000000109800,  -0.00800,
,,,00.000000110000,  -0.00800,
,,,00.000000110200,  -0.00800,
,,,00.000000110400,  -0.00800,
,,,00.000000110600,  -0.00800,
,,,00.000000110800,  -0.00800,
,,,00.000000111000,  -0.00800,
,,,00.000000111200,  -0.00800,
,,,00.000000111400,  -0.01600,
,,,00.000000111600,  -0.01600,
,,,00.000000111800,  -0.01600,
,,,00.000000112000,  -0.01600,
,,,00.000000112200,  -0.01600,
,,,00.000000112400,  -0.01600,
,,,00.000000112600,  -0.01600,
,,,00.000000112800,  -0.01600,
,,,00.000000113000,  -0.01600,
,,,00.000000113200,  -0.01600,
,,,00.000000113400,  -0.01600,
,,,00.000000113600,  -0.01600,
,,,00.000000113800,  -0.01600,
,,,00.000000114000,  -0.01600,
,,,00.000000114200,  -0.01600,
,,,00.000000114400,  -0.01600,
,,,00.000000114600,  -0.01600,
,,,00.000000114800,  -0.01600,
,,,00.000000115000,  -0.01600,
,,,00.000000115200,  -0.01600,
,,,00.000000115400,  -0.01600,
,,,00.000000115600,  -0.02400,
,,,00.000000115800,  -0.02400,
,,,00.000000116000,  -0.01600,
,,,00.000000116200,  -0.01600,
,,,00.000000116400,  -0.01600,
,,,00.000000116600,  -0.01600,
,,,00.000000116800,  -0.00800,
,,,00.000000117000,  -0.00800,
,,,00.000000117200,   0.00000,
,,,00.000000117400,   0.00000,
,,,00.000000117600,   0.00000,
,,,00.000000117800,   0.00000,
,,,00.000000118000,   0.00000,
,,,00.000000118200,   0.00000,
,,,00.000000118400,  -0.00800,
,,,00.000000118600,  -0.00800,
,,,00.000000118800,  -0.00800,
,,,00.000000119000,  -0.00800,
,,,00.000000119200,  -0.00800,
,,,00.000000119400,  -0.00800,
,,,00.000000119600,  -0.00800,
,,,00.000000119800,  -0.00800,
,,,00.000000120000,  -0.00800,
,,,00.000000120200,  -0.00800,
,,,00.000000120400,  -0.00800,
,,,00.000000120600,  -0.00800,
,,,00.000000120800,  -0.00800,
,,,00.000000121000,  -0.00800,
,,,00.000000121200,  -0.00800,
,,,00.000000121400,  -0.00800,
,,,00.000000121600,  -0.00800,
,,,00.000000121800,  -0.00800,
,,,00.000000122000,  -0.00800,
,,,00.000000122200,   0.00000,
,,,00.000000122400,   0.00000,
,,,00.000000122600,   0.00000,
,,,00.000000122800,   0.00000,
,,,00.000000123000,   0.00000,
,,,00.000000123200,   0.00000,
,,,00.000000123400,  -0.00800,
,,,00.000000123600,  -0.00800,
,,,00.000000123800,  -0.00800,
,,,00.000000124000,  -0.00800,
,,,00.000000124200,  -0.00800,
,,,00.000000124400,  -0.00800,
,,,00.000000124600,  -0.00800,
,,,00.000000124800,  -0.00800,
,,,00.000000125000,  -0.00800,
,,,00.000000125200,   0.00000,
,,,00.000000125400,  -0.00800,
,,,00.000000125600,  -0.00800,
,,,00.000000125800,  -0.00800,
,,,00.000000126000,  -0.00800,
,,,00.000000126200,  -0.00800,
,,,00.000000126400,  -0.00800,
,,,00.000000126600,  -0.00800,
,,,00.000000126800,  -0.00800,
,,,00.000000127000,  -0.00800,
,,,00.000000127200,  -0.00800,
,,,00.000000127400,  -0.00800,
,,,00.000000127600,  -0.00800,
,,,00.000000127800,  -0.00800,
,,,00.000000128000,  -0.00800,
,,,00.000000128200,  -0.00800,
,,,00.000000128400,  -0.00800,
,,,00.000000128600,  -0.00800,
,,,00.000000128800,  -0.00800,
,,,00.000000129000,  -0.00800,
,,,00.000000129200,   0.00000,
,,,00.000000129400,  -0.00800,
,,,00.000000129600,  -0.00800,
,,,00.000000129800,  -0.00800,
,,,00.000000130000,  -0.00800,
,,,00.000000130200,  -0.00800,
,,,00.000000130400,  -0.00800,
,,,00.000000130600,  -0.00800,
,,,00.000000130800,  -0.00800,
,,,00.000000131000,  -0.00800,
,,,00.000000131200,  -0.00800,
,,,00.000000131400,  -0.00800,
,,,00.000000131600,  -0.00800,
,,,00.000000131800,  -0.00800,
,,,00.000000132000,  -0.00800,
,,,00.000000132200,  -0.00800,
,,,00.000000132400,  -0.00800,
,,,00.000000132600,  -0.00800,
,,,00.000000132800,  -0.00800,
,,,00.000000133000,  -0.00800,
,,,00.000000133200,   0.00000,
,,,00.000000133400,  -0.00800,
,,,00.000000133600,  -0.00800,
,,,00.000000133800,  -0.00800,
,,,00.000000134000,  -0.00800,
,,,00.000000134200,  -0.00800,
,,,00.000000134400,  -0.00800,
,,,00.000000134600,  -0.00800,
,,,00.000000134800,  -0.00800,
,,,00.000000135000,  -0.00800,
,,,00.000000135200,   0.00000,
,,,00.000000135400,   0.00000,
,,,00.000000135600,   0.00000,
,,,00.000000135800,   0.00000,
,,,00.000000136000,   0.00000,
,,,00.000000136200,   0.00000,
,,,00.000000136400,   0.00000,
,,,00.000000136600,   0.00000,
,,,00.000000136800,   0.00000,
,,,00.000000137000,   0.00000,
,,,00.000000137200,   0.00000,
,,,00.000000137400,   0.00000,
,,,00.000000137600,   0.00000,
,,,00.000000137800,   0.00000,
,,,00.000000138000,   0.00000,
,,,00.000000138200,   0.00000,
,,,00.000000138400,  -0.00800,
,,,00.000000138600,  -0.00800,
,,,00.000000138800,  -0.00800,
,,,00.000000139000,  -0.00800,
,,,00.000000139200,  -0.00800,
,,,00.000000139400,  -0.00800,
,,,00.000000139600,  -0.00800,
,,,00.000000139800,  -0.00800,
,,,00.000000140000,  -0.00800,
,,,00.000000140200,  -0.00800,
,,,00.000000140400,  -0.00800,
,,,00.000000140600,  -0.00800,
,,,00.000000140800,  -0.00800,
,,,00.000000141000,  -0.00800,
,,,00.000000141200,  -0.00800,
,,,00.000000141400,  -0.00800,
,,,00.000000141600,  -0.00800,
,,,00.000000141800,  -0.00800,
,,,00.000000142000,  -0.00800,
,,,00.000000142200,  -0.00800,
,,,00.000000142400,  -0.00800,
,,,00.000000142600,  -0.00800,
,,,00.000000142800,  -0.00800,
,,,00.000000143000,  -0.00800,
,,,00.000000143200,  -0.00800,
,,,00.000000143400,  -0.00800,
,,,00.000000143600,  -0.00800,
,,,00.000000143800,  -0.00800,
,,,00.000000144000,  -0.00800,
,,,00.000000144200,  -0.00800,
,,,00.000000144400,  -0.00800,
,,,00.000000144600,  -0.00800,
,,,00.000000144800,  -0.00800,
,,,00.000000145000,  -0.00800,
,,,00.000000145200,  -0.00800,
,,,00.000000145400,  -0.00800,
,,,00.000000145600,  -0.00800,
,,,00.000000145800,  -0.00800,
,,,00.000000146000,  -0.00800,
,,,00.000000146200,   0.00000,
,,,00.000000146400,  -0.00800,
,,,00.000000146600,  -0.00800,
,,,00.000000146800,  -0.00800,
,,,00.000000147000,  -0.00800,
,,,00.000000147200,  -0.00800,
,,,00.000000147400,  -0.00800,
,,,00.000000147600,  -0.01600,
,,,00.000000147800,  -0.01600,
,,,00.000000148000,  -0.00800,
,,,00.000000148200,  -0.00800,
,,,00.000000148400,  -0.00800,
,,,00.000000148600,  -0.00800,
,,,00.000000148800,  -0.00800,
,,,00.000000149000,  -0.00800,
,,,00.000000149200,   0.00000,
,,,00.000000149400,  -0.00800,
,,,00.000000149600,  -0.00800,
,,,00.000000149800,  -0.00800,
,,,00.000000150000,  -0.00800,
,,,00.000000150200,  -0.00800,
,,,00.000000150400,  -0.00800,
,,,00.000000150600,  -0.00800,
,,,00.000000150800,  -0.00800,
,,,00.000000151000,  -0.00800,
,,,00.000000151200,   0.00000,
,,,00.000000151400,  -0.00800,
,,,00.000000151600,  -0.00800,
,,,00.000000151800,  -0.00800,
,,,00.000000152000,  -0.00800,
,,,00.000000152200,  -0.00800,
,,,00.000000152400,  -0.00800,
,,,00.000000152600,  -0.00800,
,,,00.000000152800,  -0.00800,
,,,00.000000153000,  -0.00800,
,,,00.000000153200,  -0.00800,
,,,00.000000153400,  -0.00800,
,,,00.000000153600,  -0.00800,
,,,00.000000153800,  -0.00800,
,,,00.000000154000,  -0.00800,
,,,00.000000154200,  -0.00800,
,,,00.000000154400,  -0.00800,
,,,00.000000154600,  -0.00800,
,,,00.000000154800,  -0.00800,
,,,00.000000155000,  -0.00800,
,,,00.000000155200,  -0.00800,
,,,00.000000155400,  -0.00800,
,,,00.000000155600,  -0.00800,
,,,00.000000155800,  -0.00800,
,,,00.000000156000,  -0.00800,
,,,00.000000156200,  -0.00800,
,,,00.000000156400,  -0.00800,
,,,00.000000156600,  -0.00800,
,,,00.000000156800,  -0.00800,
,,,00.000000157000,  -0.00800,
,,,00.000000157200,  -0.00800,
,,,00.000000157400,  -0.00800,
,,,00.000000157600,  -0.00800,
,,,00.000000157800,  -0.00800,
,,,00.000000158000,  -0.00800,
,,,00.000000158200,   0.00000,
,,,00.000000158400,   0.00000,
,,,00.000000158600,   0.00000,
,,,00.000000158800,   0.00000,
,,,00.000000159000,   0.00000,
,,,00.000000159200,   0.00000,
,,,00.000000159400,  -0.00800,
,,,00.000000159600,  -0.00800,
,,,00.000000159800,  -0.00800,
,,,00.000000160000,  -0.00800,
,,,00.000000160200,  -0.00800,
,,,00.000000160400,  -0.00800,
,,,00.000000160600,  -0.00800,
,,,00.000000160800,  -0.00800,
,,,00.000000161000,  -0.00800,
,,,00.000000161200,  -0.00800,
,,,00.000000161400,  -0.00800,
,,,00.000000161600,  -0.00800,
,,,00.000000161800,  -0.00800,
,,,00.000000162000,  -0.00800,
,,,00.000000162200,  -0.00800,
,,,00.000000162400,  -0.00800,
,,,00.000000162600,  -0.00800,
,,,00.000000162800,  -0.00800,
,,,00.000000163000,  -0.00800,
,,,00.000000163200,   0.00000,
,,,00.000000163400,   0.00000,
,,,00.000000163600,   0.00000,
,,,00.000000163800,   0.00000,
,,,00.000000164000,   0.00000,
,,,00.000000164200,   0.00000,
,,,00.000000164400,  -0.00800,
,,,00.000000164600,  -0.00800,
,,,00.000000164800,  -0.00800,
,,,00.000000165000,  -0.00800,
,,,00.000000165200,  -0.00800,
,,,00.000000165400,  -0.01600,
,,,00.000000165600,  -0.01600,
,,,00.000000165800,  -0.01600,
,,,00.000000166000,  -0.01600,
,,,00.000000166200,  -0.01600,
,,,00.000000166400,  -0.01600,
,,,00.000000166600,  -0.02400,
,,,00.000000166800,  -0.02400,
,,,00.000000167000,  -0.01600,
,,,00.000000167200,  -0.01600,
,,,00.000000167400,  -0.01600,
,,,00.000000167600,  -0.01600,
,,,00.000000167800,  -0.01600,
,,,00.000000168000,  -0.01600,
,,,00.000000168200,  -0.00800,
,,,00.000000168400,  -0.00800,
,,,00.000000168600,  -0.00800,
,,,00.000000168800,  -0.00800,
,,,00.000000169000,  -0.00800,
,,,00.000000169200,   0.00000,
,,,00.000000169400,   0.00000,
,,,00.000000169600,   0.00000,
,,,00.000000169800,   0.00000,
,,,00.000000170000,   0.00000,
,,,00.000000170200,   0.00000,
,,,00.000000170400,   0.00000,
,,,00.000000170600,   0.00000,
,,,00.000000170800,   0.00000,
,,,00.000000171000,   0.00000,
,,,00.000000171200,   0.00000,
,,,00.000000171400,   0.00000,
,,,00.000000171600,   0.00000,
,,,00.000000171800,   0.00000,
,,,00.000000172000,   0.00000,
,,,00.000000172200,   0.00000,
,,,00.000000172400,   0.00000,
,,,00.000000172600,   0.00000,
,,,00.000000172800,   0.00000,
,,,00.000000173000,   0.00000,
,,,00.000000173200,   0.00000,
,,,00.000000173400,   0.00000,
,,,00.000000173600,   0.00000,
,,,00.000000173800,   0.00000,
,,,00.000000174000,   0.00000,
,,,00.000000174200,   0.00000,
,,,00.000000174400,   0.00000,
,,,00.000000174600,   0.00000,
,,,00.000000174800,   0.00000,
,,,00.000000175000,   0.00000,
,,,00.000000175200,   0.00000,
,,,00.000000175400,   0.00000,
,,,00.000000175600,   0.00000,
,,,00.000000175800,   0.00000,
,,,00.000000176000,   0.00000,
,,,00.000000176200,   0.00000,
,,,00.000000176400,   0.00000,
,,,00.000000176600,   0.00000,
,,,00.000000176800,   0.00000,
,,,00.000000177000,   0.00000,
,,,00.000000177200,   0.00000,
,,,00.000000177400,   0.00000,
,,,00.000000177600,   0.00000,
,,,00.000000177800,   0.00000,
,,,00.000000178000,   0.00000,
,,,00.000000178200,   0.00000,
,,,00.000000178400,   0.00000,
,,,00.000000178600,   0.00000,
,,,00.000000178800,   0.00000,
,,,00.000000179000,   0.00000,
,,,00.000000179200,   0.00000,
,,,00.000000179400,   0.00000,
,,,00.000000179600,   0.00000,
,,,00.000000179800,   0.00000,
,,,00.000000180000,   0.00000,
,,,00.000000180200,   0.00000,
,,,00.000000180400,   0.00000,
,,,00.000000180600,   0.00000,
,,,00.000000180800,   0.00000,
,,,00.000000181000,   0.00000,
,,,00.000000181200,   0.00800,
,,,00.000000181400,   0.00000,
,,,00.000000181600,   0.00000,
,,,00.000000181800,   0.00000,
,,,00.000000182000,   0.00000,
,,,00.000000182200,   0.00000,
,,,00.000000182400,   0.00000,
,,,00.000000182600,   0.00000,
,,,00.000000182800,   0.00000,
,,,00.000000183000,   0.00000,
,,,00.000000183200,   0.00000,
,,,00.000000183400,   0.00000,
,,,00.000000183600,   0.00000,
,,,00.000000183800,   0.00000,
,,,00.000000184000,   0.00000,
,,,00.000000184200,   0.00000,
,,,00.000000184400,   0.00000,
,,,00.000000184600,   0.00000,
,,,00.000000184800,   0.00000,
,,,00.000000185000,   0.00000,
,,,00.000000185200,   0.00800,
,,,00.000000185400,   0.00000,
,,,00.000000185600,   0.00000,
,,,00.000000185800,   0.00000,
,,,00.000000186000,   0.00000,
,,,00.000000186200,   0.00000,
,,,00.000000186400,   0.00000,
,,,00.000000186600,   0.00000,
,,,00.000000186800,   0.00000,
,,,00.000000187000,   0.00000,
,,,00.000000187200,   0.00000,
,,,00.000000187400,   0.00000,
,,,00.000000187600,   0.00000,
,,,00.000000187800,   0.00000,
,,,00.000000188000,   0.00000,
,,,00.000000188200,   0.00000,
,,,00.000000188400,   0.00000,
,,,00.000000188600,   0.00000,
,,,00.000000188800,   0.00000,
,,,00.000000189000,   0.00000,
,,,00.000000189200,   0.00000,
,,,00.000000189400,   0.00000,
,,,00.000000189600,   0.00000,
,,,00.000000189800,   0.00000,
,,,00.000000190000,   0.00000,
,,,00.000000190200,   0.00000,
,,,00.000000190400,   0.00000,
,,,00.000000190600,   0.00000,
,,,00.000000190800,   0.00000,
,,,00.000000191000,   0.00000,
,,,00.000000191200,   0.00800,
,,,00.000000191400,   0.00000,
,,,00.000000191600,   0.00000,
,,,00.000000191800,   0.00000,
,,,00.000000192000,   0.00000,
,,,00.000000192200,   0.00000,
,,,00.000000192400,   0.00000,
,,,00.000000192600,   0.00000,
,,,00.000000192800,   0.00000,
,,,00.000000193000,   0.00000,
,,,00.000000193200,   0.00800,
,,,00.000000193400,   0.00800,
,,,00.000000193600,   0.00800,
,,,00.000000193800,   0.00800,
,,,00.000000194000,   0.00800,
,,,00.000000194200,   0.00800,
,,,00.000000194400,   0.00000,
,,,00.000000194600,   0.00000,
,,,00.000000194800,  -0.00800,
,,,00.000000195000,  -0.00800,
,,,00.000000195200,  -0.00800,
,,,00.000000195400,  -0.01600,
,,,00.000000195600,  -0.01600,
,,,00.000000195800,  -0.01600,
,,,00.000000196000,  -0.01600,
,,,00.000000196200,  -0.00800,
,,,00.000000196400,  -0.00800,
,,,00.000000196600,  -0.00800,
,,,00.000000196800,  -0.00800,
,,,00.000000197000,  -0.00800,
,,,00.000000197200,   0.00000,
,,,00.000000197400,   0.00000,
,,,00.000000197600,   0.00000,
,,,00.000000197800,   0.00000,
,,,00.000000198000,   0.00000,
,,,00.000000198200,   0.00000,
,,,00.000000198400,   0.00000,
,,,00.000000198600,   0.00000,
,,,00.000000198800,   0.00000,
,,,00.000000199000,   0.00000,
,,,00.000000199200,   0.00000,
,,,00.000000199400,   0.00000,
,,,00.000000199600,   0.00000,
,,,00.000000199800,   0.00000,
,,,00.000000200000,   0.00000,
,,,00.000000200200,   0.00000,
,,,00.000000200400,   0.00000,
,,,00.000000200600,   0.00000,
,,,00.000000200800,   0.00000,
,,,00.000000201000,   0.00000,
,,,00.000000201200,   0.00000,
,,,00.000000201400,   0.00000,
,,,00.000000201600,   0.00000,
,,,00.000000201800,   0.00000,
,,,00.000000202000,   0.00000,
,,,00.000000202200,   0.00000,
,,,00.000000202400,   0.00000,
,,,00.000000202600,   0.00000,
,,,00.000000202800,   0.00000,
,,,00.000000203000,   0.00000,
,,,00.000000203200,   0.00000,
,,,00.000000203400,   0.00000,
,,,00.000000203600,   0.00000,
,,,00.000000203800,   0.00000,
,,,00.000000204000,   0.00000,
,,,00.000000204200,   0.00000,
,,,00.000000204400,  -0.00800,
,,,00.000000204600,  -0.00800,
,,,00.000000204800,  -0.00800,
,,,00.000000205000,  -0.00800,
,,,00.000000205200,  -0.00800,
,,,00.000000205400,  -0.00800,
,,,00.000000205600,  -0.00800,
,,,00.000000205800,  -0.00800,
,,,00.000000206000,  -0.00800,
,,,00.000000206200,   0.00000,
,,,00.000000206400,   0.00000,
,,,00.000000206600,   0.00000,
,,,00.000000206800,   0.00000,
,,,00.000000207000,   0.00000,
,,,00.000000207200,   0.00000,
,,,00.000000207400,  -0.00800,
,,,00.000000207600,  -0.00800,
,,,00.000000207800,  -0.00800,
,,,00.000000208000,  -0.00800,
,,,00.000000208200,  -0.00800,
,,,00.000000208400,  -0.00800,
,,,00.000000208600,  -0.00800,
,,,00.000000208800,  -0.00800,
,,,00.000000209000,  -0.00800,
,,,00.000000209200,   0.00000,
,,,00.000000209400,   0.00000,
,,,00.000000209600,   0.00000,
,,,00.000000209800,   0.00000,
,,,00.000000210000,   0.00000,
,,,00.000000210200,   0.00000,
,,,00.000000210400,  -0.00800,
,,,00.000000210600,  -0.00800,
,,,00.000000210800,  -0.00800,
,,,00.000000211000,  -0.00800,
,,,00.000000211200,  -0.00800,
,,,00.000000211400,  -0.00800,
,,,00.000000211600,  -0.01600,
,,,00.000000211800,  -0.01600,
,,,00.000000212000,  -0.00800,
,,,00.000000212200,  -0.00800,
,,,00.000000212400,  -0.00800,
,,,00.000000212600,  -0.00800,
,,,00.000000212800,  -0.00800,
,,,00.000000213000,  -0.00800,
,,,00.000000213200,   0.00000,
,,,00.000000213400,   0.00000,
,,,00.000000213600,   0.00000,
,,,00.000000213800,   0.00000,
,,,00.000000214000,   0.00000,
,,,00.000000214200,   0.00000,
,,,00.000000214400,  -0.00800,
,,,00.000000214600,  -0.00800,
,,,00.000000214800,  -0.00800,
,,,00.000000215000,  -0.00800,
,,,00.000000215200,  -0.00800,
,,,00.000000215400,  -0.00800,
,,,00.000000215600,  -0.00800,
,,,00.000000215800,  -0.00800,
,,,00.000000216000,  -0.00800,
,,,00.000000216200,   0.00000,
,,,00.000000216400,  -0.00800,
,,,00.000000216600,  -0.00800,
,,,00.000000216800,  -0.00800,
,,,00.000000217000,  -0.00800,
,,,00.000000217200,  -0.00800,
,,,00.000000217400,  -0.00800,
,,,00.000000217600,  -0.01600,
,,,00.000000217800,  -0.01600,
,,,00.000000218000,  -0.00800,
,,,00.000000218200,  -0.00800,
,,,00.000000218400,  -0.00800,
,,,00.000000218600,  -0.00800,
,,,00.000000218800,  -0.00800,
,,,00.000000219000,  -0.00800,
,,,00.000000219200,   0.00000,
,,,00.000000219400,   0.00000,
,,,00.000000219600,   0.00000,
,,,00.000000219800,   0.00000,
,,,00.000000220000,   0.00000,
,,,00.000000220200,   0.00000,
,,,00.000000220400,   0.00000,
,,,00.000000220600,   0.00000,
,,,00.000000220800,   0.00000,
,,,00.000000221000,   0.00000,
,,,00.000000221200,   0.00000,
,,,00.000000221400,  -0.00800,
,,,00.000000221600,  -0.00800,
,,,00.000000221800,  -0.00800,
,,,00.000000222000,  -0.00800,
,,,00.000000222200,  -0.00800,
,,,00.000000222400,  -0.00800,
,,,00.000000222600,  -0.01600,
,,,00.000000222800,  -0.01600,
,,,00.000000223000,  -0.00800,
,,,00.000000223200,  -0.00800,
,,,00.000000223400,  -0.00800,
,,,00.000000223600,  -0.00800,
,,,00.000000223800,  -0.00800,
,,,00.000000224000,  -0.00800,
,,,00.000000224200,   0.00000,
,,,00.000000224400,   0.00000,
,,,00.000000224600,   0.00000,
,,,00.000000224800,   0.00000,
,,,00.000000225000,   0.00000,
,,,00.000000225200,   0.00000,
,,,00.000000225400,  -0.00800,
,,,00.000000225600,  -0.00800,
,,,00.000000225800,  -0.00800,
,,,00.000000226000,  -0.00800,
,,,00.000000226200,  -0.00800,
,,,00.000000226400,  -0.00800,
,,,00.000000226600,  -0.00800,
,,,00.000000226800,  -0.00800,
,,,00.000000227000,  -0.00800,
,,,00.000000227200,   0.00000,
,,,00.000000227400,  -0.00800,
,,,00.000000227600,  -0.00800,
,,,00.000000227800,  -0.00800,
,,,00.000000228000,  -0.00800,
,,,00.000000228200,  -0.00800,
,,,00.000000228400,  -0.00800,
,,,00.000000228600,  -0.00800,
,,,00.000000228800,  -0.00800,
,,,00.000000229000,  -0.00800,
,,,00.000000229200,   0.00000,
,,,00.000000229400,  -0.00800,
,,,00.000000229600,  -0.00800,
,,,00.000000229800,  -0.00800,
,,,00.000000230000,  -0.00800,
,,,00.000000230200,  -0.00800,
,,,00.000000230400,  -0.00800,
,,,00.000000230600,  -0.00800,
,,,00.000000230800,  -0.00800,
,,,00.000000231000,  -0.00800,
,,,00.000000231200,   0.00000,
,,,00.000000231400,   0.00000,
,,,00.000000231600,   0.00000,
,,,00.000000231800,   0.00000,
,,,00.000000232000,   0.00000,
,,,00.000000232200,   0.00000,
,,,00.000000232400,   0.00000,
,,,00.000000232600,   0.00000,
,,,00.000000232800,   0.00000,
,,,00.000000233000,   0.00000,
,,,00.000000233200,   0.00000,
,,,00.000000233400,   0.00000,
,,,00.000000233600,   0.00000,
,,,00.000000233800,   0.00000,
,,,00.000000234000,   0.00000,
,,,00.000000234200,   0.00000,
,,,00.000000234400,   0.00000,
,,,00.000000234600,   0.00000,
,,,00.000000234800,   0.00000,
,,,00.000000235000,   0.00000,
,,,00.000000235200,   0.00000,
,,,00.000000235400,   0.00000,
,,,00.000000235600,   0.00000,
,,,00.000000235800,   0.00000,
,,,00.000000236000,   0.00000,
,,,00.000000236200,   0.00000,
,,,00.000000236400,   0.00000,
,,,00.000000236600,   0.00000,
,,,00.000000236800,   0.00000,
,,,00.000000237000,   0.00000,
,,,00.000000237200,   0.00800,
,,,00.000000237400,   0.00000,
,,,00.000000237600,   0.00000,
,,,00.000000237800,   0.00000,
,,,00.000000238000,   0.00000,
,,,00.000000238200,   0.00000,
,,,00.000000238400,   0.00000,
,,,00.000000238600,   0.00000,
,,,00.000000238800,   0.00000,
,,,00.000000239000,   0.00000,
,,,00.000000239200,   0.00000,
,,,00.000000239400,   0.00000,
,,,00.000000239600,   0.00000,
,,,00.000000239800,   0.00000,
,,,00.000000240000,   0.00000,
,,,00.000000240200,   0.00000,
,,,00.000000240400,   0.00000,
,,,00.000000240600,   0.00000,
,,,00.000000240800,   0.00000,
,,,00.000000241000,   0.00000,
,,,00.000000241200,   0.00000,
,,,00.000000241400,   0.00000,
,,,00.000000241600,   0.00000,
,,,00.000000241800,   0.00000,
,,,00.000000242000,   0.00000,
,,,00.000000242200,   0.00000,
,,,00.000000242400,   0.00000,
,,,00.000000242600,   0.00000,
,,,00.000000242800,   0.00000,
,,,00.000000243000,   0.00000,
,,,00.000000243200,   0.00000,
,,,00.000000243400,   0.00000,
,,,00.000000243600,   0.00000,
,,,00.000000243800,   0.00000,
,,,00.000000244000,   0.00000,
,,,00.000000244200,   0.00800,
,,,00.000000244400,   0.00000,
,,,00.000000244600,   0.00000,
,,,00.000000244800,   0.00000,
,,,00.000000245000,   0.00000,
,,,00.000000245200,   0.00000,
,,,00.000000245400,   0.00000,
,,,00.000000245600,   0.00000,
,,,00.000000245800,   0.00000,
,,,00.000000246000,   0.00000,
,,,00.000000246200,   0.00000,
,,,00.000000246400,  -0.00800,
,,,00.000000246600,  -0.00800,
,,,00.000000246800,  -0.00800,
,,,00.000000247000,  -0.00800,
,,,00.000000247200,  -0.00800,
,,,00.000000247400,  -0.00800,
,,,00.000000247600,  -0.00800,
,,,00.000000247800,  -0.00800,
,,,00.000000248000,  -0.00800,
,,,00.000000248200,  -0.00800,
,,,00.000000248400,  -0.00800,
,,,00.000000248600,  -0.00800,
,,,00.000000248800,  -0.00800,
,,,00.000000249000,  -0.00800,
,,,00.000000249200,  -0.00800,
,,,00.000000249400,  -0.00800,
,,,00.000000249600,  -0.00800,
,,,00.000000249800,  -0.00800,
,,,00.000000250000,  -0.00800,
,,,00.000000250200,   0.00000,
,,,00.000000250400,   0.00000,
,,,00.000000250600,   0.00000,
,,,00.000000250800,   0.00000,
,,,00.000000251000,   0.00000,
,,,00.000000251200,   0.00000,
,,,00.000000251400,  -0.00800,
,,,00.000000251600,  -0.00800,
,,,00.000000251800,  -0.00800,
,,,00.000000252000,  -0.00800,
,,,00.000000252200,  -0.00800,
,,,00.000000252400,  -0.00800,
,,,00.000000252600,  -0.00800,
,,,00.000000252800,  -0.00800,
,,,00.000000253000,  -0.00800,
,,,00.000000253200,  -0.00800,
,,,00.000000253400,  -0.00800,
,,,00.000000253600,  -0.01600,
,,,00.000000253800,  -0.01600,
,,,00.000000254000,  -0.01600,
,,,00.000000254200,  -0.01600,
,,,00.000000254400,  -0.02400,
,,,00.000000254600,  -0.02400,
,,,00.000000254800,  -0.03200,
,,,00.000000255000,  -0.03200,
,,,00.000000255200,  -0.03200,
,,,00.000000255400,  -0.04000,
,,,00.000000255600,  -0.04000,
,,,00.000000255800,  -0.04000,
,,,00.000000256000,  -0.04000,
,,,00.000000256200,  -0.04000,
,,,00.000000256400,  -0.04800,
,,,00.000000256600,  -0.04800,
,,,00.000000256800,  -0.04800,
,,,00.000000257000,  -0.05600,
,,,00.000000257200,  -0.05600,
,,,00.000000257400,  -0.06400,
,,,00.000000257600,  -0.07200,
,,,00.000000257800,  -0.07200,
,,,00.000000258000,  -0.08000,
,,,00.000000258200,  -0.08800,
,,,00.000000258400,  -0.09600,
,,,00.000000258600,  -0.10400,
,,,00.000000258800,  -0.12000,
,,,00.000000259000,  -0.12800,
,,,00.000000259200,  -0.13600,
,,,00.000000259400,  -0.15200,
,,,00.000000259600,  -0.16000,
,,,00.000000259800,  -0.17600,
,,,00.000000260000,  -0.19200,
,,,00.000000260200,  -0.20000,
,,,00.000000260400,  -0.21600,
,,,00.000000260600,  -0.23200,
,,,00.000000260800,  -0.24800,
,,,00.000000261000,  -0.26400,
,,,00.000000261200,  -0.28000,
,,,00.000000261400,  -0.29600,
,,,00.000000261600,  -0.32000,
,,,00.000000261800,  -0.33600,
,,,00.000000262000,  -0.35200,
,,,00.000000262200,  -0.36000,
,,,00.000000262400,  -0.37600,
,,,00.000000262600,  -0.39200,
,,,00.000000262800,  -0.40800,
,,,00.000000263000,  -0.41600,
,,,00.000000263200,  -0.41600,
,,,00.000000263400,  -0.42400,
,,,00.000000263600,  -0.42400,
,,,00.000000263800,  -0.41600,
,,,00.000000264000,  -0.40800,
,,,00.000000264200,  -0.39200,
,,,00.000000264400,  -0.37600,
,,,00.000000264600,  -0.36000,
,,,00.000000264800,  -0.33600,
,,,00.000000265000,  -0.30400,
,,,00.000000265200,  -0.27200,
,,,00.000000265400,  -0.24000,
,,,00.000000265600,  -0.20000,
,,,00.000000265800,  -0.16000,
,,,00.000000266000,  -0.11200,
,,,00.000000266200,  -0.06400,
,,,00.000000266400,  -0.01600,
,,,00.000000266600,   0.03200,
,,,00.000000266800,   0.08800,
,,,00.000000267000,   0.14400,
,,,00.000000267200,   0.20000,
,,,00.000000267400,   0.24800,
,,,00.000000267600,   0.30400,
,,,00.000000267800,   0.35200,
,,,00.000000268000,   0.40000,
,,,00.000000268200,   0.44800,
,,,00.000000268400,   0.48800,
,,,00.000000268600,   0.53600,
,,,00.000000268800,   0.57600,
,,,00.000000269000,   0.60800,
,,,00.000000269200,   0.64800,
,,,00.000000269400,   0.68000,
,,,00.000000269600,   0.70400,
,,,00.000000269800,   0.72800,
,,,00.000000270000,   0.75200,
,,,00.000000270200,   0.77600,
,,,00.000000270400,   0.79200,
,,,00.000000270600,   0.80000,
,,,00.000000270800,   0.80800,
,,,00.000000271000,   0.81600,
,,,00.000000271200,   0.82400,
,,,00.000000271400,   0.82400,
,,,00.000000271600,   0.81600,
,,,00.000000271800,   0.81600,
,,,00.000000272000,   0.80800,
,,,00.000000272200,   0.80000,
,,,00.000000272400,   0.78400,
,,,00.000000272600,   0.76800,
,,,00.000000272800,   0.75200,
,,,00.000000273000,   0.73600,
,,,00.000000273200,   0.72000,
,,,00.000000273400,   0.69600,
,,,00.000000273600,   0.68000,
,,,00.000000273800,   0.65600,
,,,00.000000274000,   0.64000,
,,,00.000000274200,   0.62400,
,,,00.000000274400,   0.60800,
,,,00.000000274600,   0.59200,
,,,00.000000274800,   0.57600,
,,,00.000000275000,   0.56800,
,,,00.000000275200,   0.56000,
,,,00.000000275400,   0.54400,
,,,00.000000275600,   0.53600,
,,,00.000000275800,   0.53600,
,,,00.000000276000,   0.52800,
,,,00.000000276200,   0.52800,
,,,00.000000276400,   0.52000,
,,,00.000000276600,   0.52000,
,,,00.000000276800,   0.52800,
,,,00.000000277000,   0.52800,
,,,00.000000277200,   0.53600,
,,,00.000000277400,   0.53600,
,,,00.000000277600,   0.54400,
,,,00.000000277800,   0.56000,
,,,00.000000278000,   0.56800,
,,,00.000000278200,   0.58400,
,,,00.000000278400,   0.59200,
,,,00.000000278600,   0.60800,
,,,00.000000278800,   0.62400,
,,,00.000000279000,   0.64800,
,,,00.000000279200,   0.66400,
,,,00.000000279400,   0.68000,
,,,00.000000279600,   0.68800,
,,,00.000000279800,   0.70400,
,,,00.000000280000,   0.72000,
,,,00.000000280200,   0.73600,
,,,00.000000280400,   0.74400,
,,,00.000000280600,   0.76000,
,,,00.000000280800,   0.77600,
,,,00.000000281000,   0.78400,
,,,00.000000281200,   0.79200,
,,,00.000000281400,   0.79200,
,,,00.000000281600,   0.79200,
,,,00.000000281800,   0.79200,
,,,00.000000282000,   0.78400,
,,,00.000000282200,   0.77600,
,,,00.000000282400,   0.76000,
,,,00.000000282600,   0.73600,
,,,00.000000282800,   0.71200,
,,,00.000000283000,   0.68800,
,,,00.000000283200,   0.65600,
,,,00.000000283400,   0.61600,
,,,00.000000283600,   0.57600,
,,,00.000000283800,   0.53600,
,,,00.000000284000,   0.48800,
,,,00.000000284200,   0.44000,
,,,00.000000284400,   0.38400,
,,,00.000000284600,   0.33600,
,,,00.000000284800,   0.28000,
,,,00.000000285000,   0.23200,
,,,00.000000285200,   0.17600,
,,,00.000000285400,   0.11200,
,,,00.000000285600,   0.05600,
,,,00.000000285800,   0.00000,
,,,00.000000286000,  -0.05600,
,,,00.000000286200,  -0.10400,
,,,00.000000286400,  -0.16000,
,,,00.000000286600,  -0.20000,
,,,00.000000286800,  -0.24800,
,,,00.000000287000,  -0.28800,
,,,00.000000287200,  -0.32000,
,,,00.000000287400,  -0.36000,
,,,00.000000287600,  -0.39200,
,,,00.000000287800,  -0.41600,
,,,00.000000288000,  -0.44000,
,,,00.000000288200,  -0.45600,
,,,00.000000288400,  -0.48000,
,,,00.000000288600,  -0.48800,
,,,00.000000288800,  -0.49600,
,,,00.000000289000,  -0.50400,
,,,00.000000289200,  -0.50400,
,,,00.000000289400,  -0.50400,
,,,00.000000289600,  -0.50400,
,,,00.000000289800,  -0.49600,
,,,00.000000290000,  -0.48000,
,,,00.000000290200,  -0.46400,
,,,00.000000290400,  -0.44800,
,,,00.000000290600,  -0.43200,
,,,00.000000290800,  -0.41600,
,,,00.000000291000,  -0.39200,
,,,00.000000291200,  -0.36800,
,,,00.000000291400,  -0.35200,
,,,00.000000291600,  -0.33600,
,,,00.000000291800,  -0.31200,
,,,00.000000292000,  -0.29600,
,,,00.000000292200,  -0.27200,
,,,00.000000292400,  -0.25600,
,,,00.000000292600,  -0.23200,
,,,00.000000292800,  -0.21600,
,,,00.000000293000,  -0.20000,
,,,00.000000293200,  -0.17600,
,,,00.000000293400,  -0.16000,
,,,00.000000293600,  -0.15200,
,,,00.000000293800,  -0.13600,
,,,00.000000294000,  -0.12800,
,,,00.000000294200,  -0.11200,
,,,00.000000294400,  -0.10400,
,,,00.000000294600,  -0.09600,
,,,00.000000294800,  -0.09600,
,,,00.000000295000,  -0.08800,
,,,00.000000295200,  -0.08000,
,,,00.000000295400,  -0.08000,
,,,00.000000295600,  -0.08000,
,,,00.000000295800,  -0.08000,
,,,00.000000296000,  -0.07200,
,,,00.000000296200,  -0.07200,
,,,00.000000296400,  -0.07200,
,,,00.000000296600,  -0.07200,
,,,00.000000296800,  -0.07200,
,,,00.000000297000,  -0.07200,
,,,00.000000297200,  -0.07200,
,,,00.000000297400,  -0.07200,
,,,00.000000297600,  -0.08000,
,,,00.000000297800,  -0.08000,
,,,00.000000298000,  -0.08000,
,,,00.000000298200,  -0.08000,
,,,00.000000298400,  -0.08800,
,,,00.000000298600,  -0.08800,
,,,00.000000298800,  -0.09600,
,,,00.000000299000,  -0.09600,
,,,00.000000299200,  -0.09600,
,,,00.000000299400,  -0.09600,
,,,00.000000299600,  -0.09600,
,,,00.000000299800,  -0.09600,
,,,00.000000300000,  -0.09600,
,,,00.000000300200,  -0.09600,
,,,00.000000300400,  -0.10400,
,,,00.000000300600,  -0.10400,
,,,00.000000300800,  -0.10400,
,,,00.000000301000,  -0.10400,
,,,00.000000301200,  -0.10400,
,,,00.000000301400,  -0.10400,
,,,00.000000301600,  -0.10400,
,,,00.000000301800,  -0.10400,
,,,00.000000302000,  -0.10400,
,,,00.000000302200,  -0.10400,
,,,00.000000302400,  -0.10400,
,,,00.000000302600,  -0.10400,
,,,00.000000302800,  -0.10400,
,,,00.000000303000,  -0.10400,
,,,00.000000303200,  -0.10400,
,,,00.000000303400,  -0.11200,
,,,00.000000303600,  -0.11200,
,,,00.000000303800,  -0.11200,
,,,00.000000304000,  -0.11200,
,,,00.000000304200,  -0.11200,
,,,00.000000304400,  -0.11200,
,,,00.000000304600,  -0.11200,
,,,00.000000304800,  -0.11200,
,,,00.000000305000,  -0.11200,
,,,00.000000305200,  -0.10400,
,,,00.000000305400,  -0.10400,
,,,00.000000305600,  -0.10400,
,,,00.000000305800,  -0.09600,
,,,00.000000306000,  -0.09600,
,,,00.000000306200,  -0.08800,
,,,00.000000306400,  -0.08800,
,,,00.000000306600,  -0.08800,
,,,00.000000306800,  -0.08800,
,,,00.000000307000,  -0.08000,
,,,00.000000307200,  -0.08000,
,,,00.000000307400,  -0.08000,
,,,00.000000307600,  -0.08000,
,,,00.000000307800,  -0.08000,
,,,00.000000308000,  -0.08000,
,,,00.000000308200,  -0.08000,
,,,00.000000308400,  -0.08000,
,,,00.000000308600,  -0.08000,
,,,00.000000308800,  -0.08000,
,,,00.000000309000,  -0.08000,
,,,00.000000309200,  -0.07200,
,,,00.000000309400,  -0.07200,
,,,00.000000309600,  -0.07200,
,,,00.000000309800,  -0.07200,
,,,00.000000310000,  -0.07200,
,,,00.000000310200,  -0.06400,
,,,00.000000310400,  -0.06400,
,,,00.000000310600,  -0.06400,
,,,00.000000310800,  -0.06400,
,,,00.000000311000,  -0.05600,
,,,00.000000311200,  -0.05600,
,,,00.000000311400,  -0.06400,
,,,00.000000311600,  -0.06400,
,,,00.000000311800,  -0.06400,
,,,00.000000312000,  -0.06400,
,,,00.000000312200,  -0.06400,
,,,00.000000312400,  -0.06400,
,,,00.000000312600,  -0.07200,
,,,00.000000312800,  -0.07200,
,,,00.000000313000,  -0.06400,
,,,00.000000313200,  -0.06400,
,,,00.000000313400,  -0.06400,
,,,00.000000313600,  -0.06400,
,,,00.000000313800,  -0.06400,
,,,00.000000314000,  -0.06400,
,,,00.000000314200,  -0.05600,
,,,00.000000314400,  -0.05600,
,,,00.000000314600,  -0.05600,
,,,00.000000314800,  -0.05600,
,,,00.000000315000,  -0.05600,
,,,00.000000315200,  -0.05600,
,,,00.000000315400,  -0.05600,
,,,00.000000315600,  -0.05600,
,,,00.000000315800,  -0.05600,
,,,00.000000316000,  -0.05600,
,,,00.000000316200,  -0.05600,
,,,00.000000316400,  -0.05600,
,,,00.000000316600,  -0.05600,
,,,00.000000316800,  -0.05600,
,,,00.000000317000,  -0.05600,
,,,00.000000317200,  -0.04800,
,,,00.000000317400,  -0.04800,
,,,00.000000317600,  -0.04800,
,,,00.000000317800,  -0.04800,
,,,00.000000318000,  -0.04000,
,,,00.000000318200,  -0.04000,
,,,00.000000318400,  -0.04800,
,,,00.000000318600,  -0.04800,
,,,00.000000318800,  -0.04800,
,,,00.000000319000,  -0.04800,
,,,00.000000319200,  -0.04800,
,,,00.000000319400,  -0.04800,
,,,00.000000319600,  -0.04800,
,,,00.000000319800,  -0.04800,
,,,00.000000320000,  -0.04800,
,,,00.000000320200,  -0.04000,
,,,00.000000320400,  -0.04000,
,,,00.000000320600,  -0.04000,
,,,00.000000320800,  -0.04000,
,,,00.000000321000,  -0.04000,
,,,00.000000321200,  -0.04000,
,,,00.000000321400,  -0.04000,
,,,00.000000321600,  -0.04000,
,,,00.000000321800,  -0.04000,
,,,00.000000322000,  -0.04000,
,,,00.000000322200,  -0.04000,
,,,00.000000322400,  -0.04000,
,,,00.000000322600,  -0.04000,
,,,00.000000322800,  -0.04000,
,,,00.000000323000,  -0.04000,
,,,00.000000323200,  -0.04000,
,,,00.000000323400,  -0.04000,
,,,00.000000323600,  -0.04000,
,,,00.000000323800,  -0.04000,
,,,00.000000324000,  -0.04000,
,,,00.000000324200,  -0.03200,
,,,00.000000324400,  -0.03200,
,,,00.000000324600,  -0.03200,
,,,00.000000324800,  -0.03200,
,,,00.000000325000,  -0.03200,
,,,00.000000325200,  -0.03200,
,,,00.000000325400,  -0.03200,
,,,00.000000325600,  -0.03200,
,,,00.000000325800,  -0.03200,
,,,00.000000326000,  -0.03200,
,,,00.000000326200,  -0.03200,
,,,00.000000326400,  -0.03200,
,,,00.000000326600,  -0.03200,
,,,00.000000326800,  -0.03200,
,,,00.000000327000,  -0.03200,
,,,00.000000327200,  -0.02400,
,,,00.000000327400,  -0.03200,
,,,00.000000327600,  -0.03200,
,,,00.000000327800,  -0.03200,
,,,00.000000328000,  -0.03200,
,,,00.000000328200,  -0.03200,
,,,00.000000328400,  -0.03200,
,,,00.000000328600,  -0.03200,
,,,00.000000328800,  -0.03200,
,,,00.000000329000,  -0.03200,
,,,00.000000329200,  -0.02400,
,,,00.000000329400,  -0.02400,
,,,00.000000329600,  -0.02400,
,,,00.000000329800,  -0.02400,
,,,00.000000330000,  -0.02400,
,,,00.000000330200,  -0.02400,
,,,00.000000330400,  -0.02400,
,,,00.000000330600,  -0.02400,
,,,00.000000330800,  -0.02400,
,,,00.000000331000,  -0.02400,
,,,00.000000331200,  -0.02400,
,,,00.000000331400,  -0.02400,
,,,00.000000331600,  -0.02400,
,,,00.000000331800,  -0.02400,
,,,00.000000332000,  -0.02400,
,,,00.000000332200,  -0.02400,
,,,00.000000332400,  -0.02400,
,,,00.000000332600,  -0.02400,
,,,00.000000332800,  -0.02400,
,,,00.000000333000,  -0.02400,
,,,00.000000333200,  -0.02400,
,,,00.000000333400,  -0.03200,
,,,00.000000333600,  -0.03200,
,,,00.000000333800,  -0.03200,
,,,00.000000334000,  -0.03200,
,,,00.000000334200,  -0.03200,
,,,00.000000334400,  -0.04000,
,,,00.000000334600,  -0.04000,
,,,00.000000334800,  -0.04000,
,,,00.000000335000,  -0.04000,
,,,00.000000335200,  -0.04000,
,,,00.000000335400,  -0.04000,
,,,00.000000335600,  -0.04800,
,,,00.000000335800,  -0.04800,
,,,00.000000336000,  -0.04000,
,,,00.000000336200,  -0.04000,
,,,00.000000336400,  -0.04000,
,,,00.000000336600,  -0.04000,
,,,00.000000336800,  -0.04000,
,,,00.000000337000,  -0.04000,
,,,00.000000337200,  -0.03200,
,,,00.000000337400,  -0.03200,
,,,00.000000337600,  -0.03200,
,,,00.000000337800,  -0.03200,
,,,00.000000338000,  -0.03200,
,,,00.000000338200,  -0.02400,
,,,00.000000338400,  -0.02400,
,,,00.000000338600,  -0.02400,
,,,00.000000338800,  -0.02400,
,,,00.000000339000,  -0.02400,
,,,00.000000339200,  -0.02400,
,,,00.000000339400,  -0.02400,
,,,00.000000339600,  -0.02400,
,,,00.000000339800,  -0.02400,
,,,00.000000340000,  -0.02400,
,,,00.000000340200,  -0.02400,
,,,00.000000340400,  -0.02400,
,,,00.000000340600,  -0.02400,
,,,00.000000340800,  -0.02400,
,,,00.000000341000,  -0.02400,
,,,00.000000341200,  -0.02400,
,,,00.000000341400,  -0.03200,
,,,00.000000341600,  -0.03200,
,,,00.000000341800,  -0.03200,
,,,00.000000342000,  -0.03200,
,,,00.000000342200,  -0.03200,
,,,00.000000342400,  -0.03200,
,,,00.000000342600,  -0.03200,
,,,00.000000342800,  -0.03200,
,,,00.000000343000,  -0.03200,
,,,00.000000343200,  -0.03200,
,,,00.000000343400,  -0.03200,
,,,00.000000343600,  -0.03200,
,,,00.000000343800,  -0.03200,
,,,00.000000344000,  -0.03200,
,,,00.000000344200,  -0.03200,
,,,00.000000344400,  -0.03200,
,,,00.000000344600,  -0.03200,
,,,00.000000344800,  -0.03200,
,,,00.000000345000,  -0.03200,
,,,00.000000345200,  -0.03200,
,,,00.000000345400,  -0.03200,
,,,00.000000345600,  -0.03200,
,,,00.000000345800,  -0.03200,
,,,00.000000346000,  -0.03200,
,,,00.000000346200,  -0.03200,
,,,00.000000346400,  -0.04000,
,,,00.000000346600,  -0.04000,
,,,00.000000346800,  -0.04000,
,,,00.000000347000,  -0.04000,
,,,00.000000347200,  -0.04000,
,,,00.000000347400,  -0.04800,
,,,00.000000347600,  -0.04800,
,,,00.000000347800,  -0.04800,
,,,00.000000348000,  -0.04800,
,,,00.000000348200,  -0.04000,
,,,00.000000348400,  -0.04000,
,,,00.000000348600,  -0.04000,
,,,00.000000348800,  -0.03200,
,,,00.000000349000,  -0.03200,
,,,00.000000349200,  -0.02400,
,,,00.000000349400,  -0.02400,
,,,00.000000349600,  -0.03200,
,,,00.000000349800,  -0.03200,
,,,00.000000350000,  -0.03200,
,,,00.000000350200,  -0.03200,
,,,00.000000350400,  -0.03200,
,,,00.000000350600,  -0.03200,
,,,00.000000350800,  -0.03200,
,,,00.000000351000,  -0.03200,
,,,00.000000351200,  -0.02400,
,,,00.000000351400,  -0.02400,
,,,00.000000351600,  -0.02400,
,,,00.000000351800,  -0.02400,
,,,00.000000352000,  -0.02400,
,,,00.000000352200,  -0.02400,
,,,00.000000352400,  -0.02400,
,,,00.000000352600,  -0.02400,
,,,00.000000352800,  -0.02400,
,,,00.000000353000,  -0.02400,
,,,00.000000353200,  -0.02400,
,,,00.000000353400,  -0.03200,
,,,00.000000353600,  -0.03200,
,,,00.000000353800,  -0.03200,
,,,00.000000354000,  -0.03200,
,,,00.000000354200,  -0.03200,
,,,00.000000354400,  -0.03200,
,,,00.000000354600,  -0.04000,
,,,00.000000354800,  -0.04000,
,,,00.000000355000,  -0.03200,
,,,00.000000355200,  -0.03200,
,,,00.000000355400,  -0.03200,
,,,00.000000355600,  -0.03200,
,,,00.000000355800,  -0.03200,
,,,00.000000356000,  -0.03200,
,,,00.000000356200,  -0.02400,
,,,00.000000356400,  -0.02400,
,,,00.000000356600,  -0.02400,
,,,00.000000356800,  -0.02400,
,,,00.000000357000,  -0.02400,
,,,00.000000357200,  -0.02400,
,,,00.000000357400,  -0.03200,
,,,00.000000357600,  -0.03200,
,,,00.000000357800,  -0.03200,
,,,00.000000358000,  -0.03200,
,,,00.000000358200,  -0.03200,
,,,00.000000358400,  -0.03200,
,,,00.000000358600,  -0.03200,
,,,00.000000358800,  -0.03200,
,,,00.000000359000,  -0.03200,
,,,00.000000359200,  -0.03200,
,,,00.000000359400,  -0.03200,
,,,00.000000359600,  -0.03200,
,,,00.000000359800,  -0.03200,
,,,00.000000360000,  -0.03200,
,,,00.000000360200,  -0.03200,
,,,00.000000360400,  -0.03200,
,,,00.000000360600,  -0.03200,
,,,00.000000360800,  -0.03200,
,,,00.000000361000,  -0.03200,
,,,00.000000361200,  -0.02400,
,,,00.000000361400,  -0.02400,
,,,00.000000361600,  -0.02400,
,,,00.000000361800,  -0.02400,
,,,00.000000362000,  -0.02400,
,,,00.000000362200,  -0.02400,
,,,00.000000362400,  -0.02400,
,,,00.000000362600,  -0.02400,
,,,00.000000362800,  -0.02400,
,,,00.000000363000,  -0.02400,
,,,00.000000363200,  -0.01600,
,,,00.000000363400,  -0.01600,
,,,00.000000363600,  -0.01600,
,,,00.000000363800,  -0.01600,
,,,00.000000364000,  -0.01600,
,,,00.000000364200,  -0.01600,
,,,00.000000364400,  -0.02400,
,,,00.000000364600,  -0.02400,
,,,00.000000364800,  -0.02400,
,,,00.000000365000,  -0.02400,
,,,00.000000365200,  -0.02400,
,,,00.000000365400,  -0.02400,
,,,00.000000365600,  -0.02400,
,,,00.000000365800,  -0.02400,
,,,00.000000366000,  -0.02400,
,,,00.000000366200,  -0.01600,
,,,00.000000366400,  -0.02400,
,,,00.000000366600,  -0.02400,
,,,00.000000366800,  -0.02400,
,,,00.000000367000,  -0.02400,
,,,00.000000367200,  -0.02400,
,,,00.000000367400,  -0.02400,
,,,00.000000367600,  -0.02400,
,,,00.000000367800,  -0.02400,
,,,00.000000368000,  -0.02400,
,,,00.000000368200,  -0.01600,
,,,00.000000368400,  -0.01600,
,,,00.000000368600,  -0.01600,
,,,00.000000368800,  -0.01600,
,,,00.000000369000,  -0.01600,
,,,00.000000369200,  -0.00800,
,,,00.000000369400,  -0.00800,
,,,00.000000369600,  -0.00800,
,,,00.000000369800,  -0.00800,
,,,00.000000370000,  -0.00800,
,,,00.000000370200,  -0.00800,
,,,00.000000370400,  -0.01600,
,,,00.000000370600,  -0.01600,
,,,00.000000370800,  -0.01600,
,,,00.000000371000,  -0.01600,
,,,00.000000371200,  -0.01600,
,,,00.000000371400,  -0.01600,
,,,00.000000371600,  -0.01600,
,,,00.000000371800,  -0.01600,
,,,00.000000372000,  -0.01600,
,,,00.000000372200,  -0.00800,
,,,00.000000372400,  -0.00800,
,,,00.000000372600,  -0.00800,
,,,00.000000372800,  -0.00800,
,,,00.000000373000,  -0.00800,
,,,00.000000373200,  -0.00800,
,,,00.000000373400,  -0.01600,
,,,00.000000373600,  -0.01600,
,,,00.000000373800,  -0.01600,
,,,00.000000374000,  -0.01600,
,,,00.000000374200,  -0.01600,
,,,00.000000374400,  -0.02400,
,,,00.000000374600,  -0.02400,
,,,00.000000374800,  -0.02400,
,,,00.000000375000,  -0.02400,
,,,00.000000375200,  -0.01600,
,,,00.000000375400,  -0.01600,
,,,00.000000375600,  -0.01600,
,,,00.000000375800,  -0.00800,
,,,00.000000376000,  -0.00800,
,,,00.000000376200,   0.00000,
,,,00.000000376400,   0.00000,
,,,00.000000376600,  -0.00800,
,,,00.000000376800,  -0.00800,
,,,00.000000377000,  -0.00800,
,,,00.000000377200,  -0.00800,
,,,00.000000377400,  -0.00800,
,,,00.000000377600,  -0.00800,
,,,00.000000377800,  -0.00800,
,,,00.000000378000,  -0.00800,
,,,00.000000378200,   0.00000,
,,,00.000000378400,   0.00000,
,,,00.000000378600,   0.00000,
,,,00.000000378800,   0.00000,
,,,00.000000379000,   0.00000,
,,,00.000000379200,   0.00000,
,,,00.000000379400,   0.00000,
,,,00.000000379600,   0.00000,
,,,00.000000379800,   0.00000,
,,,00.000000380000,   0.00000,
,,,00.000000380200,   0.00000,
,,,00.000000380400,   0.00000,
,,,00.000000380600,   0.00000,
,,,00.000000380800,   0.00000,
,,,00.000000381000,   0.00000,
,,,00.000000381200,   0.00000,
,,,00.000000381400,  -0.00800,
,,,00.000000381600,  -0.00800,
,,,00.000000381800,  -0.00800,
,,,00.000000382000,  -0.00800,
,,,00.000000382200,  -0.00800,
,,,00.000000382400,  -0.00800,
,,,00.000000382600,  -0.00800,
,,,00.000000382800,  -0.00800,
,,,00.000000383000,  -0.00800,
,,,00.000000383200,  -0.00800,
,,,00.000000383400,  -0.00800,
,,,00.000000383600,  -0.00800,
,,,00.000000383800,  -0.00800,
,,,00.000000384000,  -0.00800,
,,,00.000000384200,  -0.00800,
,,,00.000000384400,  -0.01600,
,,,00.000000384600,  -0.01600,
,,,00.000000384800,  -0.01600,
,,,00.000000385000,  -0.01600,
,,,00.000000385200,  -0.01600,
,,,00.000000385400,  -0.01600,
,,,00.000000385600,  -0.01600,
,,,00.000000385800,  -0.01600,
,,,00.000000386000,  -0.01600,
,,,00.000000386200,  -0.00800,
,,,00.000000386400,  -0.00800,
,,,00.000000386600,  -0.00800,
,,,00.000000386800,  -0.00800,
,,,00.000000387000,  -0.00800,
,,,00.000000387200,  -0.00800,
,,,00.000000387400,  -0.00800,
,,,00.000000387600,  -0.00800,
,,,00.000000387800,  -0.00800,
,,,00.000000388000,  -0.00800,
,,,00.000000388200,  -0.00800,
,,,00.000000388400,  -0.00800,
,,,00.000000388600,  -0.00800,
,,,00.000000388800,  -0.00800,
,,,00.000000389000,  -0.00800,
,,,00.000000389200,   0.00000,
,,,00.000000389400,  -0.00800,
,,,00.000000389600,  -0.00800,
,,,00.000000389800,  -0.00800,
,,,00.000000390000,  -0.00800,
,,,00.000000390200,  -0.00800,
,,,00.000000390400,  -0.00800,
,,,00.000000390600,  -0.00800,
,,,00.000000390800,  -0.00800,
,,,00.000000391000,  -0.00800,
,,,00.000000391200,   0.00000,
,,,00.000000391400,   0.00000,
,,,00.000000391600,   0.00000,
,,,00.000000391800,   0.00000,
,,,00.000000392000,   0.00000,
,,,00.000000392200,   0.00000,
,,,00.000000392400,  -0.00800,
,,,00.000000392600,  -0.00800,
,,,00.000000392800,  -0.00800,
,,,00.000000393000,  -0.00800,
,,,00.000000393200,  -0.00800,
,,,00.000000393400,  -0.00800,
,,,00.000000393600,  -0.00800,
,,,00.000000393800,  -0.00800,
,,,00.000000394000,  -0.00800,
,,,00.000000394200,  -0.00800,
,,,00.000000394400,  -0.00800,
,,,00.000000394600,  -0.00800,
,,,00.000000394800,  -0.00800,
,,,00.000000395000,  -0.00800,
,,,00.000000395200,  -0.00800,
,,,00.000000395400,  -0.01600,
,,,00.000000395600,  -0.01600,
,,,00.000000395800,  -0.01600,
,,,00.000000396000,  -0.01600,
,,,00.000000396200,  -0.01600,
,,,00.000000396400,  -0.01600,
,,,00.000000396600,  -0.02400,
,,,00.000000396800,  -0.02400,
,,,00.000000397000,  -0.01600,
,,,00.000000397200,  -0.01600,
,,,00.000000397400,  -0.01600,
,,,00.000000397600,  -0.01600,
,,,00.000000397800,  -0.01600,
,,,00.000000398000,  -0.01600,
,,,00.000000398200,  -0.00800,
,,,00.000000398400,  -0.00800,
,,,00.000000398600,  -0.00800,
,,,00.000000398800,  -0.00800,
,,,00.000000399000,  -0.00800,
,,,00.000000399200,  -0.00800,
,,,00.000000399400,  -0.00800,
,,,00.000000399600,  -0.00800,
,,,00.000000399800,  -0.00800,
,,,00.000000400000,  -0.00800,
,,,00.000000400200,   0.00000,
,,,00.000000400400,   0.00000,
,,,00.000000400600,   0.00000,
,,,00.000000400800,   0.00000,
,,,00.000000401000,   0.00000,
,,,00.000000401200,   0.00000,
,,,00.000000401400,   0.00000,
,,,00.000000401600,   0.00000,
,,,00.000000401800,   0.00000,
