Record Length,2.500000e+03,,   0.000049500000,   0.02320,
Sample Interval,2.000000e-09,,   0.000049502000,   0.02320,
Trigger Point,-2.475000000000e+04,,   0.000049504000,   0.02320,
,,,   0.000049506000,   0.02320,
,,,   0.000049508000,   0.02320,
,,,   0.000049510000,   0.02240,
Source,CH1,,   0.000049512000,   0.02240,
Vertical Units,V,,   0.000049514000,   0.02240,
Vertical Scale,2.000000e-02,,   0.000049516000,   0.02240,
Vertical Offset,-1.600000e-02,,   0.000049518000,   0.02240,
Horizontal Units,s,,   0.000049520000,   0.02240,
Horizontal Scale,5.000000e-07,,   0.000049522000,   0.02240,
Pt Fmt,Y,,   0.000049524000,   0.02240,
Yzero,0.000000e+00,,   0.000049526000,   0.02160,
Probe Atten,1.000000e+01,,   0.000049528000,   0.02160,
Model Number,TBS1104,,   0.000049530000,   0.02160,
Serial Number,C014641,,   0.000049532000,   0.02080,
Firmware Version,FV:v26.05,,   0.000049534000,   0.02080,
,,,0.000049536000,   0.02080,
,,,0.000049538000,   0.02000,
,,,0.000049540000,   0.02000,
,,,0.000049542000,   0.02000,
,,,0.000049544000,   0.02000,
,,,0.000049546000,   0.02000,
,,,0.000049548000,   0.01920,
,,,0.000049550000,   0.01920,
,,,0.000049552000,   0.01920,
,,,0.000049554000,   0.01920,
,,,0.000049556000,   0.01920,
,,,0.000049558000,   0.01840,
,,,0.000049560000,   0.01840,
,,,0.000049562000,   0.01840,
,,,0.000049564000,   0.01760,
,,,0.000049566000,   0.01760,
,,,0.000049568000,   0.01760,
,,,0.000049570000,   0.01760,
,,,0.000049572000,   0.01760,
,,,0.000049574000,   0.01760,
,,,0.000049576000,   0.01680,
,,,0.000049578000,   0.01680,
,,,0.000049580000,   0.01600,
,,,0.000049582000,   0.01600,
,,,0.000049584000,   0.01600,
,,,0.000049586000,   0.01520,
,,,0.000049588000,   0.01520,
,,,0.000049590000,   0.01520,
,,,0.000049592000,   0.01520,
,,,0.000049594000,   0.01520,
,,,0.000049596000,   0.01440,
,,,0.000049598000,   0.01440,
,,,0.000049600000,   0.01440,
,,,0.000049602000,   0.01440,
,,,0.000049604000,   0.01360,
,,,0.000049606000,   0.01360,
,,,0.000049608000,   0.01360,
,,,0.000049610000,   0.01280,
,,,0.000049612000,   0.01280,
,,,0.000049614000,   0.01280,
,,,0.000049616000,   0.01200,
,,,0.000049618000,   0.01200,
,,,0.000049620000,   0.01200,
,,,0.000049622000,   0.01120,
,,,0.000049624000,   0.01120,
,,,0.000049626000,   0.01120,
,,,0.000049628000,   0.01120,
,,,0.000049630000,   0.01040,
,,,0.000049632000,   0.01040,
,,,0.000049634000,   0.01040,
,,,0.000049636000,   0.01040,
,,,0.000049638000,   0.00960,
,,,0.000049640000,   0.00960,
,,,0.000049642000,   0.00960,
,,,0.000049644000,   0.00960,
,,,0.000049646000,   0.00880,
,,,0.000049648000,   0.00880,
,,,0.000049650000,   0.00880,
,,,0.000049652000,   0.00800,
,,,0.000049654000,   0.00800,
,,,0.000049656000,   0.00800,
,,,0.000049658000,   0.00800,
,,,0.000049660000,   0.00720,
,,,0.000049662000,   0.00720,
,,,0.000049664000,   0.00720,
,,,0.000049666000,   0.00640,
,,,0.000049668000,   0.00640,
,,,0.000049670000,   0.00560,
,,,0.000049672000,   0.00560,
,,,0.000049674000,   0.00560,
,,,0.000049676000,   0.00560,
,,,0.000049678000,   0.00560,
,,,0.000049680000,   0.00480,
,,,0.000049682000,   0.00480,
,,,0.000049684000,   0.00400,
,,,0.000049686000,   0.00480,
,,,0.000049688000,   0.00400,
,,,0.000049690000,   0.00400,
,,,0.000049692000,   0.00400,
,,,0.000049694000,   0.00320,
,,,0.000049696000,   0.00320,
,,,0.000049698000,   0.00320,
,,,0.000049700000,   0.00240,
,,,0.000049702000,   0.00240,
,,,0.000049704000,   0.00240,
,,,0.000049706000,   0.00160,
,,,0.000049708000,   0.00160,
,,,0.000049710000,   0.00080,
,,,0.000049712000,   0.00080,
,,,0.000049714000,   0.00080,
,,,0.000049716000,   0.00000,
,,,0.000049718000,   0.00000,
,,,0.000049720000,   0.00000,
,,,0.000049722000,  -0.00080,
,,,0.000049724000,  -0.00080,
,,,0.000049726000,  -0.00080,
,,,0.000049728000,  -0.00080,
,,,0.000049730000,  -0.00160,
,,,0.000049732000,  -0.00080,
,,,0.000049734000,  -0.00160,
,,,0.000049736000,  -0.00160,
,,,0.000049738000,  -0.00160,
,,,0.000049740000,  -0.00160,
,,,0.000049742000,  -0.00240,
,,,0.000049744000,  -0.00240,
,,,0.000049746000,  -0.00240,
,,,0.000049748000,  -0.00320,
,,,0.000049750000,  -0.00320,
,,,0.000049752000,  -0.00400,
,,,0.000049754000,  -0.00400,
,,,0.000049756000,  -0.00400,
,,,0.000049758000,  -0.00480,
,,,0.000049760000,  -0.00480,
,,,0.000049762000,  -0.00480,
,,,0.000049764000,  -0.00480,
,,,0.000049766000,  -0.00560,
,,,0.000049768000,  -0.00560,
,,,0.000049770000,  -0.00560,
,,,0.000049772000,  -0.00560,
,,,0.000049774000,  -0.00640,
,,,0.000049776000,  -0.00640,
,,,0.000049778000,  -0.00720,
,,,0.000049780000,  -0.00720,
,,,0.000049782000,  -0.00720,
,,,0.000049784000,  -0.00720,
,,,0.000049786000,  -0.00720,
,,,0.000049788000,  -0.00800,
,,,0.000049790000,  -0.00800,
,,,0.000049792000,  -0.00880,
,,,0.000049794000,  -0.00880,
,,,0.000049796000,  -0.00880,
,,,0.000049798000,  -0.00880,
,,,0.000049800000,  -0.00880,
,,,0.000049802000,  -0.00880,
,,,0.000049804000,  -0.00960,
,,,0.000049806000,  -0.00960,
,,,0.000049808000,  -0.00960,
,,,0.000049810000,  -0.01040,
,,,0.000049812000,  -0.01040,
,,,0.000049814000,  -0.01040,
,,,0.000049816000,  -0.01040,
,,,0.000049818000,  -0.01120,
,,,0.000049820000,  -0.01120,
,,,0.000049822000,  -0.01120,
,,,0.000049824000,  -0.01120,
,,,0.000049826000,  -0.01120,
,,,0.000049828000,  -0.01200,
,,,0.000049830000,  -0.01200,
,,,0.000049832000,  -0.01200,
,,,0.000049834000,  -0.01200,
,,,0.000049836000,  -0.01280,
,,,0.000049838000,  -0.01280,
,,,0.000049840000,  -0.01280,
,,,0.000049842000,  -0.01280,
,,,0.000049844000,  -0.01360,
,,,0.000049846000,  -0.01360,
,,,0.000049848000,  -0.01360,
,,,0.000049850000,  -0.01360,
,,,0.000049852000,  -0.01360,
,,,0.000049854000,  -0.01440,
,,,0.000049856000,  -0.01440,
,,,0.000049858000,  -0.01440,
,,,0.000049860000,  -0.01440,
,,,0.000049862000,  -0.01440,
,,,0.000049864000,  -0.01520,
,,,0.000049866000,  -0.01520,
,,,0.000049868000,  -0.01520,
,,,0.000049870000,  -0.01520,
,,,0.000049872000,  -0.01600,
,,,0.000049874000,  -0.01600,
,,,0.000049876000,  -0.01600,
,,,0.000049878000,  -0.01600,
,,,0.000049880000,  -0.01600,
,,,0.000049882000,  -0.01680,
,,,0.000049884000,  -0.01680,
,,,0.000049886000,  -0.01680,
,,,0.000049888000,  -0.01680,
,,,0.000049890000,  -0.01760,
,,,0.000049892000,  -0.01760,
,,,0.000049894000,  -0.01760,
,,,0.000049896000,  -0.01760,
,,,0.000049898000,  -0.01760,
,,,0.000049900000,  -0.01840,
,,,0.000049902000,  -0.01760,
,,,0.000049904000,  -0.01760,
,,,0.000049906000,  -0.01840,
,,,0.000049908000,  -0.01840,
,,,0.000049910000,  -0.01840,
,,,0.000049912000,  -0.01840,
,,,0.000049914000,  -0.01920,
,,,0.000049916000,  -0.01920,
,,,0.000049918000,  -0.01920,
,,,0.000049920000,  -0.01920,
,,,0.000049922000,  -0.01920,
,,,0.000049924000,  -0.02000,
,,,0.000049926000,  -0.02000,
,,,0.000049928000,  -0.02000,
,,,0.000049930000,  -0.02000,
,,,0.000049932000,  -0.02000,
,,,0.000049934000,  -0.02000,
,,,0.000049936000,  -0.02000,
,,,0.000049938000,  -0.02000,
,,,0.000049940000,  -0.02000,
,,,0.000049942000,  -0.02000,
,,,0.000049944000,  -0.02000,
,,,0.000049946000,  -0.02000,
,,,0.000049948000,  -0.02080,
,,,0.000049950000,  -0.02000,
,,,0.000049952000,  -0.02080,
,,,0.000049954000,  -0.02080,
,,,0.000049956000,  -0.02080,
,,,0.000049958000,  -0.02080,
,,,0.000049960000,  -0.02160,
,,,0.000049962000,  -0.02160,
,,,0.000049964000,  -0.02160,
,,,0.000049966000,  -0.02160,
,,,0.000049968000,  -0.02080,
,,,0.000049970000,  -0.02080,
,,,0.000049972000,  -0.02080,
,,,0.000049974000,  -0.02080,
,,,0.000049976000,  -0.02160,
,,,0.000049978000,  -0.02160,
,,,0.000049980000,  -0.02160,
,,,0.000049982000,  -0.02160,
,,,0.000049984000,  -0.02160,
,,,0.000049986000,  -0.02160,
,,,0.000049988000,  -0.02160,
,,,0.000049990000,  -0.02240,
,,,0.000049992000,  -0.02240,
,,,0.000049994000,  -0.02240,
,,,0.000049996000,  -0.02240,
,,,0.000049998000,  -0.02240,
,,,0.000050000000,  -0.02240,
,,,0.000050002000,  -0.02240,
,,,0.000050004000,  -0.02160,
,,,0.000050006000,  -0.02160,
,,,0.000050008000,  -0.02160,
,,,0.000050010000,  -0.02160,
,,,0.000050012000,  -0.02160,
,,,0.000050014000,  -0.02160,
,,,0.000050016000,  -0.02160,
,,,0.000050018000,  -0.02240,
,,,0.000050020000,  -0.02160,
,,,0.000050022000,  -0.02240,
,,,0.000050024000,  -0.02240,
,,,0.000050026000,  -0.02240,
,,,0.000050028000,  -0.02240,
,,,0.000050030000,  -0.02240,
,,,0.000050032000,  -0.02240,
,,,0.000050034000,  -0.02240,
,,,0.000050036000,  -0.02160,
,,,0.000050038000,  -0.02160,
,,,0.000050040000,  -0.02160,
,,,0.000050042000,  -0.02160,
,,,0.000050044000,  -0.02160,
,,,0.000050046000,  -0.02160,
,,,0.000050048000,  -0.02160,
,,,0.000050050000,  -0.02160,
,,,0.000050052000,  -0.02160,
,,,0.000050054000,  -0.02160,
,,,0.000050056000,  -0.02160,
,,,0.000050058000,  -0.02160,
,,,0.000050060000,  -0.02160,
,,,0.000050062000,  -0.02160,
,,,0.000050064000,  -0.02160,
,,,0.000050066000,  -0.02160,
,,,0.000050068000,  -0.02160,
,,,0.000050070000,  -0.02160,
,,,0.000050072000,  -0.02160,
,,,0.000050074000,  -0.02160,
,,,0.000050076000,  -0.02160,
,,,0.000050078000,  -0.02080,
,,,0.000050080000,  -0.02080,
,,,0.000050082000,  -0.02080,
,,,0.000050084000,  -0.02080,
,,,0.000050086000,  -0.02080,
,,,0.000050088000,  -0.02080,
,,,0.000050090000,  -0.02080,
,,,0.000050092000,  -0.02080,
,,,0.000050094000,  -0.02080,
,,,0.000050096000,  -0.02080,
,,,0.000050098000,  -0.02080,
,,,0.000050100000,  -0.02080,
,,,0.000050102000,  -0.02080,
,,,0.000050104000,  -0.02080,
,,,0.000050106000,  -0.02080,
,,,0.000050108000,  -0.02080,
,,,0.000050110000,  -0.02000,
,,,0.000050112000,  -0.02000,
,,,0.000050114000,  -0.01920,
,,,0.000050116000,  -0.02000,
,,,0.000050118000,  -0.01920,
,,,0.000050120000,  -0.01920,
,,,0.000050122000,  -0.01920,
,,,0.000050124000,  -0.01920,
,,,0.000050126000,  -0.01920,
,,,0.000050128000,  -0.01920,
,,,0.000050130000,  -0.01920,
,,,0.000050132000,  -0.01920,
,,,0.000050134000,  -0.01840,
,,,0.000050136000,  -0.01840,
,,,0.000050138000,  -0.01840,
,,,0.000050140000,  -0.01840,
,,,0.000050142000,  -0.01840,
,,,0.000050144000,  -0.01760,
,,,0.000050146000,  -0.01760,
,,,0.000050148000,  -0.01760,
,,,0.000050150000,  -0.01760,
,,,0.000050152000,  -0.01760,
,,,0.000050154000,  -0.01760,
,,,0.000050156000,  -0.01760,
,,,0.000050158000,  -0.01760,
,,,0.000050160000,  -0.01760,
,,,0.000050162000,  -0.01760,
,,,0.000050164000,  -0.01760,
,,,0.000050166000,  -0.01680,
,,,0.000050168000,  -0.01680,
,,,0.000050170000,  -0.01600,
,,,0.000050172000,  -0.01600,
,,,0.000050174000,  -0.01600,
,,,0.000050176000,  -0.01600,
,,,0.000050178000,  -0.01520,
,,,0.000050180000,  -0.01520,
,,,0.000050182000,  -0.01520,
,,,0.000050184000,  -0.01520,
,,,0.000050186000,  -0.01520,
,,,0.000050188000,  -0.01520,
,,,0.000050190000,  -0.01520,
,,,0.000050192000,  -0.01520,
,,,0.000050194000,  -0.01520,
,,,0.000050196000,  -0.01440,
,,,0.000050198000,  -0.01440,
,,,0.000050200000,  -0.01440,
,,,0.000050202000,  -0.01440,
,,,0.000050204000,  -0.01360,
,,,0.000050206000,  -0.01360,
,,,0.000050208000,  -0.01360,
,,,0.000050210000,  -0.01280,
,,,0.000050212000,  -0.01280,
,,,0.000050214000,  -0.01280,
,,,0.000050216000,  -0.01200,
,,,0.000050218000,  -0.01200,
,,,0.000050220000,  -0.01200,
,,,0.000050222000,  -0.01200,
,,,0.000050224000,  -0.01200,
,,,0.000050226000,  -0.01120,
,,,0.000050228000,  -0.01120,
,,,0.000050230000,  -0.01120,
,,,0.000050232000,  -0.01120,
,,,0.000050234000,  -0.01120,
,,,0.000050236000,  -0.01040,
,,,0.000050238000,  -0.01040,
,,,0.000050240000,  -0.01040,
,,,0.000050242000,  -0.00960,
,,,0.000050244000,  -0.00960,
,,,0.000050246000,  -0.00960,
,,,0.000050248000,  -0.00880,
,,,0.000050250000,  -0.00880,
,,,0.000050252000,  -0.00880,
,,,0.000050254000,  -0.00800,
,,,0.000050256000,  -0.00800,
,,,0.000050258000,  -0.00800,
,,,0.000050260000,  -0.00800,
,,,0.000050262000,  -0.00800,
,,,0.000050264000,  -0.00800,
,,,0.000050266000,  -0.00800,
,,,0.000050268000,  -0.00720,
,,,0.000050270000,  -0.00720,
,,,0.000050272000,  -0.00720,
,,,0.000050274000,  -0.00640,
,,,0.000050276000,  -0.00640,
,,,0.000050278000,  -0.00640,
,,,0.000050280000,  -0.00560,
,,,0.000050282000,  -0.00560,
,,,0.000050284000,  -0.00560,
,,,0.000050286000,  -0.00480,
,,,0.000050288000,  -0.00480,
,,,0.000050290000,  -0.00480,
,,,0.000050292000,  -0.00480,
,,,0.000050294000,  -0.00400,
,,,0.000050296000,  -0.00400,
,,,0.000050298000,  -0.00400,
,,,0.000050300000,  -0.00320,
,,,0.000050302000,  -0.00320,
,,,0.000050304000,  -0.00320,
,,,0.000050306000,  -0.00320,
,,,0.000050308000,  -0.00240,
,,,0.000050310000,  -0.00240,
,,,0.000050312000,  -0.00240,
,,,0.000050314000,  -0.00160,
,,,0.000050316000,  -0.00160,
,,,0.000050318000,  -0.00160,
,,,0.000050320000,  -0.00160,
,,,0.000050322000,  -0.00080,
,,,0.000050324000,  -0.00080,
,,,0.000050326000,  -0.00080,
,,,0.000050328000,   0.00000,
,,,0.000050330000,   0.00000,
,,,0.000050332000,   0.00000,
,,,0.000050334000,   0.00000,
,,,0.000050336000,   0.00080,
,,,0.000050338000,   0.00080,
,,,0.000050340000,   0.00080,
,,,0.000050342000,   0.00160,
,,,0.000050344000,   0.00160,
,,,0.000050346000,   0.00160,
,,,0.000050348000,   0.00160,
,,,0.000050350000,   0.00240,
,,,0.000050352000,   0.00240,
,,,0.000050354000,   0.00320,
,,,0.000050356000,   0.00320,
,,,0.000050358000,   0.00320,
,,,0.000050360000,   0.00320,
,,,0.000050362000,   0.00320,
,,,0.000050364000,   0.00400,
,,,0.000050366000,   0.00400,
,,,0.000050368000,   0.00400,
,,,0.000050370000,   0.00400,
,,,0.000050372000,   0.00480,
,,,0.000050374000,   0.00480,
,,,0.000050376000,   0.00560,
,,,0.000050378000,   0.00560,
,,,0.000050380000,   0.00560,
,,,0.000050382000,   0.00560,
,,,0.000050384000,   0.00640,
,,,0.000050386000,   0.00640,
,,,0.000050388000,   0.00640,
,,,0.000050390000,   0.00640,
,,,0.000050392000,   0.00720,
,,,0.000050394000,   0.00720,
,,,0.000050396000,   0.00800,
,,,0.000050398000,   0.00800,
,,,0.000050400000,   0.00800,
,,,0.000050402000,   0.00880,
,,,0.000050404000,   0.00880,
,,,0.000050406000,   0.00880,
,,,0.000050408000,   0.00960,
,,,0.000050410000,   0.00960,
,,,0.000050412000,   0.01040,
,,,0.000050414000,   0.01040,
,,,0.000050416000,   0.01040,
,,,0.000050418000,   0.01040,
,,,0.000050420000,   0.01120,
,,,0.000050422000,   0.01120,
,,,0.000050424000,   0.01120,
,,,0.000050426000,   0.01120,
,,,0.000050428000,   0.01120,
,,,0.000050430000,   0.01120,
,,,0.000050432000,   0.01200,
,,,0.000050434000,   0.01200,
,,,0.000050436000,   0.01200,
,,,0.000050438000,   0.01280,
,,,0.000050440000,   0.01280,
,,,0.000050442000,   0.01280,
,,,0.000050444000,   0.01360,
,,,0.000050446000,   0.01360,
,,,0.000050448000,   0.01360,
,,,0.000050450000,   0.01440,
,,,0.000050452000,   0.01440,
,,,0.000050454000,   0.01440,
,,,0.000050456000,   0.01440,
,,,0.000050458000,   0.01520,
,,,0.000050460000,   0.01520,
,,,0.000050462000,   0.01520,
,,,0.000050464000,   0.01520,
,,,0.000050466000,   0.01600,
,,,0.000050468000,   0.01600,
,,,0.000050470000,   0.01600,
,,,0.000050472000,   0.01600,
,,,0.000050474000,   0.01680,
,,,0.000050476000,   0.01680,
,,,0.000050478000,   0.01680,
,,,0.000050480000,   0.01680,
,,,0.000050482000,   0.01680,
,,,0.000050484000,   0.01760,
,,,0.000050486000,   0.01760,
,,,0.000050488000,   0.01760,
,,,0.000050490000,   0.01760,
,,,0.000050492000,   0.01760,
,,,0.000050494000,   0.01840,
,,,0.000050496000,   0.01840,
,,,0.000050498000,   0.01840,
,,,0.000050500000,   0.01920,
,,,0.000050502000,   0.01920,
,,,0.000050504000,   0.02000,
,,,0.000050506000,   0.02000,
,,,0.000050508000,   0.02000,
,,,0.000050510000,   0.02000,
,,,0.000050512000,   0.02000,
,,,0.000050514000,   0.02000,
,,,0.000050516000,   0.02000,
,,,0.000050518000,   0.02080,
,,,0.000050520000,   0.02080,
,,,0.000050522000,   0.02080,
,,,0.000050524000,   0.02080,
,,,0.000050526000,   0.02080,
,,,0.000050528000,   0.02160,
,,,0.000050530000,   0.02160,
,,,0.000050532000,   0.02160,
,,,0.000050534000,   0.02240,
,,,0.000050536000,   0.02240,
,,,0.000050538000,   0.02240,
,,,0.000050540000,   0.02240,
,,,0.000050542000,   0.02320,
,,,0.000050544000,   0.02320,
,,,0.000050546000,   0.02320,
,,,0.000050548000,   0.02320,
,,,0.000050550000,   0.02320,
,,,0.000050552000,   0.02320,
,,,0.000050554000,   0.02320,
,,,0.000050556000,   0.02320,
,,,0.000050558000,   0.02400,
,,,0.000050560000,   0.02400,
,,,0.000050562000,   0.02480,
,,,0.000050564000,   0.02480,
,,,0.000050566000,   0.02480,
,,,0.000050568000,   0.02480,
,,,0.000050570000,   0.02480,
,,,0.000050572000,   0.02560,
,,,0.000050574000,   0.02560,
,,,0.000050576000,   0.02560,
,,,0.000050578000,   0.02560,
,,,0.000050580000,   0.02560,
,,,0.000050582000,   0.02560,
,,,0.000050584000,   0.02560,
,,,0.000050586000,   0.02560,
,,,0.000050588000,   0.02560,
,,,0.000050590000,   0.02560,
,,,0.000050592000,   0.02560,
,,,0.000050594000,   0.02640,
,,,0.000050596000,   0.02560,
,,,0.000050598000,   0.02640,
,,,0.000050600000,   0.02640,
,,,0.000050602000,   0.02640,
,,,0.000050604000,   0.02720,
,,,0.000050606000,   0.02720,
,,,0.000050608000,   0.02720,
,,,0.000050610000,   0.02720,
,,,0.000050612000,   0.02800,
,,,0.000050614000,   0.02800,
,,,0.000050616000,   0.02800,
,,,0.000050618000,   0.02800,
,,,0.000050620000,   0.02720,
,,,0.000050622000,   0.02800,
,,,0.000050624000,   0.02720,
,,,0.000050626000,   0.02800,
,,,0.000050628000,   0.02720,
,,,0.000050630000,   0.02800,
,,,0.000050632000,   0.02800,
,,,0.000050634000,   0.02800,
,,,0.000050636000,   0.02800,
,,,0.000050638000,   0.02800,
,,,0.000050640000,   0.02800,
,,,0.000050642000,   0.02800,
,,,0.000050644000,   0.02800,
,,,0.000050646000,   0.02880,
,,,0.000050648000,   0.02880,
,,,0.000050650000,   0.02880,
,,,0.000050652000,   0.02880,
,,,0.000050654000,   0.02880,
,,,0.000050656000,   0.02880,
,,,0.000050658000,   0.02880,
,,,0.000050660000,   0.02880,
,,,0.000050662000,   0.02880,
,,,0.000050664000,   0.02880,
,,,0.000050666000,   0.02880,
,,,0.000050668000,   0.02880,
,,,0.000050670000,   0.02880,
,,,0.000050672000,   0.02880,
,,,0.000050674000,   0.02880,
,,,0.000050676000,   0.02880,
,,,0.000050678000,   0.02880,
,,,0.000050680000,   0.02880,
,,,0.000050682000,   0.02880,
,,,0.000050684000,   0.02880,
,,,0.000050686000,   0.02880,
,,,0.000050688000,   0.02880,
,,,0.000050690000,   0.02880,
,,,0.000050692000,   0.02880,
,,,0.000050694000,   0.02880,
,,,0.000050696000,   0.02880,
,,,0.000050698000,   0.02880,
,,,0.000050700000,   0.02880,
,,,0.000050702000,   0.02880,
,,,0.000050704000,   0.02880,
,,,0.000050706000,   0.02880,
,,,0.000050708000,   0.02800,
,,,0.000050710000,   0.02800,
,,,0.000050712000,   0.02800,
,,,0.000050714000,   0.02800,
,,,0.000050716000,   0.02800,
,,,0.000050718000,   0.02800,
,,,0.000050720000,   0.02800,
,,,0.000050722000,   0.02800,
,,,0.000050724000,   0.02800,
,,,0.000050726000,   0.02800,
,,,0.000050728000,   0.02800,
,,,0.000050730000,   0.02800,
,,,0.000050732000,   0.02800,
,,,0.000050734000,   0.02800,
,,,0.000050736000,   0.02880,
,,,0.000050738000,   0.02800,
,,,0.000050740000,   0.02800,
,,,0.000050742000,   0.02800,
,,,0.000050744000,   0.02800,
,,,0.000050746000,   0.02800,
,,,0.000050748000,   0.02720,
,,,0.000050750000,   0.02800,
,,,0.000050752000,   0.02800,
,,,0.000050754000,   0.02720,
,,,0.000050756000,   0.02720,
,,,0.000050758000,   0.02720,
,,,0.000050760000,   0.02720,
,,,0.000050762000,   0.02800,
,,,0.000050764000,   0.02720,
,,,0.000050766000,   0.02720,
,,,0.000050768000,   0.02720,
,,,0.000050770000,   0.02800,
,,,0.000050772000,   0.02720,
,,,0.000050774000,   0.02720,
,,,0.000050776000,   0.02720,
,,,0.000050778000,   0.02720,
,,,0.000050780000,   0.02640,
,,,0.000050782000,   0.02640,
,,,0.000050784000,   0.02640,
,,,0.000050786000,   0.02560,
,,,0.000050788000,   0.02560,
,,,0.000050790000,   0.02560,
,,,0.000050792000,   0.02560,
,,,0.000050794000,   0.02560,
,,,0.000050796000,   0.02560,
,,,0.000050798000,   0.02560,
,,,0.000050800000,   0.02560,
,,,0.000050802000,   0.02560,
,,,0.000050804000,   0.02560,
,,,0.000050806000,   0.02560,
,,,0.000050808000,   0.02560,
,,,0.000050810000,   0.02480,
,,,0.000050812000,   0.02480,
,,,0.000050814000,   0.02480,
,,,0.000050816000,   0.02480,
,,,0.000050818000,   0.02400,
,,,0.000050820000,   0.02400,
,,,0.000050822000,   0.02320,
,,,0.000050824000,   0.02320,
,,,0.000050826000,   0.02320,
,,,0.000050828000,   0.02320,
,,,0.000050830000,   0.02320,
,,,0.000050832000,   0.02320,
,,,0.000050834000,   0.02320,
,,,0.000050836000,   0.02320,
,,,0.000050838000,   0.02400,
,,,0.000050840000,   0.02320,
,,,0.000050842000,   0.02320,
,,,0.000050844000,   0.02320,
,,,0.000050846000,   0.02240,
,,,0.000050848000,   0.02240,
,,,0.000050850000,   0.02240,
,,,0.000050852000,   0.02160,
,,,0.000050854000,   0.02160,
,,,0.000050856000,   0.02080,
,,,0.000050858000,   0.02080,
,,,0.000050860000,   0.02080,
,,,0.000050862000,   0.02080,
,,,0.000050864000,   0.02080,
,,,0.000050866000,   0.02080,
,,,0.000050868000,   0.02080,
,,,0.000050870000,   0.02080,
,,,0.000050872000,   0.02080,
,,,0.000050874000,   0.02000,
,,,0.000050876000,   0.02000,
,,,0.000050878000,   0.02000,
,,,0.000050880000,   0.01920,
,,,0.000050882000,   0.01920,
,,,0.000050884000,   0.01840,
,,,0.000050886000,   0.01840,
,,,0.000050888000,   0.01840,
,,,0.000050890000,   0.01840,
,,,0.000050892000,   0.01760,
,,,0.000050894000,   0.01760,
,,,0.000050896000,   0.01760,
,,,0.000050898000,   0.01760,
,,,0.000050900000,   0.01760,
,,,0.000050902000,   0.01760,
,,,0.000050904000,   0.01760,
,,,0.000050906000,   0.01680,
,,,0.000050908000,   0.01680,
,,,0.000050910000,   0.01680,
,,,0.000050912000,   0.01680,
,,,0.000050914000,   0.01600,
,,,0.000050916000,   0.01600,
,,,0.000050918000,   0.01520,
,,,0.000050920000,   0.01520,
,,,0.000050922000,   0.01520,
,,,0.000050924000,   0.01440,
,,,0.000050926000,   0.01440,
,,,0.000050928000,   0.01440,
,,,0.000050930000,   0.01440,
,,,0.000050932000,   0.01440,
,,,0.000050934000,   0.01440,
,,,0.000050936000,   0.01360,
,,,0.000050938000,   0.01360,
,,,0.000050940000,   0.01360,
,,,0.000050942000,   0.01360,
,,,0.000050944000,   0.01360,
,,,0.000050946000,   0.01280,
,,,0.000050948000,   0.01280,
,,,0.000050950000,   0.01280,
,,,0.000050952000,   0.01200,
,,,0.000050954000,   0.01200,
,,,0.000050956000,   0.01120,
,,,0.000050958000,   0.01120,
,,,0.000050960000,   0.01120,
,,,0.000050962000,   0.01120,
,,,0.000050964000,   0.01120,
,,,0.000050966000,   0.01040,
,,,0.000050968000,   0.01040,
,,,0.000050970000,   0.01040,
,,,0.000050972000,   0.01040,
,,,0.000050974000,   0.00960,
,,,0.000050976000,   0.00960,
,,,0.000050978000,   0.00880,
,,,0.000050980000,   0.00880,
,,,0.000050982000,   0.00880,
,,,0.000050984000,   0.00800,
,,,0.000050986000,   0.00800,
,,,0.000050988000,   0.00720,
,,,0.000050990000,   0.00720,
,,,0.000050992000,   0.00720,
,,,0.000050994000,   0.00720,
,,,0.000050996000,   0.00720,
,,,0.000050998000,   0.00640,
,,,0.000051000000,   0.00640,
,,,0.000051002000,   0.00640,
,,,0.000051004000,   0.00640,
,,,0.000051006000,   0.00560,
,,,0.000051008000,   0.00560,
,,,0.000051010000,   0.00560,
,,,0.000051012000,   0.00480,
,,,0.000051014000,   0.00480,
,,,0.000051016000,   0.00400,
,,,0.000051018000,   0.00400,
,,,0.000051020000,   0.00400,
,,,0.000051022000,   0.00400,
,,,0.000051024000,   0.00400,
,,,0.000051026000,   0.00320,
,,,0.000051028000,   0.00320,
,,,0.000051030000,   0.00320,
,,,0.000051032000,   0.00320,
,,,0.000051034000,   0.00240,
,,,0.000051036000,   0.00240,
,,,0.000051038000,   0.00240,
,,,0.000051040000,   0.00240,
,,,0.000051042000,   0.00160,
,,,0.000051044000,   0.00080,
,,,0.000051046000,   0.00080,
,,,0.000051048000,   0.00080,
,,,0.000051050000,   0.00000,
,,,0.000051052000,   0.00000,
,,,0.000051054000,   0.00000,
,,,0.000051056000,   0.00000,
,,,0.000051058000,  -0.00080,
,,,0.000051060000,  -0.00080,
,,,0.000051062000,  -0.00080,
,,,0.000051064000,  -0.00160,
,,,0.000051066000,  -0.00160,
,,,0.000051068000,  -0.00160,
,,,0.000051070000,  -0.00160,
,,,0.000051072000,  -0.00240,
,,,0.000051074000,  -0.00240,
,,,0.000051076000,  -0.00240,
,,,0.000051078000,  -0.00320,
,,,0.000051080000,  -0.00320,
,,,0.000051082000,  -0.00320,
,,,0.000051084000,  -0.00400,
,,,0.000051086000,  -0.00400,
,,,0.000051088000,  -0.00400,
,,,0.000051090000,  -0.00480,
,,,0.000051092000,  -0.00480,
,,,0.000051094000,  -0.00480,
,,,0.000051096000,  -0.00480,
,,,0.000051098000,  -0.00480,
,,,0.000051100000,  -0.00560,
,,,0.000051102000,  -0.00560,
,,,0.000051104000,  -0.00560,
,,,0.000051106000,  -0.00640,
,,,0.000051108000,  -0.00640,
,,,0.000051110000,  -0.00640,
,,,0.000051112000,  -0.00640,
,,,0.000051114000,  -0.00640,
,,,0.000051116000,  -0.00720,
,,,0.000051118000,  -0.00720,
,,,0.000051120000,  -0.00800,
,,,0.000051122000,  -0.00800,
,,,0.000051124000,  -0.00800,
,,,0.000051126000,  -0.00880,
,,,0.000051128000,  -0.00800,
,,,0.000051130000,  -0.00880,
,,,0.000051132000,  -0.00880,
,,,0.000051134000,  -0.00960,
,,,0.000051136000,  -0.00960,
,,,0.000051138000,  -0.00960,
,,,0.000051140000,  -0.00960,
,,,0.000051142000,  -0.00960,
,,,0.000051144000,  -0.01040,
,,,0.000051146000,  -0.01040,
,,,0.000051148000,  -0.01040,
,,,0.000051150000,  -0.01120,
,,,0.000051152000,  -0.01120,
,,,0.000051154000,  -0.01120,
,,,0.000051156000,  -0.01120,
,,,0.000051158000,  -0.01120,
,,,0.000051160000,  -0.01120,
,,,0.000051162000,  -0.01200,
,,,0.000051164000,  -0.01200,
,,,0.000051166000,  -0.01200,
,,,0.000051168000,  -0.01200,
,,,0.000051170000,  -0.01200,
,,,0.000051172000,  -0.01280,
,,,0.000051174000,  -0.01280,
,,,0.000051176000,  -0.01280,
,,,0.000051178000,  -0.01280,
,,,0.000051180000,  -0.01360,
,,,0.000051182000,  -0.01360,
,,,0.000051184000,  -0.01440,
,,,0.000051186000,  -0.01440,
,,,0.000051188000,  -0.01440,
,,,0.000051190000,  -0.01440,
,,,0.000051192000,  -0.01440,
,,,0.000051194000,  -0.01440,
,,,0.000051196000,  -0.01520,
,,,0.000051198000,  -0.01520,
,,,0.000051200000,  -0.01520,
,,,0.000051202000,  -0.01520,
,,,0.000051204000,  -0.01520,
,,,0.000051206000,  -0.01520,
,,,0.000051208000,  -0.01600,
,,,0.000051210000,  -0.01600,
,,,0.000051212000,  -0.01600,
,,,0.000051214000,  -0.01600,
,,,0.000051216000,  -0.01600,
,,,0.000051218000,  -0.01680,
,,,0.000051220000,  -0.01680,
,,,0.000051222000,  -0.01680,
,,,0.000051224000,  -0.01680,
,,,0.000051226000,  -0.01760,
,,,0.000051228000,  -0.01760,
,,,0.000051230000,  -0.01760,
,,,0.000051232000,  -0.01760,
,,,0.000051234000,  -0.01760,
,,,0.000051236000,  -0.01840,
,,,0.000051238000,  -0.01840,
,,,0.000051240000,  -0.01840,
,,,0.000051242000,  -0.01840,
,,,0.000051244000,  -0.01840,
,,,0.000051246000,  -0.01840,
,,,0.000051248000,  -0.01840,
,,,0.000051250000,  -0.01840,
,,,0.000051252000,  -0.01840,
,,,0.000051254000,  -0.01920,
,,,0.000051256000,  -0.01920,
,,,0.000051258000,  -0.01920,
,,,0.000051260000,  -0.01920,
,,,0.000051262000,  -0.01920,
,,,0.000051264000,  -0.02000,
,,,0.000051266000,  -0.02000,
,,,0.000051268000,  -0.02000,
,,,0.000051270000,  -0.02000,
,,,0.000051272000,  -0.02000,
,,,0.000051274000,  -0.02000,
,,,0.000051276000,  -0.02000,
,,,0.000051278000,  -0.02080,
,,,0.000051280000,  -0.02000,
,,,0.000051282000,  -0.02000,
,,,0.000051284000,  -0.02080,
,,,0.000051286000,  -0.02000,
,,,0.000051288000,  -0.02080,
,,,0.000051290000,  -0.02080,
,,,0.000051292000,  -0.02080,
,,,0.000051294000,  -0.02080,
,,,0.000051296000,  -0.02080,
,,,0.000051298000,  -0.02160,
,,,0.000051300000,  -0.02080,
,,,0.000051302000,  -0.02160,
,,,0.000051304000,  -0.02160,
,,,0.000051306000,  -0.02080,
,,,0.000051308000,  -0.02160,
,,,0.000051310000,  -0.02160,
,,,0.000051312000,  -0.02160,
,,,0.000051314000,  -0.02160,
,,,0.000051316000,  -0.02160,
,,,0.000051318000,  -0.02160,
,,,0.000051320000,  -0.02160,
,,,0.000051322000,  -0.02160,
,,,0.000051324000,  -0.02160,
,,,0.000051326000,  -0.02160,
,,,0.000051328000,  -0.02160,
,,,0.000051330000,  -0.02160,
,,,0.000051332000,  -0.02160,
,,,0.000051334000,  -0.02160,
,,,0.000051336000,  -0.02160,
,,,0.000051338000,  -0.02160,
,,,0.000051340000,  -0.02160,
,,,0.000051342000,  -0.02160,
,,,0.000051344000,  -0.02160,
,,,0.000051346000,  -0.02160,
,,,0.000051348000,  -0.02240,
,,,0.000051350000,  -0.02160,
,,,0.000051352000,  -0.02240,
,,,0.000051354000,  -0.02240,
,,,0.000051356000,  -0.02160,
,,,0.000051358000,  -0.02240,
,,,0.000051360000,  -0.02160,
,,,0.000051362000,  -0.02240,
,,,0.000051364000,  -0.02160,
,,,0.000051366000,  -0.02240,
,,,0.000051368000,  -0.02160,
,,,0.000051370000,  -0.02160,
,,,0.000051372000,  -0.02160,
,,,0.000051374000,  -0.02160,
,,,0.000051376000,  -0.02160,
,,,0.000051378000,  -0.02160,
,,,0.000051380000,  -0.02160,
,,,0.000051382000,  -0.02160,
,,,0.000051384000,  -0.02160,
,,,0.000051386000,  -0.02160,
,,,0.000051388000,  -0.02160,
,,,0.000051390000,  -0.02160,
,,,0.000051392000,  -0.02160,
,,,0.000051394000,  -0.02160,
,,,0.000051396000,  -0.02160,
,,,0.000051398000,  -0.02160,
,,,0.000051400000,  -0.02160,
,,,0.000051402000,  -0.02160,
,,,0.000051404000,  -0.02160,
,,,0.000051406000,  -0.02080,
,,,0.000051408000,  -0.02080,
,,,0.000051410000,  -0.02080,
,,,0.000051412000,  -0.02080,
,,,0.000051414000,  -0.02080,
,,,0.000051416000,  -0.02080,
,,,0.000051418000,  -0.02080,
,,,0.000051420000,  -0.02080,
,,,0.000051422000,  -0.02080,
,,,0.000051424000,  -0.02000,
,,,0.000051426000,  -0.02080,
,,,0.000051428000,  -0.02000,
,,,0.000051430000,  -0.02000,
,,,0.000051432000,  -0.02000,
,,,0.000051434000,  -0.02000,
,,,0.000051436000,  -0.02000,
,,,0.000051438000,  -0.02000,
,,,0.000051440000,  -0.02000,
,,,0.000051442000,  -0.02000,
,,,0.000051444000,  -0.02000,
,,,0.000051446000,  -0.02000,
,,,0.000051448000,  -0.02000,
,,,0.000051450000,  -0.02000,
,,,0.000051452000,  -0.02000,
,,,0.000051454000,  -0.02000,
,,,0.000051456000,  -0.01920,
,,,0.000051458000,  -0.01920,
,,,0.000051460000,  -0.01920,
,,,0.000051462000,  -0.01920,
,,,0.000051464000,  -0.01840,
,,,0.000051466000,  -0.01840,
,,,0.000051468000,  -0.01840,
,,,0.000051470000,  -0.01840,
,,,0.000051472000,  -0.01840,
,,,0.000051474000,  -0.01760,
,,,0.000051476000,  -0.01840,
,,,0.000051478000,  -0.01760,
,,,0.000051480000,  -0.01760,
,,,0.000051482000,  -0.01760,
,,,0.000051484000,  -0.01760,
,,,0.000051486000,  -0.01760,
,,,0.000051488000,  -0.01680,
,,,0.000051490000,  -0.01760,
,,,0.000051492000,  -0.01680,
,,,0.000051494000,  -0.01680,
,,,0.000051496000,  -0.01680,
,,,0.000051498000,  -0.01680,
,,,0.000051500000,  -0.01680,
,,,0.000051502000,  -0.01600,
,,,0.000051504000,  -0.01600,
,,,0.000051506000,  -0.01520,
,,,0.000051508000,  -0.01520,
,,,0.000051510000,  -0.01520,
,,,0.000051512000,  -0.01520,
,,,0.000051514000,  -0.01520,
,,,0.000051516000,  -0.01520,
,,,0.000051518000,  -0.01520,
,,,0.000051520000,  -0.01520,
,,,0.000051522000,  -0.01520,
,,,0.000051524000,  -0.01520,
,,,0.000051526000,  -0.01520,
,,,0.000051528000,  -0.01440,
,,,0.000051530000,  -0.01440,
,,,0.000051532000,  -0.01440,
,,,0.000051534000,  -0.01440,
,,,0.000051536000,  -0.01360,
,,,0.000051538000,  -0.01360,
,,,0.000051540000,  -0.01360,
,,,0.000051542000,  -0.01280,
,,,0.000051544000,  -0.01280,
,,,0.000051546000,  -0.01200,
,,,0.000051548000,  -0.01200,
,,,0.000051550000,  -0.01200,
,,,0.000051552000,  -0.01200,
,,,0.000051554000,  -0.01200,
,,,0.000051556000,  -0.01200,
,,,0.000051558000,  -0.01200,
,,,0.000051560000,  -0.01200,
,,,0.000051562000,  -0.01120,
,,,0.000051564000,  -0.01120,
,,,0.000051566000,  -0.01120,
,,,0.000051568000,  -0.01120,
,,,0.000051570000,  -0.01040,
,,,0.000051572000,  -0.00960,
,,,0.000051574000,  -0.00960,
,,,0.000051576000,  -0.00960,
,,,0.000051578000,  -0.00960,
,,,0.000051580000,  -0.00880,
,,,0.000051582000,  -0.00880,
,,,0.000051584000,  -0.00880,
,,,0.000051586000,  -0.00800,
,,,0.000051588000,  -0.00800,
,,,0.000051590000,  -0.00800,
,,,0.000051592000,  -0.00800,
,,,0.000051594000,  -0.00800,
,,,0.000051596000,  -0.00720,
,,,0.000051598000,  -0.00720,
,,,0.000051600000,  -0.00720,
,,,0.000051602000,  -0.00720,
,,,0.000051604000,  -0.00640,
,,,0.000051606000,  -0.00640,
,,,0.000051608000,  -0.00560,
,,,0.000051610000,  -0.00560,
,,,0.000051612000,  -0.00560,
,,,0.000051614000,  -0.00560,
,,,0.000051616000,  -0.00480,
,,,0.000051618000,  -0.00480,
,,,0.000051620000,  -0.00480,
,,,0.000051622000,  -0.00480,
,,,0.000051624000,  -0.00480,
,,,0.000051626000,  -0.00480,
,,,0.000051628000,  -0.00400,
,,,0.000051630000,  -0.00400,
,,,0.000051632000,  -0.00400,
,,,0.000051634000,  -0.00400,
,,,0.000051636000,  -0.00320,
,,,0.000051638000,  -0.00320,
,,,0.000051640000,  -0.00240,
,,,0.000051642000,  -0.00240,
,,,0.000051644000,  -0.00240,
,,,0.000051646000,  -0.00160,
,,,0.000051648000,  -0.00160,
,,,0.000051650000,  -0.00160,
,,,0.000051652000,  -0.00080,
,,,0.000051654000,  -0.00080,
,,,0.000051656000,  -0.00080,
,,,0.000051658000,   0.00000,
,,,0.000051660000,   0.00000,
,,,0.000051662000,   0.00080,
,,,0.000051664000,   0.00000,
,,,0.000051666000,   0.00080,
,,,0.000051668000,   0.00080,
,,,0.000051670000,   0.00080,
,,,0.000051672000,   0.00080,
,,,0.000051674000,   0.00160,
,,,0.000051676000,   0.00160,
,,,0.000051678000,   0.00160,
,,,0.000051680000,   0.00240,
,,,0.000051682000,   0.00240,
,,,0.000051684000,   0.00240,
,,,0.000051686000,   0.00320,
,,,0.000051688000,   0.00320,
,,,0.000051690000,   0.00320,
,,,0.000051692000,   0.00320,
,,,0.000051694000,   0.00400,
,,,0.000051696000,   0.00400,
,,,0.000051698000,   0.00400,
,,,0.000051700000,   0.00400,
,,,0.000051702000,   0.00480,
,,,0.000051704000,   0.00480,
,,,0.000051706000,   0.00480,
,,,0.000051708000,   0.00560,
,,,0.000051710000,   0.00560,
,,,0.000051712000,   0.00560,
,,,0.000051714000,   0.00640,
,,,0.000051716000,   0.00640,
,,,0.000051718000,   0.00640,
,,,0.000051720000,   0.00720,
,,,0.000051722000,   0.00720,
,,,0.000051724000,   0.00720,
,,,0.000051726000,   0.00800,
,,,0.000051728000,   0.00800,
,,,0.000051730000,   0.00800,
,,,0.000051732000,   0.00880,
,,,0.000051734000,   0.00880,
,,,0.000051736000,   0.00880,
,,,0.000051738000,   0.00880,
,,,0.000051740000,   0.00880,
,,,0.000051742000,   0.00960,
,,,0.000051744000,   0.00960,
,,,0.000051746000,   0.00960,
,,,0.000051748000,   0.00960,
,,,0.000051750000,   0.01040,
,,,0.000051752000,   0.01040,
,,,0.000051754000,   0.01120,
,,,0.000051756000,   0.01120,
,,,0.000051758000,   0.01120,
,,,0.000051760000,   0.01200,
,,,0.000051762000,   0.01200,
,,,0.000051764000,   0.01280,
,,,0.000051766000,   0.01200,
,,,0.000051768000,   0.01280,
,,,0.000051770000,   0.01280,
,,,0.000051772000,   0.01280,
,,,0.000051774000,   0.01360,
,,,0.000051776000,   0.01360,
,,,0.000051778000,   0.01360,
,,,0.000051780000,   0.01360,
,,,0.000051782000,   0.01360,
,,,0.000051784000,   0.01440,
,,,0.000051786000,   0.01440,
,,,0.000051788000,   0.01440,
,,,0.000051790000,   0.01440,
,,,0.000051792000,   0.01440,
,,,0.000051794000,   0.01520,
,,,0.000051796000,   0.01520,
,,,0.000051798000,   0.01600,
,,,0.000051800000,   0.01600,
,,,0.000051802000,   0.01680,
,,,0.000051804000,   0.01600,
,,,0.000051806000,   0.01680,
,,,0.000051808000,   0.01680,
,,,0.000051810000,   0.01680,
,,,0.000051812000,   0.01680,
,,,0.000051814000,   0.01680,
,,,0.000051816000,   0.01760,
,,,0.000051818000,   0.01760,
,,,0.000051820000,   0.01760,
,,,0.000051822000,   0.01760,
,,,0.000051824000,   0.01840,
,,,0.000051826000,   0.01840,
,,,0.000051828000,   0.01920,
,,,0.000051830000,   0.01920,
,,,0.000051832000,   0.01920,
,,,0.000051834000,   0.01920,
,,,0.000051836000,   0.02000,
,,,0.000051838000,   0.02000,
,,,0.000051840000,   0.02000,
,,,0.000051842000,   0.02000,
,,,0.000051844000,   0.02000,
,,,0.000051846000,   0.02080,
,,,0.000051848000,   0.02000,
,,,0.000051850000,   0.02080,
,,,0.000051852000,   0.02080,
,,,0.000051854000,   0.02080,
,,,0.000051856000,   0.02080,
,,,0.000051858000,   0.02080,
,,,0.000051860000,   0.02160,
,,,0.000051862000,   0.02160,
,,,0.000051864000,   0.02160,
,,,0.000051866000,   0.02160,
,,,0.000051868000,   0.02160,
,,,0.000051870000,   0.02240,
,,,0.000051872000,   0.02240,
,,,0.000051874000,   0.02240,
,,,0.000051876000,   0.02320,
,,,0.000051878000,   0.02320,
,,,0.000051880000,   0.02320,
,,,0.000051882000,   0.02320,
,,,0.000051884000,   0.02320,
,,,0.000051886000,   0.02320,
,,,0.000051888000,   0.02400,
,,,0.000051890000,   0.02320,
,,,0.000051892000,   0.02400,
,,,0.000051894000,   0.02400,
,,,0.000051896000,   0.02400,
,,,0.000051898000,   0.02400,
,,,0.000051900000,   0.02400,
,,,0.000051902000,   0.02400,
,,,0.000051904000,   0.02400,
,,,0.000051906000,   0.02480,
,,,0.000051908000,   0.02480,
,,,0.000051910000,   0.02480,
,,,0.000051912000,   0.02480,
,,,0.000051914000,   0.02480,
,,,0.000051916000,   0.02560,
,,,0.000051918000,   0.02560,
,,,0.000051920000,   0.02560,
,,,0.000051922000,   0.02560,
,,,0.000051924000,   0.02560,
,,,0.000051926000,   0.02640,
,,,0.000051928000,   0.02640,
,,,0.000051930000,   0.02640,
,,,0.000051932000,   0.02640,
,,,0.000051934000,   0.02640,
,,,0.000051936000,   0.02640,
,,,0.000051938000,   0.02640,
,,,0.000051940000,   0.02640,
,,,0.000051942000,   0.02720,
,,,0.000051944000,   0.02720,
,,,0.000051946000,   0.02720,
,,,0.000051948000,   0.02720,
,,,0.000051950000,   0.02720,
,,,0.000051952000,   0.02800,
,,,0.000051954000,   0.02800,
,,,0.000051956000,   0.02800,
,,,0.000051958000,   0.02800,
,,,0.000051960000,   0.02800,
,,,0.000051962000,   0.02800,
,,,0.000051964000,   0.02800,
,,,0.000051966000,   0.02800,
,,,0.000051968000,   0.02800,
,,,0.000051970000,   0.02800,
,,,0.000051972000,   0.02800,
,,,0.000051974000,   0.02800,
,,,0.000051976000,   0.02800,
,,,0.000051978000,   0.02800,
,,,0.000051980000,   0.02880,
,,,0.000051982000,   0.02800,
,,,0.000051984000,   0.02880,
,,,0.000051986000,   0.02800,
,,,0.000051988000,   0.02800,
,,,0.000051990000,   0.02880,
,,,0.000051992000,   0.02880,
,,,0.000051994000,   0.02880,
,,,0.000051996000,   0.02880,
,,,0.000051998000,   0.02880,
,,,0.000052000000,   0.02880,
,,,0.000052002000,   0.02880,
,,,0.000052004000,   0.02880,
,,,0.000052006000,   0.02880,
,,,0.000052008000,   0.02880,
,,,0.000052010000,   0.02880,
,,,0.000052012000,   0.02880,
,,,0.000052014000,   0.02880,
,,,0.000052016000,   0.02880,
,,,0.000052018000,   0.02880,
,,,0.000052020000,   0.02880,
,,,0.000052022000,   0.02880,
,,,0.000052024000,   0.02880,
,,,0.000052026000,   0.02880,
,,,0.000052028000,   0.02880,
,,,0.000052030000,   0.02880,
,,,0.000052032000,   0.02880,
,,,0.000052034000,   0.02880,
,,,0.000052036000,   0.02880,
,,,0.000052038000,   0.02880,
,,,0.000052040000,   0.02880,
,,,0.000052042000,   0.02880,
,,,0.000052044000,   0.02880,
,,,0.000052046000,   0.02880,
,,,0.000052048000,   0.02880,
,,,0.000052050000,   0.02880,
,,,0.000052052000,   0.02880,
,,,0.000052054000,   0.02880,
,,,0.000052056000,   0.02880,
,,,0.000052058000,   0.02880,
,,,0.000052060000,   0.02880,
,,,0.000052062000,   0.02800,
,,,0.000052064000,   0.02880,
,,,0.000052066000,   0.02800,
,,,0.000052068000,   0.02880,
,,,0.000052070000,   0.02800,
,,,0.000052072000,   0.02800,
,,,0.000052074000,   0.02800,
,,,0.000052076000,   0.02800,
,,,0.000052078000,   0.02800,
,,,0.000052080000,   0.02800,
,,,0.000052082000,   0.02800,
,,,0.000052084000,   0.02800,
,,,0.000052086000,   0.02800,
,,,0.000052088000,   0.02800,
,,,0.000052090000,   0.02800,
,,,0.000052092000,   0.02800,
,,,0.000052094000,   0.02800,
,,,0.000052096000,   0.02800,
,,,0.000052098000,   0.02800,
,,,0.000052100000,   0.02720,
,,,0.000052102000,   0.02720,
,,,0.000052104000,   0.02720,
,,,0.000052106000,   0.02720,
,,,0.000052108000,   0.02720,
,,,0.000052110000,   0.02640,
,,,0.000052112000,   0.02640,
,,,0.000052114000,   0.02640,
,,,0.000052116000,   0.02640,
,,,0.000052118000,   0.02640,
,,,0.000052120000,   0.02640,
,,,0.000052122000,   0.02560,
,,,0.000052124000,   0.02560,
,,,0.000052126000,   0.02560,
,,,0.000052128000,   0.02560,
,,,0.000052130000,   0.02560,
,,,0.000052132000,   0.02560,
,,,0.000052134000,   0.02560,
,,,0.000052136000,   0.02560,
,,,0.000052138000,   0.02560,
,,,0.000052140000,   0.02480,
,,,0.000052142000,   0.02560,
,,,0.000052144000,   0.02480,
,,,0.000052146000,   0.02480,
,,,0.000052148000,   0.02480,
,,,0.000052150000,   0.02400,
,,,0.000052152000,   0.02400,
,,,0.000052154000,   0.02400,
,,,0.000052156000,   0.02400,
,,,0.000052158000,   0.02400,
,,,0.000052160000,   0.02400,
,,,0.000052162000,   0.02320,
,,,0.000052164000,   0.02400,
,,,0.000052166000,   0.02400,
,,,0.000052168000,   0.02320,
,,,0.000052170000,   0.02320,
,,,0.000052172000,   0.02320,
,,,0.000052174000,   0.02240,
,,,0.000052176000,   0.02240,
,,,0.000052178000,   0.02240,
,,,0.000052180000,   0.02240,
,,,0.000052182000,   0.02160,
,,,0.000052184000,   0.02160,
,,,0.000052186000,   0.02160,
,,,0.000052188000,   0.02160,
,,,0.000052190000,   0.02080,
,,,0.000052192000,   0.02080,
,,,0.000052194000,   0.02080,
,,,0.000052196000,   0.02080,
,,,0.000052198000,   0.02080,
,,,0.000052200000,   0.02000,
,,,0.000052202000,   0.02000,
,,,0.000052204000,   0.02000,
,,,0.000052206000,   0.02000,
,,,0.000052208000,   0.02000,
,,,0.000052210000,   0.02000,
,,,0.000052212000,   0.01920,
,,,0.000052214000,   0.01920,
,,,0.000052216000,   0.01920,
,,,0.000052218000,   0.01920,
,,,0.000052220000,   0.01920,
,,,0.000052222000,   0.01840,
,,,0.000052224000,   0.01840,
,,,0.000052226000,   0.01840,
,,,0.000052228000,   0.01840,
,,,0.000052230000,   0.01760,
,,,0.000052232000,   0.01760,
,,,0.000052234000,   0.01760,
,,,0.000052236000,   0.01760,
,,,0.000052238000,   0.01680,
,,,0.000052240000,   0.01680,
,,,0.000052242000,   0.01680,
,,,0.000052244000,   0.01680,
,,,0.000052246000,   0.01680,
,,,0.000052248000,   0.01600,
,,,0.000052250000,   0.01600,
,,,0.000052252000,   0.01520,
,,,0.000052254000,   0.01520,
,,,0.000052256000,   0.01520,
,,,0.000052258000,   0.01440,
,,,0.000052260000,   0.01440,
,,,0.000052262000,   0.01440,
,,,0.000052264000,   0.01440,
,,,0.000052266000,   0.01440,
,,,0.000052268000,   0.01440,
,,,0.000052270000,   0.01360,
,,,0.000052272000,   0.01360,
,,,0.000052274000,   0.01360,
,,,0.000052276000,   0.01360,
,,,0.000052278000,   0.01280,
,,,0.000052280000,   0.01280,
,,,0.000052282000,   0.01200,
,,,0.000052284000,   0.01200,
,,,0.000052286000,   0.01200,
,,,0.000052288000,   0.01200,
,,,0.000052290000,   0.01200,
,,,0.000052292000,   0.01120,
,,,0.000052294000,   0.01120,
,,,0.000052296000,   0.01040,
,,,0.000052298000,   0.01120,
,,,0.000052300000,   0.01040,
,,,0.000052302000,   0.01040,
,,,0.000052304000,   0.01040,
,,,0.000052306000,   0.01040,
,,,0.000052308000,   0.01040,
,,,0.000052310000,   0.00960,
,,,0.000052312000,   0.00880,
,,,0.000052314000,   0.00880,
,,,0.000052316000,   0.00880,
,,,0.000052318000,   0.00800,
,,,0.000052320000,   0.00720,
,,,0.000052322000,   0.00720,
,,,0.000052324000,   0.00720,
,,,0.000052326000,   0.00720,
,,,0.000052328000,   0.00720,
,,,0.000052330000,   0.00720,
,,,0.000052332000,   0.00720,
,,,0.000052334000,   0.00720,
,,,0.000052336000,   0.00720,
,,,0.000052338000,   0.00720,
,,,0.000052340000,   0.00640,
,,,0.000052342000,   0.00560,
,,,0.000052344000,   0.00560,
,,,0.000052346000,   0.00480,
,,,0.000052348000,   0.00480,
,,,0.000052350000,   0.00400,
,,,0.000052352000,   0.00400,
,,,0.000052354000,   0.00320,
,,,0.000052356000,   0.00240,
,,,0.000052358000,   0.00240,
,,,0.000052360000,   0.00240,
,,,0.000052362000,   0.00240,
,,,0.000052364000,   0.00240,
,,,0.000052366000,   0.00240,
,,,0.000052368000,   0.00320,
,,,0.000052370000,   0.00240,
,,,0.000052372000,   0.00240,
,,,0.000052374000,   0.00240,
,,,0.000052376000,   0.00240,
,,,0.000052378000,   0.00160,
,,,0.000052380000,   0.00160,
,,,0.000052382000,   0.00080,
,,,0.000052384000,   0.00000,
,,,0.000052386000,   0.00000,
,,,0.000052388000,  -0.00080,
,,,0.000052390000,  -0.00080,
,,,0.000052392000,  -0.00080,
,,,0.000052394000,  -0.00160,
,,,0.000052396000,  -0.00160,
,,,0.000052398000,  -0.00160,
,,,0.000052400000,  -0.00160,
,,,0.000052402000,  -0.00160,
,,,0.000052404000,  -0.00160,
,,,0.000052406000,  -0.00160,
,,,0.000052408000,  -0.00160,
,,,0.000052410000,  -0.00240,
,,,0.000052412000,  -0.00240,
,,,0.000052414000,  -0.00320,
,,,0.000052416000,  -0.00320,
,,,0.000052418000,  -0.00320,
,,,0.000052420000,  -0.00400,
,,,0.000052422000,  -0.00400,
,,,0.000052424000,  -0.00480,
,,,0.000052426000,  -0.00480,
,,,0.000052428000,  -0.00480,
,,,0.000052430000,  -0.00480,
,,,0.000052432000,  -0.00480,
,,,0.000052434000,  -0.00560,
,,,0.000052436000,  -0.00560,
,,,0.000052438000,  -0.00560,
,,,0.000052440000,  -0.00560,
,,,0.000052442000,  -0.00640,
,,,0.000052444000,  -0.00640,
,,,0.000052446000,  -0.00640,
,,,0.000052448000,  -0.00640,
,,,0.000052450000,  -0.00640,
,,,0.000052452000,  -0.00720,
,,,0.000052454000,  -0.00720,
,,,0.000052456000,  -0.00800,
,,,0.000052458000,  -0.00800,
,,,0.000052460000,  -0.00880,
,,,0.000052462000,  -0.00880,
,,,0.000052464000,  -0.00880,
,,,0.000052466000,  -0.00960,
,,,0.000052468000,  -0.00960,
,,,0.000052470000,  -0.00960,
,,,0.000052472000,  -0.00960,
,,,0.000052474000,  -0.00960,
,,,0.000052476000,  -0.01040,
,,,0.000052478000,  -0.01040,
,,,0.000052480000,  -0.01040,
,,,0.000052482000,  -0.01040,
,,,0.000052484000,  -0.01120,
,,,0.000052486000,  -0.01120,
,,,0.000052488000,  -0.01120,
,,,0.000052490000,  -0.01120,
,,,0.000052492000,  -0.01200,
,,,0.000052494000,  -0.01200,
,,,0.000052496000,  -0.01200,
,,,0.000052498000,  -0.01200,
,,,0.000052500000,  -0.01200,
,,,0.000052502000,  -0.01280,
,,,0.000052504000,  -0.01280,
,,,0.000052506000,  -0.01280,
,,,0.000052508000,  -0.01280,
,,,0.000052510000,  -0.01360,
,,,0.000052512000,  -0.01360,
,,,0.000052514000,  -0.01360,
,,,0.000052516000,  -0.01360,
,,,0.000052518000,  -0.01440,
,,,0.000052520000,  -0.01440,
,,,0.000052522000,  -0.01440,
,,,0.000052524000,  -0.01440,
,,,0.000052526000,  -0.01520,
,,,0.000052528000,  -0.01520,
,,,0.000052530000,  -0.01520,
,,,0.000052532000,  -0.01520,
,,,0.000052534000,  -0.01520,
,,,0.000052536000,  -0.01520,
,,,0.000052538000,  -0.01520,
,,,0.000052540000,  -0.01600,
,,,0.000052542000,  -0.01600,
,,,0.000052544000,  -0.01600,
,,,0.000052546000,  -0.01680,
,,,0.000052548000,  -0.01680,
,,,0.000052550000,  -0.01680,
,,,0.000052552000,  -0.01760,
,,,0.000052554000,  -0.01760,
,,,0.000052556000,  -0.01760,
,,,0.000052558000,  -0.01760,
,,,0.000052560000,  -0.01760,
,,,0.000052562000,  -0.01840,
,,,0.000052564000,  -0.01760,
,,,0.000052566000,  -0.01760,
,,,0.000052568000,  -0.01840,
,,,0.000052570000,  -0.01840,
,,,0.000052572000,  -0.01840,
,,,0.000052574000,  -0.01840,
,,,0.000052576000,  -0.01840,
,,,0.000052578000,  -0.01840,
,,,0.000052580000,  -0.01920,
,,,0.000052582000,  -0.01920,
,,,0.000052584000,  -0.01920,
,,,0.000052586000,  -0.01920,
,,,0.000052588000,  -0.01920,
,,,0.000052590000,  -0.01920,
,,,0.000052592000,  -0.01920,
,,,0.000052594000,  -0.01920,
,,,0.000052596000,  -0.01920,
,,,0.000052598000,  -0.01920,
,,,0.000052600000,  -0.01920,
,,,0.000052602000,  -0.02000,
,,,0.000052604000,  -0.01920,
,,,0.000052606000,  -0.02000,
,,,0.000052608000,  -0.02000,
,,,0.000052610000,  -0.02000,
,,,0.000052612000,  -0.02000,
,,,0.000052614000,  -0.02080,
,,,0.000052616000,  -0.02080,
,,,0.000052618000,  -0.02080,
,,,0.000052620000,  -0.02080,
,,,0.000052622000,  -0.02080,
,,,0.000052624000,  -0.02080,
,,,0.000052626000,  -0.02080,
,,,0.000052628000,  -0.02080,
,,,0.000052630000,  -0.02080,
,,,0.000052632000,  -0.02160,
,,,0.000052634000,  -0.02080,
,,,0.000052636000,  -0.02080,
,,,0.000052638000,  -0.02080,
,,,0.000052640000,  -0.02080,
,,,0.000052642000,  -0.02080,
,,,0.000052644000,  -0.02160,
,,,0.000052646000,  -0.02160,
,,,0.000052648000,  -0.02160,
,,,0.000052650000,  -0.02160,
,,,0.000052652000,  -0.02160,
,,,0.000052654000,  -0.02160,
,,,0.000052656000,  -0.02160,
,,,0.000052658000,  -0.02160,
,,,0.000052660000,  -0.02160,
,,,0.000052662000,  -0.02160,
,,,0.000052664000,  -0.02160,
,,,0.000052666000,  -0.02160,
,,,0.000052668000,  -0.02160,
,,,0.000052670000,  -0.02160,
,,,0.000052672000,  -0.02160,
,,,0.000052674000,  -0.02160,
,,,0.000052676000,  -0.02160,
,,,0.000052678000,  -0.02160,
,,,0.000052680000,  -0.02160,
,,,0.000052682000,  -0.02240,
,,,0.000052684000,  -0.02240,
,,,0.000052686000,  -0.02240,
,,,0.000052688000,  -0.02240,
,,,0.000052690000,  -0.02240,
,,,0.000052692000,  -0.02240,
,,,0.000052694000,  -0.02240,
,,,0.000052696000,  -0.02240,
,,,0.000052698000,  -0.02240,
,,,0.000052700000,  -0.02240,
,,,0.000052702000,  -0.02240,
,,,0.000052704000,  -0.02160,
,,,0.000052706000,  -0.02160,
,,,0.000052708000,  -0.02160,
,,,0.000052710000,  -0.02160,
,,,0.000052712000,  -0.02160,
,,,0.000052714000,  -0.02160,
,,,0.000052716000,  -0.02160,
,,,0.000052718000,  -0.02160,
,,,0.000052720000,  -0.02160,
,,,0.000052722000,  -0.02160,
,,,0.000052724000,  -0.02160,
,,,0.000052726000,  -0.02160,
,,,0.000052728000,  -0.02160,
,,,0.000052730000,  -0.02160,
,,,0.000052732000,  -0.02160,
,,,0.000052734000,  -0.02160,
,,,0.000052736000,  -0.02160,
,,,0.000052738000,  -0.02160,
,,,0.000052740000,  -0.02160,
,,,0.000052742000,  -0.02160,
,,,0.000052744000,  -0.02160,
,,,0.000052746000,  -0.02160,
,,,0.000052748000,  -0.02160,
,,,0.000052750000,  -0.02080,
,,,0.000052752000,  -0.02160,
,,,0.000052754000,  -0.02080,
,,,0.000052756000,  -0.02080,
,,,0.000052758000,  -0.02080,
,,,0.000052760000,  -0.02080,
,,,0.000052762000,  -0.02080,
,,,0.000052764000,  -0.02080,
,,,0.000052766000,  -0.02080,
,,,0.000052768000,  -0.02080,
,,,0.000052770000,  -0.02080,
,,,0.000052772000,  -0.02080,
,,,0.000052774000,  -0.02080,
,,,0.000052776000,  -0.02080,
,,,0.000052778000,  -0.02080,
,,,0.000052780000,  -0.02080,
,,,0.000052782000,  -0.02080,
,,,0.000052784000,  -0.02000,
,,,0.000052786000,  -0.02000,
,,,0.000052788000,  -0.02000,
,,,0.000052790000,  -0.01920,
,,,0.000052792000,  -0.01920,
,,,0.000052794000,  -0.01920,
,,,0.000052796000,  -0.01920,
,,,0.000052798000,  -0.01920,
,,,0.000052800000,  -0.01840,
,,,0.000052802000,  -0.01840,
,,,0.000052804000,  -0.01840,
,,,0.000052806000,  -0.01840,
,,,0.000052808000,  -0.01840,
,,,0.000052810000,  -0.01840,
,,,0.000052812000,  -0.01840,
,,,0.000052814000,  -0.01840,
,,,0.000052816000,  -0.01760,
,,,0.000052818000,  -0.01760,
,,,0.000052820000,  -0.01760,
,,,0.000052822000,  -0.01760,
,,,0.000052824000,  -0.01680,
,,,0.000052826000,  -0.01680,
,,,0.000052828000,  -0.01680,
,,,0.000052830000,  -0.01680,
,,,0.000052832000,  -0.01680,
,,,0.000052834000,  -0.01680,
,,,0.000052836000,  -0.01680,
,,,0.000052838000,  -0.01600,
,,,0.000052840000,  -0.01600,
,,,0.000052842000,  -0.01600,
,,,0.000052844000,  -0.01600,
,,,0.000052846000,  -0.01600,
,,,0.000052848000,  -0.01600,
,,,0.000052850000,  -0.01520,
,,,0.000052852000,  -0.01520,
,,,0.000052854000,  -0.01520,
,,,0.000052856000,  -0.01520,
,,,0.000052858000,  -0.01440,
,,,0.000052860000,  -0.01440,
,,,0.000052862000,  -0.01440,
,,,0.000052864000,  -0.01360,
,,,0.000052866000,  -0.01360,
,,,0.000052868000,  -0.01360,
,,,0.000052870000,  -0.01360,
,,,0.000052872000,  -0.01360,
,,,0.000052874000,  -0.01360,
,,,0.000052876000,  -0.01360,
,,,0.000052878000,  -0.01280,
,,,0.000052880000,  -0.01280,
,,,0.000052882000,  -0.01280,
,,,0.000052884000,  -0.01280,
,,,0.000052886000,  -0.01280,
,,,0.000052888000,  -0.01200,
,,,0.000052890000,  -0.01200,
,,,0.000052892000,  -0.01200,
,,,0.000052894000,  -0.01120,
,,,0.000052896000,  -0.01120,
,,,0.000052898000,  -0.01040,
,,,0.000052900000,  -0.01040,
,,,0.000052902000,  -0.01040,
,,,0.000052904000,  -0.00960,
,,,0.000052906000,  -0.00960,
,,,0.000052908000,  -0.00960,
,,,0.000052910000,  -0.00960,
,,,0.000052912000,  -0.00960,
,,,0.000052914000,  -0.00960,
,,,0.000052916000,  -0.00880,
,,,0.000052918000,  -0.00880,
,,,0.000052920000,  -0.00880,
,,,0.000052922000,  -0.00880,
,,,0.000052924000,  -0.00880,
,,,0.000052926000,  -0.00800,
,,,0.000052928000,  -0.00800,
,,,0.000052930000,  -0.00800,
,,,0.000052932000,  -0.00720,
,,,0.000052934000,  -0.00720,
,,,0.000052936000,  -0.00720,
,,,0.000052938000,  -0.00640,
,,,0.000052940000,  -0.00640,
,,,0.000052942000,  -0.00640,
,,,0.000052944000,  -0.00640,
,,,0.000052946000,  -0.00640,
,,,0.000052948000,  -0.00560,
,,,0.000052950000,  -0.00560,
,,,0.000052952000,  -0.00560,
,,,0.000052954000,  -0.00560,
,,,0.000052956000,  -0.00480,
,,,0.000052958000,  -0.00480,
,,,0.000052960000,  -0.00480,
,,,0.000052962000,  -0.00400,
,,,0.000052964000,  -0.00400,
,,,0.000052966000,  -0.00400,
,,,0.000052968000,  -0.00320,
,,,0.000052970000,  -0.00320,
,,,0.000052972000,  -0.00320,
,,,0.000052974000,  -0.00240,
,,,0.000052976000,  -0.00240,
,,,0.000052978000,  -0.00240,
,,,0.000052980000,  -0.00240,
,,,0.000052982000,  -0.00240,
,,,0.000052984000,  -0.00160,
,,,0.000052986000,  -0.00160,
,,,0.000052988000,  -0.00160,
,,,0.000052990000,  -0.00080,
,,,0.000052992000,  -0.00080,
,,,0.000052994000,  -0.00080,
,,,0.000052996000,   0.00000,
,,,0.000052998000,   0.00000,
,,,0.000053000000,   0.00000,
,,,0.000053002000,   0.00080,
,,,0.000053004000,   0.00080,
,,,0.000053006000,   0.00080,
,,,0.000053008000,   0.00160,
,,,0.000053010000,   0.00160,
,,,0.000053012000,   0.00160,
,,,0.000053014000,   0.00160,
,,,0.000053016000,   0.00240,
,,,0.000053018000,   0.00240,
,,,0.000053020000,   0.00240,
,,,0.000053022000,   0.00240,
,,,0.000053024000,   0.00240,
,,,0.000053026000,   0.00320,
,,,0.000053028000,   0.00320,
,,,0.000053030000,   0.00400,
,,,0.000053032000,   0.00400,
,,,0.000053034000,   0.00400,
,,,0.000053036000,   0.00400,
,,,0.000053038000,   0.00480,
,,,0.000053040000,   0.00480,
,,,0.000053042000,   0.00480,
,,,0.000053044000,   0.00560,
,,,0.000053046000,   0.00560,
,,,0.000053048000,   0.00640,
,,,0.000053050000,   0.00640,
,,,0.000053052000,   0.00640,
,,,0.000053054000,   0.00720,
,,,0.000053056000,   0.00720,
,,,0.000053058000,   0.00720,
,,,0.000053060000,   0.00800,
,,,0.000053062000,   0.00800,
,,,0.000053064000,   0.00800,
,,,0.000053066000,   0.00800,
,,,0.000053068000,   0.00880,
,,,0.000053070000,   0.00880,
,,,0.000053072000,   0.00880,
,,,0.000053074000,   0.00880,
,,,0.000053076000,   0.00880,
,,,0.000053078000,   0.00880,
,,,0.000053080000,   0.00960,
,,,0.000053082000,   0.00960,
,,,0.000053084000,   0.00960,
,,,0.000053086000,   0.01040,
,,,0.000053088000,   0.01040,
,,,0.000053090000,   0.01120,
,,,0.000053092000,   0.01120,
,,,0.000053094000,   0.01120,
,,,0.000053096000,   0.01120,
,,,0.000053098000,   0.01200,
,,,0.000053100000,   0.01200,
,,,0.000053102000,   0.01200,
,,,0.000053104000,   0.01280,
,,,0.000053106000,   0.01280,
,,,0.000053108000,   0.01280,
,,,0.000053110000,   0.01280,
,,,0.000053112000,   0.01360,
,,,0.000053114000,   0.01360,
,,,0.000053116000,   0.01360,
,,,0.000053118000,   0.01360,
,,,0.000053120000,   0.01440,
,,,0.000053122000,   0.01440,
,,,0.000053124000,   0.01440,
,,,0.000053126000,   0.01520,
,,,0.000053128000,   0.01520,
,,,0.000053130000,   0.01600,
,,,0.000053132000,   0.01600,
,,,0.000053134000,   0.01600,
,,,0.000053136000,   0.01600,
,,,0.000053138000,   0.01600,
,,,0.000053140000,   0.01600,
,,,0.000053142000,   0.01680,
,,,0.000053144000,   0.01680,
,,,0.000053146000,   0.01680,
,,,0.000053148000,   0.01680,
,,,0.000053150000,   0.01760,
,,,0.000053152000,   0.01760,
,,,0.000053154000,   0.01760,
,,,0.000053156000,   0.01760,
,,,0.000053158000,   0.01840,
,,,0.000053160000,   0.01840,
,,,0.000053162000,   0.01840,
,,,0.000053164000,   0.01840,
,,,0.000053166000,   0.01840,
,,,0.000053168000,   0.01920,
,,,0.000053170000,   0.01920,
,,,0.000053172000,   0.01920,
,,,0.000053174000,   0.02000,
,,,0.000053176000,   0.02000,
,,,0.000053178000,   0.02000,
,,,0.000053180000,   0.02000,
,,,0.000053182000,   0.02000,
,,,0.000053184000,   0.02080,
,,,0.000053186000,   0.02080,
,,,0.000053188000,   0.02080,
,,,0.000053190000,   0.02080,
,,,0.000053192000,   0.02080,
,,,0.000053194000,   0.02160,
,,,0.000053196000,   0.02160,
,,,0.000053198000,   0.02160,
,,,0.000053200000,   0.02160,
,,,0.000053202000,   0.02160,
,,,0.000053204000,   0.02240,
,,,0.000053206000,   0.02240,
,,,0.000053208000,   0.02240,
,,,0.000053210000,   0.02240,
,,,0.000053212000,   0.02240,
,,,0.000053214000,   0.02320,
,,,0.000053216000,   0.02320,
,,,0.000053218000,   0.02320,
,,,0.000053220000,   0.02320,
,,,0.000053222000,   0.02320,
,,,0.000053224000,   0.02400,
,,,0.000053226000,   0.02400,
,,,0.000053228000,   0.02400,
,,,0.000053230000,   0.02400,
,,,0.000053232000,   0.02480,
,,,0.000053234000,   0.02480,
,,,0.000053236000,   0.02480,
,,,0.000053238000,   0.02480,
,,,0.000053240000,   0.02480,
,,,0.000053242000,   0.02560,
,,,0.000053244000,   0.02560,
,,,0.000053246000,   0.02560,
,,,0.000053248000,   0.02560,
,,,0.000053250000,   0.02560,
,,,0.000053252000,   0.02560,
,,,0.000053254000,   0.02560,
,,,0.000053256000,   0.02560,
,,,0.000053258000,   0.02560,
,,,0.000053260000,   0.02560,
,,,0.000053262000,   0.02640,
,,,0.000053264000,   0.02640,
,,,0.000053266000,   0.02640,
,,,0.000053268000,   0.02640,
,,,0.000053270000,   0.02640,
,,,0.000053272000,   0.02720,
,,,0.000053274000,   0.02720,
,,,0.000053276000,   0.02720,
,,,0.000053278000,   0.02720,
,,,0.000053280000,   0.02720,
,,,0.000053282000,   0.02800,
,,,0.000053284000,   0.02720,
,,,0.000053286000,   0.02800,
,,,0.000053288000,   0.02720,
,,,0.000053290000,   0.02800,
,,,0.000053292000,   0.02800,
,,,0.000053294000,   0.02800,
,,,0.000053296000,   0.02800,
,,,0.000053298000,   0.02800,
,,,0.000053300000,   0.02800,
,,,0.000053302000,   0.02800,
,,,0.000053304000,   0.02800,
,,,0.000053306000,   0.02800,
,,,0.000053308000,   0.02800,
,,,0.000053310000,   0.02800,
,,,0.000053312000,   0.02800,
,,,0.000053314000,   0.02800,
,,,0.000053316000,   0.02880,
,,,0.000053318000,   0.02880,
,,,0.000053320000,   0.02880,
,,,0.000053322000,   0.02880,
,,,0.000053324000,   0.02800,
,,,0.000053326000,   0.02800,
,,,0.000053328000,   0.02880,
,,,0.000053330000,   0.02880,
,,,0.000053332000,   0.02800,
,,,0.000053334000,   0.02880,
,,,0.000053336000,   0.02880,
,,,0.000053338000,   0.02880,
,,,0.000053340000,   0.02880,
,,,0.000053342000,   0.02880,
,,,0.000053344000,   0.02880,
,,,0.000053346000,   0.02880,
,,,0.000053348000,   0.02880,
,,,0.000053350000,   0.02880,
,,,0.000053352000,   0.02960,
,,,0.000053354000,   0.02880,
,,,0.000053356000,   0.02880,
,,,0.000053358000,   0.02960,
,,,0.000053360000,   0.02960,
,,,0.000053362000,   0.02880,
,,,0.000053364000,   0.02880,
,,,0.000053366000,   0.02880,
,,,0.000053368000,   0.02880,
,,,0.000053370000,   0.02880,
,,,0.000053372000,   0.02880,
,,,0.000053374000,   0.02880,
,,,0.000053376000,   0.02880,
,,,0.000053378000,   0.02880,
,,,0.000053380000,   0.02880,
,,,0.000053382000,   0.02880,
,,,0.000053384000,   0.02880,
,,,0.000053386000,   0.02880,
,,,0.000053388000,   0.02880,
,,,0.000053390000,   0.02880,
,,,0.000053392000,   0.02880,
,,,0.000053394000,   0.02800,
,,,0.000053396000,   0.02800,
,,,0.000053398000,   0.02880,
,,,0.000053400000,   0.02880,
,,,0.000053402000,   0.02880,
,,,0.000053404000,   0.02800,
,,,0.000053406000,   0.02800,
,,,0.000053408000,   0.02800,
,,,0.000053410000,   0.02800,
,,,0.000053412000,   0.02800,
,,,0.000053414000,   0.02800,
,,,0.000053416000,   0.02800,
,,,0.000053418000,   0.02800,
,,,0.000053420000,   0.02720,
,,,0.000053422000,   0.02720,
,,,0.000053424000,   0.02720,
,,,0.000053426000,   0.02720,
,,,0.000053428000,   0.02720,
,,,0.000053430000,   0.02720,
,,,0.000053432000,   0.02720,
,,,0.000053434000,   0.02720,
,,,0.000053436000,   0.02720,
,,,0.000053438000,   0.02720,
,,,0.000053440000,   0.02720,
,,,0.000053442000,   0.02640,
,,,0.000053444000,   0.02720,
,,,0.000053446000,   0.02720,
,,,0.000053448000,   0.02640,
,,,0.000053450000,   0.02640,
,,,0.000053452000,   0.02640,
,,,0.000053454000,   0.02640,
,,,0.000053456000,   0.02640,
,,,0.000053458000,   0.02640,
,,,0.000053460000,   0.02640,
,,,0.000053462000,   0.02560,
,,,0.000053464000,   0.02560,
,,,0.000053466000,   0.02560,
,,,0.000053468000,   0.02560,
,,,0.000053470000,   0.02480,
,,,0.000053472000,   0.02480,
,,,0.000053474000,   0.02480,
,,,0.000053476000,   0.02480,
,,,0.000053478000,   0.02480,
,,,0.000053480000,   0.02480,
,,,0.000053482000,   0.02400,
,,,0.000053484000,   0.02400,
,,,0.000053486000,   0.02400,
,,,0.000053488000,   0.02400,
,,,0.000053490000,   0.02400,
,,,0.000053492000,   0.02400,
,,,0.000053494000,   0.02400,
,,,0.000053496000,   0.02400,
,,,0.000053498000,   0.02320,
,,,0.000053500000,   0.02320,
,,,0.000053502000,   0.02320,
,,,0.000053504000,   0.02320,
,,,0.000053506000,   0.02320,
,,,0.000053508000,   0.02240,
,,,0.000053510000,   0.02240,
,,,0.000053512000,   0.02240,
,,,0.000053514000,   0.02240,
,,,0.000053516000,   0.02160,
,,,0.000053518000,   0.02160,
,,,0.000053520000,   0.02160,
,,,0.000053522000,   0.02160,
,,,0.000053524000,   0.02160,
,,,0.000053526000,   0.02160,
,,,0.000053528000,   0.02160,
,,,0.000053530000,   0.02160,
,,,0.000053532000,   0.02080,
,,,0.000053534000,   0.02080,
,,,0.000053536000,   0.02080,
,,,0.000053538000,   0.02080,
,,,0.000053540000,   0.02000,
,,,0.000053542000,   0.02000,
,,,0.000053544000,   0.02000,
,,,0.000053546000,   0.02000,
,,,0.000053548000,   0.01920,
,,,0.000053550000,   0.01920,
,,,0.000053552000,   0.01920,
,,,0.000053554000,   0.01920,
,,,0.000053556000,   0.01920,
,,,0.000053558000,   0.01840,
,,,0.000053560000,   0.01840,
,,,0.000053562000,   0.01840,
,,,0.000053564000,   0.01840,
,,,0.000053566000,   0.01760,
,,,0.000053568000,   0.01760,
,,,0.000053570000,   0.01760,
,,,0.000053572000,   0.01680,
,,,0.000053574000,   0.01680,
,,,0.000053576000,   0.01680,
,,,0.000053578000,   0.01600,
,,,0.000053580000,   0.01600,
,,,0.000053582000,   0.01520,
,,,0.000053584000,   0.01520,
,,,0.000053586000,   0.01520,
,,,0.000053588000,   0.01520,
,,,0.000053590000,   0.01520,
,,,0.000053592000,   0.01520,
,,,0.000053594000,   0.01520,
,,,0.000053596000,   0.01440,
,,,0.000053598000,   0.01440,
,,,0.000053600000,   0.01440,
,,,0.000053602000,   0.01440,
,,,0.000053604000,   0.01360,
,,,0.000053606000,   0.01360,
,,,0.000053608000,   0.01280,
,,,0.000053610000,   0.01280,
,,,0.000053612000,   0.01280,
,,,0.000053614000,   0.01200,
,,,0.000053616000,   0.01200,
,,,0.000053618000,   0.01200,
,,,0.000053620000,   0.01200,
,,,0.000053622000,   0.01120,
,,,0.000053624000,   0.01120,
,,,0.000053626000,   0.01120,
,,,0.000053628000,   0.01120,
,,,0.000053630000,   0.01120,
,,,0.000053632000,   0.01040,
,,,0.000053634000,   0.01040,
,,,0.000053636000,   0.01040,
,,,0.000053638000,   0.01040,
,,,0.000053640000,   0.00960,
,,,0.000053642000,   0.00960,
,,,0.000053644000,   0.00880,
,,,0.000053646000,   0.00880,
,,,0.000053648000,   0.00880,
,,,0.000053650000,   0.00800,
,,,0.000053652000,   0.00800,
,,,0.000053654000,   0.00800,
,,,0.000053656000,   0.00720,
,,,0.000053658000,   0.00720,
,,,0.000053660000,   0.00720,
,,,0.000053662000,   0.00720,
,,,0.000053664000,   0.00720,
,,,0.000053666000,   0.00720,
,,,0.000053668000,   0.00720,
,,,0.000053670000,   0.00640,
,,,0.000053672000,   0.00640,
,,,0.000053674000,   0.00560,
,,,0.000053676000,   0.00560,
,,,0.000053678000,   0.00560,
,,,0.000053680000,   0.00480,
,,,0.000053682000,   0.00480,
,,,0.000053684000,   0.00400,
,,,0.000053686000,   0.00400,
,,,0.000053688000,   0.00400,
,,,0.000053690000,   0.00320,
,,,0.000053692000,   0.00320,
,,,0.000053694000,   0.00320,
,,,0.000053696000,   0.00320,
,,,0.000053698000,   0.00240,
,,,0.000053700000,   0.00240,
,,,0.000053702000,   0.00240,
,,,0.000053704000,   0.00240,
,,,0.000053706000,   0.00160,
,,,0.000053708000,   0.00160,
,,,0.000053710000,   0.00160,
,,,0.000053712000,   0.00080,
,,,0.000053714000,   0.00080,
,,,0.000053716000,   0.00080,
,,,0.000053718000,   0.00000,
,,,0.000053720000,   0.00000,
,,,0.000053722000,  -0.00080,
,,,0.000053724000,  -0.00080,
,,,0.000053726000,  -0.00080,
,,,0.000053728000,  -0.00080,
,,,0.000053730000,  -0.00080,
,,,0.000053732000,  -0.00080,
,,,0.000053734000,  -0.00160,
,,,0.000053736000,  -0.00160,
,,,0.000053738000,  -0.00160,
,,,0.000053740000,  -0.00240,
,,,0.000053742000,  -0.00240,
,,,0.000053744000,  -0.00320,
,,,0.000053746000,  -0.00320,
,,,0.000053748000,  -0.00320,
,,,0.000053750000,  -0.00400,
,,,0.000053752000,  -0.00400,
,,,0.000053754000,  -0.00400,
,,,0.000053756000,  -0.00480,
,,,0.000053758000,  -0.00480,
,,,0.000053760000,  -0.00480,
,,,0.000053762000,  -0.00480,
,,,0.000053764000,  -0.00560,
,,,0.000053766000,  -0.00560,
,,,0.000053768000,  -0.00560,
,,,0.000053770000,  -0.00560,
,,,0.000053772000,  -0.00640,
,,,0.000053774000,  -0.00640,
,,,0.000053776000,  -0.00640,
,,,0.000053778000,  -0.00720,
,,,0.000053780000,  -0.00720,
,,,0.000053782000,  -0.00720,
,,,0.000053784000,  -0.00720,
,,,0.000053786000,  -0.00800,
,,,0.000053788000,  -0.00800,
,,,0.000053790000,  -0.00800,
,,,0.000053792000,  -0.00880,
,,,0.000053794000,  -0.00800,
,,,0.000053796000,  -0.00880,
,,,0.000053798000,  -0.00880,
,,,0.000053800000,  -0.00880,
,,,0.000053802000,  -0.00880,
,,,0.000053804000,  -0.00960,
,,,0.000053806000,  -0.00960,
,,,0.000053808000,  -0.00960,
,,,0.000053810000,  -0.01040,
,,,0.000053812000,  -0.01040,
,,,0.000053814000,  -0.01040,
,,,0.000053816000,  -0.01120,
,,,0.000053818000,  -0.01120,
,,,0.000053820000,  -0.01120,
,,,0.000053822000,  -0.01120,
,,,0.000053824000,  -0.01200,
,,,0.000053826000,  -0.01200,
,,,0.000053828000,  -0.01200,
,,,0.000053830000,  -0.01200,
,,,0.000053832000,  -0.01200,
,,,0.000053834000,  -0.01280,
,,,0.000053836000,  -0.01280,
,,,0.000053838000,  -0.01280,
,,,0.000053840000,  -0.01360,
,,,0.000053842000,  -0.01360,
,,,0.000053844000,  -0.01360,
,,,0.000053846000,  -0.01360,
,,,0.000053848000,  -0.01360,
,,,0.000053850000,  -0.01360,
,,,0.000053852000,  -0.01440,
,,,0.000053854000,  -0.01440,
,,,0.000053856000,  -0.01440,
,,,0.000053858000,  -0.01440,
,,,0.000053860000,  -0.01440,
,,,0.000053862000,  -0.01520,
,,,0.000053864000,  -0.01440,
,,,0.000053866000,  -0.01520,
,,,0.000053868000,  -0.01520,
,,,0.000053870000,  -0.01520,
,,,0.000053872000,  -0.01600,
,,,0.000053874000,  -0.01600,
,,,0.000053876000,  -0.01600,
,,,0.000053878000,  -0.01600,
,,,0.000053880000,  -0.01680,
,,,0.000053882000,  -0.01680,
,,,0.000053884000,  -0.01680,
,,,0.000053886000,  -0.01680,
,,,0.000053888000,  -0.01680,
,,,0.000053890000,  -0.01680,
,,,0.000053892000,  -0.01680,
,,,0.000053894000,  -0.01680,
,,,0.000053896000,  -0.01680,
,,,0.000053898000,  -0.01760,
,,,0.000053900000,  -0.01760,
,,,0.000053902000,  -0.01760,
,,,0.000053904000,  -0.01760,
,,,0.000053906000,  -0.01760,
,,,0.000053908000,  -0.01840,
,,,0.000053910000,  -0.01840,
,,,0.000053912000,  -0.01840,
,,,0.000053914000,  -0.01920,
,,,0.000053916000,  -0.01920,
,,,0.000053918000,  -0.01840,
,,,0.000053920000,  -0.01920,
,,,0.000053922000,  -0.01920,
,,,0.000053924000,  -0.01920,
,,,0.000053926000,  -0.02000,
,,,0.000053928000,  -0.01920,
,,,0.000053930000,  -0.02000,
,,,0.000053932000,  -0.02000,
,,,0.000053934000,  -0.02000,
,,,0.000053936000,  -0.02000,
,,,0.000053938000,  -0.02000,
,,,0.000053940000,  -0.02000,
,,,0.000053942000,  -0.02000,
,,,0.000053944000,  -0.02080,
,,,0.000053946000,  -0.02080,
,,,0.000053948000,  -0.02080,
,,,0.000053950000,  -0.02080,
,,,0.000053952000,  -0.02080,
,,,0.000053954000,  -0.02080,
,,,0.000053956000,  -0.02080,
,,,0.000053958000,  -0.02080,
,,,0.000053960000,  -0.02080,
,,,0.000053962000,  -0.02080,
,,,0.000053964000,  -0.02080,
,,,0.000053966000,  -0.02080,
,,,0.000053968000,  -0.02080,
,,,0.000053970000,  -0.02080,
,,,0.000053972000,  -0.02160,
,,,0.000053974000,  -0.02160,
,,,0.000053976000,  -0.02160,
,,,0.000053978000,  -0.02160,
,,,0.000053980000,  -0.02160,
,,,0.000053982000,  -0.02160,
,,,0.000053984000,  -0.02160,
,,,0.000053986000,  -0.02160,
,,,0.000053988000,  -0.02160,
,,,0.000053990000,  -0.02160,
,,,0.000053992000,  -0.02160,
,,,0.000053994000,  -0.02160,
,,,0.000053996000,  -0.02160,
,,,0.000053998000,  -0.02160,
,,,0.000054000000,  -0.02160,
,,,0.000054002000,  -0.02160,
,,,0.000054004000,  -0.02160,
,,,0.000054006000,  -0.02160,
,,,0.000054008000,  -0.02160,
,,,0.000054010000,  -0.02160,
,,,0.000054012000,  -0.02160,
,,,0.000054014000,  -0.02160,
,,,0.000054016000,  -0.02160,
,,,0.000054018000,  -0.02240,
,,,0.000054020000,  -0.02160,
,,,0.000054022000,  -0.02160,
,,,0.000054024000,  -0.02160,
,,,0.000054026000,  -0.02160,
,,,0.000054028000,  -0.02160,
,,,0.000054030000,  -0.02240,
,,,0.000054032000,  -0.02240,
,,,0.000054034000,  -0.02240,
,,,0.000054036000,  -0.02160,
,,,0.000054038000,  -0.02160,
,,,0.000054040000,  -0.02240,
,,,0.000054042000,  -0.02240,
,,,0.000054044000,  -0.02160,
,,,0.000054046000,  -0.02160,
,,,0.000054048000,  -0.02160,
,,,0.000054050000,  -0.02160,
,,,0.000054052000,  -0.02160,
,,,0.000054054000,  -0.02160,
,,,0.000054056000,  -0.02160,
,,,0.000054058000,  -0.02160,
,,,0.000054060000,  -0.02160,
,,,0.000054062000,  -0.02160,
,,,0.000054064000,  -0.02160,
,,,0.000054066000,  -0.02160,
,,,0.000054068000,  -0.02160,
,,,0.000054070000,  -0.02160,
,,,0.000054072000,  -0.02160,
,,,0.000054074000,  -0.02160,
,,,0.000054076000,  -0.02160,
,,,0.000054078000,  -0.02160,
,,,0.000054080000,  -0.02160,
,,,0.000054082000,  -0.02160,
,,,0.000054084000,  -0.02080,
,,,0.000054086000,  -0.02160,
,,,0.000054088000,  -0.02080,
,,,0.000054090000,  -0.02080,
,,,0.000054092000,  -0.02080,
,,,0.000054094000,  -0.02080,
,,,0.000054096000,  -0.02080,
,,,0.000054098000,  -0.02080,
,,,0.000054100000,  -0.02080,
,,,0.000054102000,  -0.02080,
,,,0.000054104000,  -0.02080,
,,,0.000054106000,  -0.02000,
,,,0.000054108000,  -0.02000,
,,,0.000054110000,  -0.02000,
,,,0.000054112000,  -0.01920,
,,,0.000054114000,  -0.02000,
,,,0.000054116000,  -0.01920,
,,,0.000054118000,  -0.01920,
,,,0.000054120000,  -0.01920,
,,,0.000054122000,  -0.01920,
,,,0.000054124000,  -0.01920,
,,,0.000054126000,  -0.01920,
,,,0.000054128000,  -0.01920,
,,,0.000054130000,  -0.01920,
,,,0.000054132000,  -0.01920,
,,,0.000054134000,  -0.01920,
,,,0.000054136000,  -0.01840,
,,,0.000054138000,  -0.01840,
,,,0.000054140000,  -0.01840,
,,,0.000054142000,  -0.01840,
,,,0.000054144000,  -0.01840,
,,,0.000054146000,  -0.01840,
,,,0.000054148000,  -0.01840,
,,,0.000054150000,  -0.01840,
,,,0.000054152000,  -0.01840,
,,,0.000054154000,  -0.01760,
,,,0.000054156000,  -0.01760,
,,,0.000054158000,  -0.01680,
,,,0.000054160000,  -0.01680,
,,,0.000054162000,  -0.01680,
,,,0.000054164000,  -0.01680,
,,,0.000054166000,  -0.01680,
,,,0.000054168000,  -0.01680,
,,,0.000054170000,  -0.01680,
,,,0.000054172000,  -0.01600,
,,,0.000054174000,  -0.01600,
,,,0.000054176000,  -0.01600,
,,,0.000054178000,  -0.01600,
,,,0.000054180000,  -0.01600,
,,,0.000054182000,  -0.01520,
,,,0.000054184000,  -0.01520,
,,,0.000054186000,  -0.01520,
,,,0.000054188000,  -0.01520,
,,,0.000054190000,  -0.01440,
,,,0.000054192000,  -0.01440,
,,,0.000054194000,  -0.01440,
,,,0.000054196000,  -0.01360,
,,,0.000054198000,  -0.01360,
,,,0.000054200000,  -0.01360,
,,,0.000054202000,  -0.01360,
,,,0.000054204000,  -0.01360,
,,,0.000054206000,  -0.01280,
,,,0.000054208000,  -0.01280,
,,,0.000054210000,  -0.01280,
,,,0.000054212000,  -0.01280,
,,,0.000054214000,  -0.01200,
,,,0.000054216000,  -0.01200,
,,,0.000054218000,  -0.01200,
,,,0.000054220000,  -0.01200,
,,,0.000054222000,  -0.01200,
,,,0.000054224000,  -0.01200,
,,,0.000054226000,  -0.01120,
,,,0.000054228000,  -0.01120,
,,,0.000054230000,  -0.01120,
,,,0.000054232000,  -0.01120,
,,,0.000054234000,  -0.01040,
,,,0.000054236000,  -0.01040,
,,,0.000054238000,  -0.01040,
,,,0.000054240000,  -0.00960,
,,,0.000054242000,  -0.00960,
,,,0.000054244000,  -0.00960,
,,,0.000054246000,  -0.00960,
,,,0.000054248000,  -0.00880,
,,,0.000054250000,  -0.00880,
,,,0.000054252000,  -0.00880,
,,,0.000054254000,  -0.00880,
,,,0.000054256000,  -0.00800,
,,,0.000054258000,  -0.00800,
,,,0.000054260000,  -0.00800,
,,,0.000054262000,  -0.00800,
,,,0.000054264000,  -0.00720,
,,,0.000054266000,  -0.00720,
,,,0.000054268000,  -0.00720,
,,,0.000054270000,  -0.00720,
,,,0.000054272000,  -0.00640,
,,,0.000054274000,  -0.00640,
,,,0.000054276000,  -0.00560,
,,,0.000054278000,  -0.00560,
,,,0.000054280000,  -0.00560,
,,,0.000054282000,  -0.00560,
,,,0.000054284000,  -0.00480,
,,,0.000054286000,  -0.00480,
,,,0.000054288000,  -0.00480,
,,,0.000054290000,  -0.00480,
,,,0.000054292000,  -0.00400,
,,,0.000054294000,  -0.00400,
,,,0.000054296000,  -0.00400,
,,,0.000054298000,  -0.00400,
,,,0.000054300000,  -0.00320,
,,,0.000054302000,  -0.00320,
,,,0.000054304000,  -0.00320,
,,,0.000054306000,  -0.00320,
,,,0.000054308000,  -0.00240,
,,,0.000054310000,  -0.00240,
,,,0.000054312000,  -0.00240,
,,,0.000054314000,  -0.00160,
,,,0.000054316000,  -0.00160,
,,,0.000054318000,  -0.00080,
,,,0.000054320000,  -0.00080,
,,,0.000054322000,  -0.00080,
,,,0.000054324000,  -0.00080,
,,,0.000054326000,   0.00000,
,,,0.000054328000,   0.00000,
,,,0.000054330000,   0.00000,
,,,0.000054332000,   0.00000,
,,,0.000054334000,   0.00000,
,,,0.000054336000,   0.00080,
,,,0.000054338000,   0.00080,
,,,0.000054340000,   0.00080,
,,,0.000054342000,   0.00160,
,,,0.000054344000,   0.00160,
,,,0.000054346000,   0.00160,
,,,0.000054348000,   0.00240,
,,,0.000054350000,   0.00240,
,,,0.000054352000,   0.00240,
,,,0.000054354000,   0.00320,
,,,0.000054356000,   0.00320,
,,,0.000054358000,   0.00320,
,,,0.000054360000,   0.00400,
,,,0.000054362000,   0.00400,
,,,0.000054364000,   0.00400,
,,,0.000054366000,   0.00480,
,,,0.000054368000,   0.00480,
,,,0.000054370000,   0.00480,
,,,0.000054372000,   0.00480,
,,,0.000054374000,   0.00560,
,,,0.000054376000,   0.00560,
,,,0.000054378000,   0.00640,
,,,0.000054380000,   0.00640,
,,,0.000054382000,   0.00640,
,,,0.000054384000,   0.00640,
,,,0.000054386000,   0.00720,
,,,0.000054388000,   0.00720,
,,,0.000054390000,   0.00720,
,,,0.000054392000,   0.00800,
,,,0.000054394000,   0.00800,
,,,0.000054396000,   0.00800,
,,,0.000054398000,   0.00800,
,,,0.000054400000,   0.00800,
,,,0.000054402000,   0.00880,
,,,0.000054404000,   0.00880,
,,,0.000054406000,   0.00880,
,,,0.000054408000,   0.00960,
,,,0.000054410000,   0.00960,
,,,0.000054412000,   0.00960,
,,,0.000054414000,   0.01040,
,,,0.000054416000,   0.01040,
,,,0.000054418000,   0.01040,
,,,0.000054420000,   0.01040,
,,,0.000054422000,   0.01040,
,,,0.000054424000,   0.01120,
,,,0.000054426000,   0.01120,
,,,0.000054428000,   0.01120,
,,,0.000054430000,   0.01200,
,,,0.000054432000,   0.01200,
,,,0.000054434000,   0.01200,
,,,0.000054436000,   0.01280,
,,,0.000054438000,   0.01280,
,,,0.000054440000,   0.01280,
,,,0.000054442000,   0.01360,
,,,0.000054444000,   0.01360,
,,,0.000054446000,   0.01360,
,,,0.000054448000,   0.01440,
,,,0.000054450000,   0.01440,
,,,0.000054452000,   0.01440,
,,,0.000054454000,   0.01520,
,,,0.000054456000,   0.01520,
,,,0.000054458000,   0.01520,
,,,0.000054460000,   0.01520,
,,,0.000054462000,   0.01520,
,,,0.000054464000,   0.01520,
,,,0.000054466000,   0.01520,
,,,0.000054468000,   0.01600,
,,,0.000054470000,   0.01600,
,,,0.000054472000,   0.01600,
,,,0.000054474000,   0.01600,
,,,0.000054476000,   0.01680,
,,,0.000054478000,   0.01680,
,,,0.000054480000,   0.01680,
,,,0.000054482000,   0.01680,
,,,0.000054484000,   0.01760,
,,,0.000054486000,   0.01760,
,,,0.000054488000,   0.01760,
,,,0.000054490000,   0.01760,
,,,0.000054492000,   0.01840,
,,,0.000054494000,   0.01840,
,,,0.000054496000,   0.01840,
,,,0.000054498000,   0.01920,
