in s,Math in V
2.4800E-07,-2.02089E-04
2.4880E-07,-1.04527E-04
2.4960E-07,-1.63064E-04
2.5040E-07,-6.55021E-05
2.5120E-07,-1.82577E-04
2.5200E-07,-2.60627E-04
2.5280E-07,-1.43552E-04
2.5360E-07,-2.02089E-04
2.5440E-07,-1.82577E-04
2.5520E-07,-1.24040E-04
2.5600E-07,-1.04527E-04
2.5680E-07,-1.63064E-04
2.5760E-07,-2.41114E-04
2.5840E-07,-1.63064E-04
2.5920E-07,-1.04527E-04
2.6000E-07,-1.04527E-04
2.6080E-07,-1.24040E-04
2.6160E-07,-1.82577E-04
2.6240E-07,-2.41114E-04
2.6320E-07,-1.63064E-04
2.6400E-07,-2.02089E-04
2.6480E-07,-1.63064E-04
2.6560E-07,-1.82577E-04
2.6640E-07,-1.24040E-04
2.6720E-07,-1.04527E-04
2.6800E-07,-1.82577E-04
2.6880E-07,-1.43552E-04
2.6960E-07,-1.63064E-04
2.7040E-07,-1.63064E-04
2.7120E-07,-1.82577E-04
2.7200E-07,-8.50146E-05
2.7280E-07,-1.04527E-04
2.7360E-07,-1.04527E-04
2.7440E-07,-1.04527E-04
2.7520E-07,-1.43552E-04
2.7600E-07,-1.82577E-04
2.7680E-07,-1.43552E-04
2.7760E-07,-1.82577E-04
2.7840E-07,-1.24040E-04
2.7920E-07,-1.43552E-04
2.8000E-07,-1.04527E-04
2.8080E-07,-8.50146E-05
2.8160E-07,-1.63064E-04
2.8240E-07,-1.24040E-04
2.8320E-07,-1.24040E-04
2.8400E-07,-1.82577E-04
2.8480E-07,-1.24040E-04
2.8560E-07,-6.55021E-05
2.8640E-07,-1.24040E-04
2.8720E-07,-1.24040E-04
2.8800E-07,-2.60627E-04
2.8880E-07,-2.02089E-04
2.8960E-07,-2.02089E-04
2.9040E-07,-1.63064E-04
2.9120E-07,-8.50146E-05
2.9200E-07,-4.59896E-05
2.9280E-07,-6.55021E-05
2.9360E-07,-2.64772E-05
2.9440E-07,-6.55021E-05
2.9520E-07,-2.21602E-04
2.9600E-07,-2.21602E-04
2.9680E-07,-2.02089E-04
2.9760E-07,-1.82577E-04
2.9840E-07,-1.24040E-04
2.9920E-07,-1.24040E-04
3.0000E-07,-8.50146E-05
3.0080E-07,-1.63064E-04
3.0160E-07,-1.82577E-04
3.0240E-07,-8.50146E-05
3.0320E-07,-1.24040E-04
3.0400E-07,-1.04527E-04
3.0480E-07,-1.04527E-04
3.0560E-07,-4.59896E-05
3.0640E-07,-8.50146E-05
3.0720E-07,-1.43552E-04
3.0800E-07,-4.59896E-05
3.0880E-07,-1.24040E-04
3.0960E-07,-1.82577E-04
3.1040E-07,-6.55021E-05
3.1120E-07,-1.63064E-04
3.1200E-07,-1.43552E-04
3.1280E-07,-8.50146E-05
3.1360E-07,-2.02089E-04
3.1440E-07,-1.24040E-04
3.1520E-07,-1.63064E-04
3.1600E-07,-1.43552E-04
3.1680E-07,-2.02089E-04
3.1760E-07,-1.24040E-04
3.1840E-07,-6.55021E-05
3.1920E-07,-2.64772E-05
3.2000E-07,-6.55021E-05
3.2080E-07,-1.04527E-04
3.2160E-07,-1.24040E-04
3.2240E-07,-1.63064E-04
3.2320E-07,-1.63064E-04
3.2400E-07,-1.43552E-04
3.2480E-07,-4.59896E-05
3.2560E-07,-2.64772E-05
3.2640E-07,-8.50146E-05
3.2720E-07,-6.55021E-05
3.2800E-07,-6.55021E-05
3.2880E-07,-1.43552E-04
3.2960E-07,-1.24040E-04
3.3040E-07,-1.82577E-04
3.3120E-07,-1.04527E-04
3.3200E-07,-2.64772E-05
3.3280E-07,-6.55021E-05
3.3360E-07,-1.43552E-04
3.3440E-07,-2.02089E-04
3.3520E-07,-2.21602E-04
3.3600E-07,-1.82577E-04
3.3680E-07,-1.63064E-04
3.3760E-07,-2.02089E-04
3.3840E-07,-1.43552E-04
3.3920E-07,-1.43552E-04
3.4000E-07,-1.43552E-04
3.4080E-07,-1.63064E-04
3.4160E-07,-2.21602E-04
3.4240E-07,-1.43552E-04
3.4320E-07,-1.63064E-04
3.4400E-07,-1.63064E-04
3.4480E-07,-2.60627E-04
3.4560E-07,-2.21602E-04
3.4640E-07,-1.63064E-04
3.4720E-07,-2.21602E-04
3.4800E-07,-2.21602E-04
3.4880E-07,-1.63064E-04
3.4960E-07,-2.21602E-04
3.5040E-07,-1.82577E-04
3.5120E-07,-1.24040E-04
3.5200E-07,-2.21602E-04
3.5280E-07,-2.21602E-04
3.5360E-07,-2.41114E-04
3.5440E-07,-1.63064E-04
3.5520E-07,-2.02089E-04
3.5600E-07,-1.82577E-04
3.5680E-07,-2.02089E-04
3.5760E-07,-1.04527E-04
3.5840E-07,-1.04527E-04
3.5920E-07,-1.82577E-04
3.6000E-07,-1.43552E-04
3.6080E-07,-2.02089E-04
3.6160E-07,-1.63064E-04
3.6240E-07,-2.02089E-04
3.6320E-07,-1.24040E-04
3.6400E-07,-1.82577E-04
3.6480E-07,-2.41114E-04
3.6560E-07,-6.55021E-05
3.6640E-07,-1.63064E-04
3.6720E-07,-1.82577E-04
3.6800E-07,-1.24040E-04
3.6880E-07,-1.04527E-04
3.6960E-07,-1.43552E-04
3.7040E-07,-1.43552E-04
3.7120E-07,-1.82577E-04
3.7200E-07,-1.82577E-04
3.7280E-07,-1.24040E-04
3.7360E-07,-1.43552E-04
3.7440E-07,-1.63064E-04
3.7520E-07,-8.50146E-05
3.7600E-07,-1.04527E-04
3.7680E-07,-1.24040E-04
3.7760E-07,-1.82577E-04
3.7840E-07,-2.02089E-04
3.7920E-07,-1.43552E-04
3.8000E-07,-2.60627E-04
3.8080E-07,-1.82577E-04
3.8160E-07,-1.82577E-04
3.8240E-07,-2.02089E-04
3.8320E-07,-2.41114E-04
3.8400E-07,-3.58799E-04
3.8480E-07,-2.41114E-04
3.8560E-07,-1.43552E-04
3.8640E-07,-2.60627E-04
3.8720E-07,-1.63064E-04
3.8800E-07,-1.43552E-04
3.8880E-07,-2.02089E-04
3.8960E-07,-1.43552E-04
3.9040E-07,-2.41114E-04
3.9120E-07,-1.63064E-04
3.9200E-07,-2.80749E-04
3.9280E-07,-2.60627E-04
3.9360E-07,-2.41114E-04
3.9440E-07,-1.63064E-04
3.9520E-07,-1.24040E-04
3.9600E-07,-1.43552E-04
3.9680E-07,-1.43552E-04
3.9760E-07,-2.02089E-04
3.9840E-07,-2.21602E-04
3.9920E-07,-2.21602E-04
4.0000E-07,-1.24040E-04
4.0080E-07,-2.02089E-04
4.0160E-07,-1.04527E-04
4.0240E-07,-2.21602E-04
4.0320E-07,-1.82577E-04
4.0400E-07,-2.02089E-04
4.0480E-07,-1.82577E-04
4.0560E-07,-2.21602E-04
4.0640E-07,-2.41114E-04
4.0720E-07,-2.02089E-04
4.0800E-07,-1.43552E-04
4.0880E-07,-2.41114E-04
4.0960E-07,-1.63064E-04
4.1040E-07,-8.50146E-05
4.1120E-07,-1.24040E-04
4.1200E-07,-3.19774E-04
4.1280E-07,-1.82577E-04
4.1360E-07,-3.00262E-04
4.1440E-07,-1.43552E-04
4.1520E-07,-1.63064E-04
4.1600E-07,-2.60627E-04
4.1680E-07,-1.24040E-04
4.1760E-07,-1.24040E-04
4.1840E-07,-1.63064E-04
4.1920E-07,-1.63064E-04
4.2000E-07,-1.63064E-04
4.2080E-07,-8.50146E-05
4.2160E-07,-1.24040E-04
4.2240E-07,-2.02089E-04
4.2320E-07,-1.24040E-04
4.2400E-07,-1.43552E-04
4.2480E-07,-1.24040E-04
4.2560E-07,-6.55021E-05
4.2640E-07,-1.04527E-04
4.2720E-07,-1.04527E-04
4.2800E-07,-1.63064E-04
4.2880E-07,-1.43552E-04
4.2960E-07,-2.02089E-04
4.3040E-07,-1.63064E-04
4.3120E-07,-1.63064E-04
4.3200E-07,-2.02089E-04
4.3280E-07,-1.43552E-04
4.3360E-07,-1.24040E-04
4.3440E-07,-1.63064E-04
4.3520E-07,-1.82577E-04
4.3600E-07,-1.82577E-04
4.3680E-07,-1.04527E-04
4.3760E-07,-1.63064E-04
4.3840E-07,-1.43552E-04
4.3920E-07,-4.59896E-05
4.4000E-07,-1.24040E-04
4.4080E-07,-1.24040E-04
4.4160E-07,-1.82577E-04
4.4240E-07,-1.63064E-04
4.4320E-07,-1.04527E-04
4.4400E-07,-2.02089E-04
4.4480E-07,-1.43552E-04
4.4560E-07,-1.04527E-04
4.4640E-07,-2.64772E-05
4.4720E-07,-2.21602E-04
4.4800E-07,-1.24040E-04
4.4880E-07,-1.43552E-04
4.4960E-07,-1.04527E-04
4.5040E-07,-1.43552E-04
4.5120E-07,-8.50146E-05
4.5200E-07,-6.55021E-05
4.5280E-07,-1.82577E-04
4.5360E-07,-1.43552E-04
4.5440E-07,-1.63064E-04
4.5520E-07,-1.63064E-04
4.5600E-07,-1.24040E-04
4.5680E-07,-1.63064E-04
4.5760E-07,-1.24040E-04
4.5840E-07,-6.55021E-05
4.5920E-07,-1.24040E-04
4.6000E-07,-1.43552E-04
4.6080E-07,-2.02089E-04
4.6160E-07,-1.63064E-04
4.6240E-07,-2.02089E-04
4.6320E-07,-1.63064E-04
4.6400E-07,-1.24040E-04
4.6480E-07,-1.63064E-04
4.6560E-07,-1.24040E-04
4.6640E-07,-1.24040E-04
4.6720E-07,-1.24040E-04
4.6800E-07,-1.24040E-04
4.6880E-07,-1.04527E-04
4.6960E-07,-2.41114E-04
4.7040E-07,-2.02089E-04
4.7120E-07,-2.02089E-04
4.7200E-07,-1.24040E-04
4.7280E-07,-2.21602E-04
4.7360E-07,-2.41114E-04
4.7440E-07,-1.82577E-04
4.7520E-07,-2.02089E-04
4.7600E-07,-2.02089E-04
4.7680E-07,-1.04527E-04
4.7760E-07,-2.02089E-04
4.7840E-07,-2.02089E-04
4.7920E-07,-1.82577E-04
4.8000E-07,-1.63064E-04
4.8080E-07,-2.02089E-04
4.8160E-07,-1.82577E-04
4.8240E-07,-8.50146E-05
4.8320E-07,-1.43552E-04
4.8400E-07,-2.02089E-04
4.8480E-07,-1.43552E-04
4.8560E-07,-1.04527E-04
4.8640E-07,-2.21602E-04
4.8720E-07,-1.63064E-04
4.8800E-07,-1.24040E-04
4.8880E-07,-1.24040E-04
4.8960E-07,-1.43552E-04
4.9040E-07,-1.63064E-04
4.9120E-07,-1.63064E-04
4.9200E-07,-1.63064E-04
4.9280E-07,-1.82577E-04
4.9360E-07,-1.82577E-04
4.9440E-07,-1.24040E-04
4.9520E-07,-2.02089E-04
4.9600E-07,-2.21602E-04
4.9680E-07,-8.50146E-05
4.9760E-07,-1.04527E-04
4.9840E-07,-1.04527E-04
4.9920E-07,-8.50146E-05
5.0000E-07,-1.43552E-04
5.0080E-07,-8.50146E-05
5.0160E-07,-1.04527E-04
5.0240E-07,-1.43552E-04
5.0320E-07,-1.24040E-04
5.0400E-07,-1.63064E-04
5.0480E-07,-1.63064E-04
5.0560E-07,-8.50146E-05
5.0640E-07,-8.50146E-05
5.0720E-07,-1.63064E-04
5.0800E-07,-2.02089E-04
5.0880E-07,-2.02089E-04
5.0960E-07,-1.43552E-04
5.1040E-07,-6.55021E-05
5.1120E-07,-1.24040E-04
5.1200E-07,-1.82577E-04
5.1280E-07,-1.82577E-04
5.1360E-07,-1.63064E-04
5.1440E-07,-2.80749E-04
5.1520E-07,-1.82577E-04
5.1600E-07,-1.63064E-04
5.1680E-07,-1.24040E-04
5.1760E-07,-1.43552E-04
5.1840E-07,-2.80749E-04
5.1920E-07,-1.24040E-04
5.2000E-07,-8.50146E-05
5.2080E-07,-8.50146E-05
5.2160E-07,-1.43552E-04
5.2240E-07,-1.82577E-04
5.2320E-07,-1.24040E-04
5.2400E-07,-2.21602E-04
5.2480E-07,-2.41114E-04
5.2560E-07,-2.80749E-04
5.2640E-07,-1.63064E-04
5.2720E-07,-1.82577E-04
5.2800E-07,-1.24040E-04
5.2880E-07,-1.63064E-04
5.2960E-07,-8.50146E-05
5.3040E-07,-1.82577E-04
5.3120E-07,-1.63064E-04
5.3200E-07,-1.82577E-04
5.3280E-07,-2.21602E-04
5.3360E-07,-2.21602E-04
5.3440E-07,-1.82577E-04
5.3520E-07,-4.59896E-05
5.3600E-07,-1.04527E-04
5.3680E-07,-2.02089E-04
5.3760E-07,-2.21602E-04
5.3840E-07,-2.64772E-05
5.3920E-07,7.10852E-05
5.4000E-07,2.07673E-04
5.4080E-07,3.24747E-04
5.4160E-07,3.05235E-04
5.4240E-07,3.44260E-04
5.4320E-07,3.05235E-04
5.4400E-07,3.05235E-04
5.4480E-07,2.85722E-04
5.4560E-07,2.27185E-04
5.4640E-07,2.66210E-04
5.4720E-07,3.05235E-04
5.4800E-07,2.27185E-04
5.4880E-07,3.05235E-04
5.4960E-07,3.24747E-04
5.5040E-07,2.07673E-04
5.5120E-07,3.24747E-04
5.5200E-07,1.68648E-04
5.5280E-07,1.29623E-04
5.5360E-07,2.27185E-04
5.5440E-07,2.27185E-04
5.5520E-07,3.24747E-04
5.5600E-07,3.83895E-04
5.5680E-07,2.07673E-04
5.5760E-07,2.46697E-04
5.5840E-07,1.88160E-04
5.5920E-07,2.46697E-04
5.6000E-07,2.27185E-04
5.6080E-07,2.46697E-04
5.6160E-07,1.68648E-04
5.6240E-07,2.46697E-04
5.6320E-07,3.05235E-04
5.6400E-07,2.27185E-04
5.6480E-07,1.88160E-04
5.6560E-07,7.10852E-05
5.6640E-07,2.07673E-04
5.6720E-07,9.05977E-05
5.6800E-07,1.88160E-04
5.6880E-07,2.27185E-04
5.6960E-07,2.07673E-04
5.7040E-07,1.68648E-04
5.7120E-07,1.88160E-04
5.7200E-07,7.10852E-05
5.7280E-07,1.29623E-04
5.7360E-07,1.29623E-04
5.7440E-07,5.15727E-05
5.7520E-07,1.49135E-04
5.7600E-07,1.29623E-04
5.7680E-07,9.05977E-05
5.7760E-07,1.68648E-04
5.7840E-07,1.29623E-04
5.7920E-07,2.07673E-04
5.8000E-07,2.07673E-04
5.8080E-07,1.88160E-04
5.8160E-07,1.29623E-04
5.8240E-07,1.49135E-04
5.8320E-07,1.10110E-04
5.8400E-07,5.15727E-05
5.8480E-07,5.15727E-05
5.8560E-07,5.15727E-05
5.8640E-07,1.29623E-04
5.8720E-07,1.10110E-04
5.8800E-07,1.29623E-04
5.8880E-07,1.10110E-04
5.8960E-07,1.49135E-04
5.9040E-07,1.49135E-04
5.9120E-07,5.15727E-05
5.9200E-07,7.10852E-05
5.9280E-07,5.15727E-05
5.9360E-07,5.15727E-05
5.9440E-07,3.20603E-05
5.9520E-07,9.05977E-05
5.9600E-07,3.20603E-05
5.9680E-07,3.20603E-05
5.9760E-07,-6.96468E-06
5.9840E-07,5.15727E-05
5.9920E-07,-6.96468E-06
6.0000E-07,3.20603E-05
6.0080E-07,-2.64772E-05
6.0160E-07,1.25478E-05
6.0240E-07,1.25478E-05
6.0320E-07,7.10852E-05
6.0400E-07,1.25478E-05
6.0480E-07,-6.96468E-06
6.0560E-07,-6.96468E-06
6.0640E-07,5.15727E-05
6.0720E-07,7.10852E-05
6.0800E-07,9.05977E-05
6.0880E-07,7.10852E-05
6.0960E-07,3.20603E-05
6.1040E-07,1.25478E-05
6.1120E-07,3.20603E-05
6.1200E-07,1.25478E-05
6.1280E-07,1.25478E-05
6.1360E-07,-4.59896E-05
6.1440E-07,-4.59896E-05
6.1520E-07,-4.59896E-05
6.1600E-07,3.20603E-05
6.1680E-07,1.25478E-05
6.1760E-07,1.25478E-05
6.1840E-07,3.20603E-05
6.1920E-07,-8.50146E-05
6.2000E-07,-4.59896E-05
6.2080E-07,-4.59896E-05
6.2160E-07,-2.64772E-05
6.2240E-07,3.20603E-05
6.2320E-07,-6.55021E-05
6.2400E-07,-2.64772E-05
6.2480E-07,3.20603E-05
6.2560E-07,9.05977E-05
6.2640E-07,-4.59896E-05
6.2720E-07,5.15727E-05
6.2800E-07,1.25478E-05
6.2880E-07,-4.59896E-05
6.2960E-07,-8.50146E-05
6.3040E-07,1.25478E-05
6.3120E-07,1.25478E-05
6.3200E-07,5.15727E-05
6.3280E-07,1.25478E-05
6.3360E-07,-2.64772E-05
6.3440E-07,-2.64772E-05
6.3520E-07,3.20603E-05
6.3600E-07,-6.55021E-05
6.3680E-07,-6.55021E-05
6.3760E-07,-6.96468E-06
6.3840E-07,1.25478E-05
6.3920E-07,5.15727E-05
6.4000E-07,-2.64772E-05
6.4080E-07,-6.96468E-06
6.4160E-07,-4.59896E-05
6.4240E-07,-4.59896E-05
6.4320E-07,1.25478E-05
6.4400E-07,-6.96468E-06
6.4480E-07,-6.96468E-06
6.4560E-07,-2.64772E-05
6.4640E-07,-8.50146E-05
6.4720E-07,-8.50146E-05
6.4800E-07,-8.50146E-05
6.4880E-07,-6.55021E-05
6.4960E-07,-8.50146E-05
6.5040E-07,-1.04527E-04
6.5120E-07,-8.50146E-05
6.5200E-07,-6.96468E-06
6.5280E-07,-4.59896E-05
6.5360E-07,7.10852E-05
6.5440E-07,-8.50146E-05
6.5520E-07,-4.59896E-05
6.5600E-07,-8.50146E-05
6.5680E-07,-4.59896E-05
6.5760E-07,-4.59896E-05
6.5840E-07,-6.55021E-05
6.5920E-07,-6.55021E-05
6.6000E-07,-4.59896E-05
6.6080E-07,1.25478E-05
6.6160E-07,-1.63064E-04
6.6240E-07,-2.64772E-05
6.6320E-07,-6.96468E-06
6.6400E-07,-8.50146E-05
6.6480E-07,-1.24040E-04
6.6560E-07,-6.96468E-06
6.6640E-07,-2.64772E-05
6.6720E-07,-6.96468E-06
6.6800E-07,-8.50146E-05
6.6880E-07,-6.96468E-06
6.6960E-07,-8.50146E-05
6.7040E-07,-4.59896E-05
6.7120E-07,-6.55021E-05
6.7200E-07,-1.24040E-04
6.7280E-07,-4.59896E-05
6.7360E-07,-1.04527E-04
6.7440E-07,-8.50146E-05
6.7520E-07,-4.59896E-05
6.7600E-07,-1.63064E-04
6.7680E-07,-1.24040E-04
6.7760E-07,-4.59896E-05
6.7840E-07,-1.04527E-04
6.7920E-07,-1.04527E-04
6.8000E-07,-1.04527E-04
6.8080E-07,-2.02089E-04
6.8160E-07,-1.24040E-04
6.8240E-07,-6.55021E-05
6.8320E-07,-6.55021E-05
6.8400E-07,-1.24040E-04
6.8480E-07,-1.04527E-04
6.8560E-07,-1.04527E-04
6.8640E-07,-1.43552E-04
6.8720E-07,-1.24040E-04
6.8800E-07,-1.82577E-04
6.8880E-07,-2.21602E-04
6.8960E-07,-1.04527E-04
6.9040E-07,-8.50146E-05
6.9120E-07,-2.02089E-04
6.9200E-07,-6.55021E-05
6.9280E-07,-8.50146E-05
6.9360E-07,-1.24040E-04
6.9440E-07,-1.43552E-04
6.9520E-07,-6.55021E-05
6.9600E-07,-2.64772E-05
6.9680E-07,-6.96468E-06
6.9760E-07,-8.50146E-05
6.9840E-07,-1.04527E-04
6.9920E-07,-1.04527E-04
7.0000E-07,-2.60627E-04
7.0080E-07,-1.24040E-04
7.0160E-07,-8.50146E-05
7.0240E-07,-4.59896E-05
7.0320E-07,-2.64772E-05
7.0400E-07,-1.43552E-04
7.0480E-07,-4.59896E-05
7.0560E-07,-1.82577E-04
7.0640E-07,-1.24040E-04
7.0720E-07,-1.43552E-04
7.0800E-07,-1.43552E-04
7.0880E-07,-8.50146E-05
7.0960E-07,-2.21602E-04
7.1040E-07,-1.43552E-04
7.1120E-07,-1.43552E-04
7.1200E-07,-1.63064E-04
7.1280E-07,-1.43552E-04
7.1360E-07,-2.21602E-04
7.1440E-07,-1.43552E-04
7.1520E-07,-1.24040E-04
7.1600E-07,-8.50146E-05
7.1680E-07,-1.43552E-04
7.1760E-07,-1.04527E-04
7.1840E-07,-1.82577E-04
7.1920E-07,-1.63064E-04
7.2000E-07,-1.04527E-04
7.2080E-07,-2.60627E-04
7.2160E-07,-1.04527E-04
7.2240E-07,-1.43552E-04
7.2320E-07,-1.24040E-04
7.2400E-07,-2.02089E-04
7.2480E-07,-1.82577E-04
7.2560E-07,-1.04527E-04
7.2640E-07,-1.43552E-04
7.2720E-07,-2.41114E-04
7.2800E-07,-8.50146E-05
7.2880E-07,-1.04527E-04
7.2960E-07,-1.04527E-04
7.3040E-07,-4.59896E-05
7.3120E-07,-6.55021E-05
7.3200E-07,-1.82577E-04
7.3280E-07,-1.24040E-04
7.3360E-07,-2.21602E-04
7.3440E-07,-1.43552E-04
7.3520E-07,-2.02089E-04
7.3600E-07,-2.02089E-04
7.3680E-07,-2.41114E-04
7.3760E-07,-1.63064E-04
7.3840E-07,-2.21602E-04
7.3920E-07,-8.50146E-05
7.4000E-07,-1.43552E-04
7.4080E-07,-1.04527E-04
7.4160E-07,-1.82577E-04
7.4240E-07,-2.80749E-04
7.4320E-07,-1.82577E-04
7.4400E-07,-2.41114E-04
7.4480E-07,-2.21602E-04
7.4560E-07,-2.21602E-04
7.4640E-07,-1.82577E-04
7.4720E-07,-1.43552E-04
7.4800E-07,-1.63064E-04
7.4880E-07,-1.82577E-04
7.4960E-07,-1.82577E-04
7.5040E-07,-1.43552E-04
7.5120E-07,-1.63064E-04
7.5200E-07,-1.24040E-04
7.5280E-07,-2.41114E-04
7.5360E-07,-1.63064E-04
7.5440E-07,-1.04527E-04
7.5520E-07,-1.63064E-04
7.5600E-07,-1.63064E-04
7.5680E-07,-1.24040E-04
7.5760E-07,-1.63064E-04
7.5840E-07,-1.82577E-04
7.5920E-07,-1.63064E-04
7.6000E-07,-4.59896E-05
7.6080E-07,-1.82577E-04
7.6160E-07,-1.24040E-04
7.6240E-07,-1.43552E-04
7.6320E-07,-1.43552E-04
7.6400E-07,-2.21602E-04
7.6480E-07,-1.63064E-04
7.6560E-07,-1.82577E-04
7.6640E-07,-1.24040E-04
7.6720E-07,-1.63064E-04
7.6800E-07,-1.63064E-04
7.6880E-07,-1.82577E-04
7.6960E-07,-1.63064E-04
7.7040E-07,-1.63064E-04
7.7120E-07,-1.43552E-04
7.7200E-07,-2.21602E-04
7.7280E-07,-2.60627E-04
7.7360E-07,-2.41114E-04
7.7440E-07,-2.41114E-04
7.7520E-07,-3.00262E-04
7.7600E-07,-2.21602E-04
7.7680E-07,-2.80749E-04
7.7760E-07,-2.02089E-04
7.7840E-07,-2.41114E-04
7.7920E-07,-1.43552E-04
7.8000E-07,-1.04527E-04
7.8080E-07,-2.41114E-04
7.8160E-07,-1.63064E-04
7.8240E-07,-2.02089E-04
7.8320E-07,-2.02089E-04
7.8400E-07,-1.04527E-04
7.8480E-07,-3.00262E-04
7.8560E-07,-1.24040E-04
7.8640E-07,-1.63064E-04
7.8720E-07,-2.02089E-04
7.8800E-07,-2.02089E-04
7.8880E-07,-2.02089E-04
7.8960E-07,-2.02089E-04
7.9040E-07,-1.63064E-04
7.9120E-07,-1.82577E-04
7.9200E-07,-1.04527E-04
7.9280E-07,-3.00262E-04
7.9360E-07,-1.82577E-04
7.9440E-07,-2.02089E-04
7.9520E-07,-1.82577E-04
7.9600E-07,-1.82577E-04
7.9680E-07,-1.63064E-04
7.9760E-07,-1.24040E-04
7.9840E-07,-2.21602E-04
7.9920E-07,-2.64772E-05
8.0000E-07,-1.24040E-04
8.0080E-07,-2.02089E-04
8.0160E-07,-1.82577E-04
8.0240E-07,-1.82577E-04
8.0320E-07,-1.43552E-04
8.0400E-07,-1.43552E-04
8.0480E-07,-8.50146E-05
8.0560E-07,-1.63064E-04
8.0640E-07,-1.63064E-04
8.0720E-07,-1.63064E-04
8.0800E-07,-1.24040E-04
8.0880E-07,-1.82577E-04
8.0960E-07,-8.50146E-05
8.1040E-07,-1.24040E-04
8.1120E-07,-2.64772E-05
8.1200E-07,1.25478E-05
8.1280E-07,-4.59896E-05
8.1360E-07,-1.63064E-04
8.1440E-07,-2.02089E-04
8.1520E-07,-1.82577E-04
8.1600E-07,-1.04527E-04
8.1680E-07,-1.43552E-04
8.1760E-07,-1.04527E-04
8.1840E-07,-6.55021E-05
8.1920E-07,-1.43552E-04
8.2000E-07,-1.04527E-04
8.2080E-07,-2.02089E-04
8.2160E-07,-2.41114E-04
8.2240E-07,-1.24040E-04
8.2320E-07,-1.63064E-04
8.2400E-07,-1.04527E-04
8.2480E-07,-1.24040E-04
8.2560E-07,-1.82577E-04
8.2640E-07,-2.80749E-04
8.2720E-07,-1.82577E-04
8.2800E-07,-2.02089E-04
8.2880E-07,-1.82577E-04
8.2960E-07,-1.24040E-04
8.3040E-07,-6.55021E-05
8.3120E-07,-1.24040E-04
8.3200E-07,-1.24040E-04
8.3280E-07,-1.63064E-04
8.3360E-07,-2.80749E-04
8.3440E-07,-2.02089E-04
8.3520E-07,-1.63064E-04
8.3600E-07,-1.43552E-04
8.3680E-07,-1.43552E-04
8.3760E-07,-1.24040E-04
8.3840E-07,-1.24040E-04
8.3920E-07,-1.43552E-04
8.4000E-07,-2.02089E-04
8.4080E-07,-2.80749E-04
8.4160E-07,-2.41114E-04
8.4240E-07,-1.43552E-04
8.4320E-07,-4.59896E-05
8.4400E-07,-4.59896E-05
8.4480E-07,-1.63064E-04
8.4560E-07,-1.04527E-04
8.4640E-07,-1.43552E-04
8.4720E-07,-1.04527E-04
8.4800E-07,-1.43552E-04
8.4880E-07,-1.04527E-04
8.4960E-07,-1.82577E-04
8.5040E-07,-8.50146E-05
8.5120E-07,-2.02089E-04
8.5200E-07,-2.21602E-04
8.5280E-07,-1.63064E-04
8.5360E-07,-1.63064E-04
8.5440E-07,-2.60627E-04
8.5520E-07,-1.82577E-04
8.5600E-07,-8.50146E-05
8.5680E-07,-1.24040E-04
8.5760E-07,-1.63064E-04
8.5840E-07,-1.63064E-04
8.5920E-07,-1.82577E-04
8.6000E-07,-2.02089E-04
8.6080E-07,-1.04527E-04
8.6160E-07,-1.82577E-04
8.6240E-07,-1.43552E-04
8.6320E-07,-4.59896E-05
8.6400E-07,-2.41114E-04
8.6480E-07,-1.82577E-04
8.6560E-07,-1.24040E-04
8.6640E-07,-2.02089E-04
8.6720E-07,-1.43552E-04
8.6800E-07,-1.43552E-04
8.6880E-07,-1.82577E-04
8.6960E-07,-2.02089E-04
8.7040E-07,-2.02089E-04
8.7120E-07,-2.41114E-04
8.7200E-07,-3.00262E-04
8.7280E-07,-2.41114E-04
8.7360E-07,-1.24040E-04
8.7440E-07,-1.43552E-04
8.7520E-07,-1.43552E-04
8.7600E-07,-1.63064E-04
8.7680E-07,-1.63064E-04
8.7760E-07,-1.63064E-04
8.7840E-07,-2.02089E-04
8.7920E-07,-2.02089E-04
8.8000E-07,-2.02089E-04
8.8080E-07,-1.82577E-04
8.8160E-07,-1.63064E-04
8.8240E-07,-1.24040E-04
8.8320E-07,-1.82577E-04
8.8400E-07,-1.43552E-04
8.8480E-07,-2.41114E-04
8.8560E-07,-2.21602E-04
8.8640E-07,-1.82577E-04
8.8720E-07,-1.63064E-04
8.8800E-07,-1.24040E-04
8.8880E-07,-6.55021E-05
8.8960E-07,-1.63064E-04
8.9040E-07,-1.43552E-04
8.9120E-07,-1.63064E-04
8.9200E-07,-1.43552E-04
8.9280E-07,-1.82577E-04
8.9360E-07,-1.63064E-04
8.9440E-07,-1.63064E-04
8.9520E-07,-1.43552E-04
8.9600E-07,-2.02089E-04
8.9680E-07,-1.82577E-04
8.9760E-07,-2.21602E-04
8.9840E-07,-2.21602E-04
8.9920E-07,-2.80749E-04
9.0000E-07,-2.41114E-04
9.0080E-07,-1.63064E-04
9.0160E-07,-1.63064E-04
9.0240E-07,-2.21602E-04
9.0320E-07,-1.43552E-04
9.0400E-07,-1.43552E-04
9.0480E-07,-2.21602E-04
9.0560E-07,-1.82577E-04
9.0640E-07,-1.82577E-04
9.0720E-07,-8.50146E-05
9.0800E-07,-8.50146E-05
9.0880E-07,-1.04527E-04
9.0960E-07,-1.63064E-04
9.1040E-07,-1.82577E-04
9.1120E-07,-1.43552E-04
9.1200E-07,-4.59896E-05
9.1280E-07,-1.82577E-04
9.1360E-07,-1.43552E-04
9.1440E-07,-1.04527E-04
9.1520E-07,-1.63064E-04
9.1600E-07,-1.63064E-04
9.1680E-07,-2.02089E-04
9.1760E-07,-2.21602E-04
9.1840E-07,-1.63064E-04
9.1920E-07,-2.21602E-04
9.2000E-07,-1.43552E-04
9.2080E-07,-1.24040E-04
9.2160E-07,-1.04527E-04
9.2240E-07,-1.04527E-04
9.2320E-07,-1.43552E-04
9.2400E-07,-1.82577E-04
9.2480E-07,-1.82577E-04
9.2560E-07,-1.43552E-04
9.2640E-07,-1.63064E-04
9.2720E-07,-1.63064E-04
9.2800E-07,-1.82577E-04
9.2880E-07,-2.80749E-04
9.2960E-07,-1.43552E-04
9.3040E-07,-1.24040E-04
9.3120E-07,-1.43552E-04
9.3200E-07,-1.04527E-04
9.3280E-07,-1.82577E-04
9.3360E-07,-8.50146E-05
9.3440E-07,-2.02089E-04
9.3520E-07,-2.41114E-04
9.3600E-07,-2.41114E-04
9.3680E-07,-2.02089E-04
9.3760E-07,-2.21602E-04
9.3840E-07,-1.43552E-04
9.3920E-07,-6.55021E-05
9.4000E-07,-4.59896E-05
9.4080E-07,-1.63064E-04
9.4160E-07,-1.82577E-04
9.4240E-07,-2.41114E-04
9.4320E-07,-2.21602E-04
9.4400E-07,-2.02089E-04
9.4480E-07,-2.21602E-04
9.4560E-07,-1.04527E-04
9.4640E-07,-1.04527E-04
9.4720E-07,-1.24040E-04
9.4800E-07,-2.21602E-04
9.4880E-07,-2.02089E-04
9.4960E-07,-2.41114E-04
9.5040E-07,-3.00262E-04
9.5120E-07,-2.41114E-04
9.5200E-07,-1.43552E-04
9.5280E-07,-2.21602E-04
9.5360E-07,-1.82577E-04
9.5440E-07,-2.80749E-04
9.5520E-07,-2.41114E-04
9.5600E-07,-2.21602E-04
9.5680E-07,-1.43552E-04
9.5760E-07,-2.02089E-04
9.5840E-07,-1.82577E-04
9.5920E-07,-2.64772E-05
9.6000E-07,-1.43552E-04
9.6080E-07,-1.63064E-04
9.6160E-07,-1.24040E-04
9.6240E-07,-2.21602E-04
9.6320E-07,-2.21602E-04
9.6400E-07,-2.02089E-04
9.6480E-07,-1.63064E-04
9.6560E-07,-1.43552E-04
9.6640E-07,-1.63064E-04
9.6720E-07,-1.82577E-04
9.6800E-07,-1.43552E-04
9.6880E-07,-1.63064E-04
9.6960E-07,-1.82577E-04
9.7040E-07,-1.24040E-04
9.7120E-07,-8.50146E-05
9.7200E-07,-2.21602E-04
9.7280E-07,-2.02089E-04
9.7360E-07,-1.82577E-04
9.7440E-07,-1.24040E-04
9.7520E-07,-2.60627E-04
9.7600E-07,-1.63064E-04
9.7680E-07,-1.82577E-04
9.7760E-07,-8.50146E-05
9.7840E-07,-1.63064E-04
9.7920E-07,-1.43552E-04
9.8000E-07,-1.82577E-04
9.8080E-07,-2.21602E-04
9.8160E-07,-1.43552E-04
9.8240E-07,-1.24040E-04
9.8320E-07,-2.21602E-04
9.8400E-07,-1.63064E-04
9.8480E-07,-1.82577E-04
9.8560E-07,-2.02089E-04
9.8640E-07,-1.63064E-04
9.8720E-07,-1.82577E-04
9.8800E-07,-1.82577E-04
9.8880E-07,-1.24040E-04
9.8960E-07,-1.82577E-04
9.9040E-07,-1.43552E-04
9.9120E-07,-1.82577E-04
9.9200E-07,-1.82577E-04
9.9280E-07,-2.02089E-04
9.9360E-07,-1.63064E-04
9.9440E-07,-1.82577E-04
9.9520E-07,-1.04527E-04
9.9600E-07,-1.43552E-04
9.9680E-07,-1.04527E-04
9.9760E-07,-2.02089E-04
9.9840E-07,-1.04527E-04
9.9920E-07,-2.21602E-04
1.0000E-06,-1.24040E-04
1.0008E-06,-1.43552E-04
1.0016E-06,-2.02089E-04
1.0024E-06,-1.43552E-04
1.0032E-06,-6.55021E-05
1.0040E-06,-2.02089E-04
1.0048E-06,-2.02089E-04
1.0056E-06,-1.24040E-04
1.0064E-06,-1.82577E-04
1.0072E-06,-2.02089E-04
1.0080E-06,-2.41114E-04
1.0088E-06,-1.24040E-04
1.0096E-06,-2.41114E-04
1.0104E-06,-2.21602E-04
1.0112E-06,-2.41114E-04
1.0120E-06,-2.80749E-04
1.0128E-06,-2.41114E-04
1.0136E-06,-2.21602E-04
1.0144E-06,-1.82577E-04
1.0152E-06,-1.43552E-04
1.0160E-06,-1.63064E-04
1.0168E-06,-1.24040E-04
1.0176E-06,-1.24040E-04
1.0184E-06,-1.24040E-04
1.0192E-06,-2.41114E-04
1.0200E-06,-1.24040E-04
1.0208E-06,-1.04527E-04
1.0216E-06,-1.63064E-04
1.0224E-06,-1.43552E-04
1.0232E-06,-2.21602E-04
1.0240E-06,-2.41114E-04
1.0248E-06,-2.60627E-04
1.0256E-06,-1.63064E-04
1.0264E-06,-1.43552E-04
1.0272E-06,-1.82577E-04
1.0280E-06,-1.43552E-04
1.0288E-06,-2.02089E-04
1.0296E-06,-1.04527E-04
1.0304E-06,-2.21602E-04
1.0312E-06,-2.02089E-04
1.0320E-06,-1.82577E-04
1.0328E-06,-1.82577E-04
1.0336E-06,-2.02089E-04
1.0344E-06,-2.21602E-04
1.0352E-06,-1.82577E-04
1.0360E-06,-1.43552E-04
1.0368E-06,-1.82577E-04
1.0376E-06,-2.02089E-04
1.0384E-06,-1.82577E-04
1.0392E-06,-1.63064E-04
1.0400E-06,-1.82577E-04
1.0408E-06,-1.24040E-04
1.0416E-06,-1.82577E-04
1.0424E-06,-1.82577E-04
1.0432E-06,-2.02089E-04
1.0440E-06,-2.02089E-04
1.0448E-06,-1.24040E-04
1.0456E-06,-1.63064E-04
1.0464E-06,-1.24040E-04
1.0472E-06,-1.82577E-04
1.0480E-06,-1.63064E-04
1.0488E-06,-1.24040E-04
1.0496E-06,-2.21602E-04
1.0504E-06,-2.02089E-04
1.0512E-06,-2.02089E-04
1.0520E-06,-2.21602E-04
1.0528E-06,-1.24040E-04
1.0536E-06,-2.02089E-04
1.0544E-06,-1.82577E-04
1.0552E-06,-1.43552E-04
1.0560E-06,-2.02089E-04
1.0568E-06,-1.82577E-04
1.0576E-06,-1.43552E-04
1.0584E-06,-2.21602E-04
1.0592E-06,-2.02089E-04
1.0600E-06,-1.82577E-04
1.0608E-06,-1.04527E-04
1.0616E-06,-1.63064E-04
1.0624E-06,-1.82577E-04
1.0632E-06,-1.63064E-04
1.0640E-06,-1.63064E-04
1.0648E-06,-1.63064E-04
1.0656E-06,-2.02089E-04
1.0664E-06,-1.04527E-04
1.0672E-06,-2.02089E-04
1.0680E-06,-8.50146E-05
1.0688E-06,-2.02089E-04
1.0696E-06,-1.43552E-04
1.0704E-06,-1.82577E-04
1.0712E-06,-2.21602E-04
1.0720E-06,-2.21602E-04
1.0728E-06,-1.04527E-04
1.0736E-06,-1.63064E-04
1.0744E-06,-2.41114E-04
1.0752E-06,-1.82577E-04
1.0760E-06,-2.21602E-04
1.0768E-06,-1.24040E-04
1.0776E-06,-2.80749E-04
1.0784E-06,-2.02089E-04
1.0792E-06,-2.21602E-04
1.0800E-06,-4.59896E-05
1.0808E-06,-8.50146E-05
1.0816E-06,-4.59896E-05
1.0824E-06,-1.63064E-04
1.0832E-06,-2.21602E-04
1.0840E-06,-1.24040E-04
1.0848E-06,-8.50146E-05
1.0856E-06,-1.43552E-04
1.0864E-06,-1.04527E-04
1.0872E-06,-1.04527E-04
1.0880E-06,-1.63064E-04
1.0888E-06,-6.55021E-05
1.0896E-06,-1.43552E-04
1.0904E-06,-3.00262E-04
1.0912E-06,-1.63064E-04
1.0920E-06,-1.82577E-04
1.0928E-06,-8.50146E-05
1.0936E-06,-1.43552E-04
1.0944E-06,-2.02089E-04
1.0952E-06,-2.02089E-04
1.0960E-06,-1.24040E-04
1.0968E-06,-2.41114E-04
1.0976E-06,-1.82577E-04
1.0984E-06,-1.63064E-04
1.0992E-06,-2.02089E-04
1.1000E-06,-1.63064E-04
1.1008E-06,-2.02089E-04
1.1016E-06,-2.60627E-04
1.1024E-06,-1.82577E-04
1.1032E-06,-2.02089E-04
1.1040E-06,-1.24040E-04
1.1048E-06,-1.82577E-04
1.1056E-06,-1.43552E-04
1.1064E-06,-1.43552E-04
1.1072E-06,-2.64772E-05
1.1080E-06,-1.43552E-04
1.1088E-06,-2.41114E-04
1.1096E-06,-1.82577E-04
1.1104E-06,-1.63064E-04
1.1112E-06,-1.04527E-04
1.1120E-06,-2.21602E-04
1.1128E-06,-1.04527E-04
1.1136E-06,-6.55021E-05
1.1144E-06,-2.02089E-04
1.1152E-06,-8.50146E-05
1.1160E-06,-2.41114E-04
1.1168E-06,-1.63064E-04
1.1176E-06,-1.82577E-04
1.1184E-06,-1.82577E-04
1.1192E-06,-1.04527E-04
1.1200E-06,-2.02089E-04
1.1208E-06,-1.82577E-04
1.1216E-06,-1.82577E-04
1.1224E-06,-2.60627E-04
1.1232E-06,-1.24040E-04
1.1240E-06,-2.41114E-04
1.1248E-06,-2.21602E-04
1.1256E-06,-2.41114E-04
1.1264E-06,-2.02089E-04
1.1272E-06,-2.41114E-04
1.1280E-06,-1.43552E-04
1.1288E-06,-2.02089E-04
1.1296E-06,-2.21602E-04
1.1304E-06,-1.63064E-04
1.1312E-06,-1.43552E-04
1.1320E-06,-6.55021E-05
1.1328E-06,-1.82577E-04
1.1336E-06,-1.43552E-04
1.1344E-06,-1.82577E-04
1.1352E-06,-1.82577E-04
1.1360E-06,-2.21602E-04
1.1368E-06,-1.82577E-04
1.1376E-06,-1.24040E-04
1.1384E-06,-1.24040E-04
1.1392E-06,-1.82577E-04
1.1400E-06,-2.02089E-04
1.1408E-06,-1.43552E-04
1.1416E-06,-2.21602E-04
1.1424E-06,-2.02089E-04
1.1432E-06,-1.24040E-04
1.1440E-06,-4.59896E-05
1.1448E-06,-1.43552E-04
1.1456E-06,-1.43552E-04
1.1464E-06,-1.82577E-04
1.1472E-06,-2.80749E-04
1.1480E-06,-1.63064E-04
1.1488E-06,-1.24040E-04
1.1496E-06,-2.02089E-04
1.1504E-06,-1.63064E-04
1.1512E-06,-1.43552E-04
1.1520E-06,-2.80749E-04
1.1528E-06,-1.82577E-04
1.1536E-06,-1.24040E-04
1.1544E-06,-2.80749E-04
1.1552E-06,-2.41114E-04
1.1560E-06,-1.82577E-04
1.1568E-06,-1.63064E-04
1.1576E-06,-2.21602E-04
1.1584E-06,-2.02089E-04
1.1592E-06,-1.82577E-04
1.1600E-06,-1.82577E-04
1.1608E-06,-2.02089E-04
1.1616E-06,-1.43552E-04
1.1624E-06,-2.80749E-04
1.1632E-06,-2.41114E-04
1.1640E-06,-1.43552E-04
1.1648E-06,-1.63064E-04
1.1656E-06,-2.60627E-04
1.1664E-06,-2.60627E-04
1.1672E-06,-2.60627E-04
1.1680E-06,-1.24040E-04
1.1688E-06,-1.24040E-04
1.1696E-06,-1.63064E-04
1.1704E-06,-1.82577E-04
1.1712E-06,-2.41114E-04
1.1720E-06,-2.02089E-04
1.1728E-06,-2.21602E-04
1.1736E-06,-1.43552E-04
1.1744E-06,-1.63064E-04
1.1752E-06,-1.82577E-04
1.1760E-06,-1.63064E-04
1.1768E-06,-8.50146E-05
1.1776E-06,-1.43552E-04
1.1784E-06,-1.24040E-04
1.1792E-06,-1.24040E-04
1.1800E-06,-1.63064E-04
1.1808E-06,-2.41114E-04
1.1816E-06,-2.60627E-04
1.1824E-06,-1.63064E-04
1.1832E-06,-2.02089E-04
1.1840E-06,-1.43552E-04
1.1848E-06,-1.43552E-04
1.1856E-06,-1.24040E-04
1.1864E-06,-1.63064E-04
1.1872E-06,-1.43552E-04
1.1880E-06,-8.50146E-05
1.1888E-06,-1.04527E-04
1.1896E-06,-8.50146E-05
1.1904E-06,-4.59896E-05
1.1912E-06,-1.82577E-04
1.1920E-06,-1.24040E-04
1.1928E-06,-1.24040E-04
1.1936E-06,-1.04527E-04
1.1944E-06,-1.82577E-04
1.1952E-06,-8.50146E-05
1.1960E-06,-1.43552E-04
1.1968E-06,-2.02089E-04
1.1976E-06,-1.43552E-04
1.1984E-06,-1.63064E-04
1.1992E-06,-2.02089E-04
1.2000E-06,-1.63064E-04
1.2008E-06,-2.02089E-04
1.2016E-06,-2.02089E-04
1.2024E-06,-1.82577E-04
1.2032E-06,-1.63064E-04
1.2040E-06,-1.82577E-04
1.2048E-06,-2.02089E-04
1.2056E-06,-2.02089E-04
1.2064E-06,-2.41114E-04
1.2072E-06,-2.41114E-04
