in s,C1 in V,C2 in V,C4 in V
2.4800E-07,-1.221E-03,7.090E-04,5.088E+00
2.4880E-07,7.324E-04,-1.244E-03,5.107E+00
2.4960E-07,-2.197E-03,2.207E-04,5.010E+00
2.5040E-07,-7.324E-04,-1.244E-03,5.068E+00
2.5120E-07,-1.709E-03,7.090E-04,5.068E+00
2.5200E-07,2.441E-04,7.090E-04,5.107E+00
2.5280E-07,-7.324E-04,-2.676E-04,5.068E+00
2.5360E-07,-1.221E-03,-2.221E-03,5.088E+00
2.5440E-07,-2.441E-04,7.090E-04,5.068E+00
2.5520E-07,-2.441E-04,-1.244E-03,5.049E+00
2.5600E-07,-4.150E-03,2.207E-04,5.049E+00
2.5680E-07,-7.324E-04,7.090E-04,5.088E+00
2.5760E-07,-2.197E-03,-7.559E-04,5.029E+00
2.5840E-07,7.324E-04,-7.559E-04,5.107E+00
2.5920E-07,-1.221E-03,2.207E-04,5.068E+00
2.6000E-07,2.441E-04,-2.676E-04,5.107E+00
2.6080E-07,-7.324E-04,2.207E-04,5.068E+00
2.6160E-07,-7.324E-04,-1.732E-03,5.088E+00
2.6240E-07,-2.197E-03,7.090E-04,5.049E+00
2.6320E-07,-2.441E-04,-2.221E-03,5.146E+00
2.6400E-07,-2.441E-04,7.090E-04,5.049E+00
2.6480E-07,2.441E-04,2.207E-04,5.088E+00
2.6560E-07,-1.709E-03,7.090E-04,5.049E+00
2.6640E-07,2.441E-04,-7.559E-04,5.068E+00
2.6720E-07,-7.324E-04,-1.244E-03,5.029E+00
2.6800E-07,1.221E-03,-7.559E-04,5.068E+00
2.6880E-07,-2.686E-03,2.207E-04,5.029E+00
2.6960E-07,-2.441E-04,7.090E-04,5.068E+00
2.7040E-07,-2.441E-04,7.090E-04,5.010E+00
2.7120E-07,1.709E-03,-1.732E-03,5.088E+00
2.7200E-07,-1.709E-03,2.207E-04,5.029E+00
2.7280E-07,-2.441E-04,-7.559E-04,5.146E+00
2.7360E-07,-2.441E-04,2.174E-03,5.068E+00
2.7440E-07,2.441E-04,2.207E-04,5.068E+00
2.7520E-07,-2.197E-03,2.207E-04,5.029E+00
2.7600E-07,2.441E-04,2.207E-04,5.127E+00
2.7680E-07,-1.709E-03,1.197E-03,5.029E+00
2.7760E-07,7.324E-04,-7.559E-04,5.068E+00
2.7840E-07,-1.221E-03,2.174E-03,5.029E+00
2.7920E-07,2.441E-04,-2.676E-04,5.068E+00
2.8000E-07,2.441E-04,2.662E-03,5.068E+00
2.8080E-07,1.221E-03,2.174E-03,5.010E+00
2.8160E-07,-1.221E-03,7.090E-04,4.990E+00
2.8240E-07,-1.221E-03,7.090E-04,5.068E+00
2.8320E-07,-7.324E-04,1.197E-03,4.990E+00
2.8400E-07,1.709E-03,2.207E-04,5.029E+00
2.8480E-07,-1.221E-03,2.174E-03,5.049E+00
2.8560E-07,2.441E-04,-2.676E-04,5.088E+00
2.8640E-07,-7.324E-04,1.197E-03,5.010E+00
2.8720E-07,-1.221E-03,1.197E-03,5.088E+00
2.8800E-07,-2.441E-04,7.090E-04,5.029E+00
2.8880E-07,1.221E-03,2.207E-04,5.088E+00
2.8960E-07,2.441E-04,1.686E-03,5.088E+00
2.9040E-07,1.709E-03,-2.676E-04,5.127E+00
2.9120E-07,-7.324E-04,2.207E-04,5.010E+00
2.9200E-07,2.441E-04,-7.559E-04,5.088E+00
2.9280E-07,-1.221E-03,7.090E-04,5.029E+00
2.9360E-07,1.709E-03,1.686E-03,5.068E+00
2.9440E-07,-2.441E-04,2.207E-04,5.049E+00
2.9520E-07,-1.221E-03,-7.559E-04,5.068E+00
2.9600E-07,-1.221E-03,7.090E-04,5.049E+00
2.9680E-07,2.441E-04,-7.559E-04,5.107E+00
2.9760E-07,-1.709E-03,-7.559E-04,5.010E+00
2.9840E-07,2.441E-04,-2.221E-03,5.049E+00
2.9920E-07,-1.709E-03,-2.676E-04,5.068E+00
3.0000E-07,-2.441E-04,2.207E-04,5.049E+00
3.0080E-07,-2.686E-03,-7.559E-04,5.010E+00
3.0160E-07,-1.709E-03,-7.559E-04,5.068E+00
3.0240E-07,-1.221E-03,-7.559E-04,5.049E+00
3.0320E-07,1.709E-03,7.090E-04,5.088E+00
3.0400E-07,-2.686E-03,-2.676E-04,5.010E+00
3.0480E-07,2.441E-04,-1.732E-03,5.088E+00
3.0560E-07,2.441E-04,7.090E-04,5.049E+00
3.0640E-07,1.221E-03,-2.676E-04,5.088E+00
3.0720E-07,-1.709E-03,-7.559E-04,4.990E+00
3.0800E-07,-2.441E-04,2.207E-04,5.068E+00
3.0880E-07,-2.197E-03,1.197E-03,5.010E+00
3.0960E-07,1.221E-03,2.207E-04,5.088E+00
3.1040E-07,-2.197E-03,-1.244E-03,5.029E+00
3.1120E-07,-7.324E-04,-1.732E-03,5.088E+00
3.1200E-07,-1.221E-03,2.207E-04,5.088E+00
3.1280E-07,-7.324E-04,-7.559E-04,5.049E+00
3.1360E-07,-2.197E-03,-1.244E-03,5.049E+00
3.1440E-07,-7.324E-04,2.207E-04,5.068E+00
3.1520E-07,-7.324E-04,-2.676E-04,5.049E+00
3.1600E-07,2.197E-03,7.090E-04,5.088E+00
3.1680E-07,-1.709E-03,2.207E-04,5.049E+00
3.1760E-07,-2.441E-04,-1.244E-03,5.088E+00
3.1840E-07,-7.324E-04,2.207E-04,5.029E+00
3.1920E-07,-2.441E-04,7.090E-04,5.049E+00
3.2000E-07,-2.686E-03,2.207E-04,4.990E+00
3.2080E-07,-1.221E-03,-1.244E-03,5.068E+00
3.2160E-07,-7.324E-04,-7.559E-04,5.010E+00
3.2240E-07,2.686E-03,-7.559E-04,5.088E+00
3.2320E-07,-2.441E-04,-7.559E-04,5.029E+00
3.2400E-07,-7.324E-04,2.207E-04,5.049E+00
3.2480E-07,-2.686E-03,1.686E-03,5.049E+00
3.2560E-07,1.221E-03,-2.676E-04,5.088E+00
3.2640E-07,-7.324E-04,7.090E-04,5.068E+00
3.2720E-07,-2.441E-04,2.207E-04,5.088E+00
3.2800E-07,-7.324E-04,-2.676E-04,4.990E+00
3.2880E-07,1.709E-03,-7.559E-04,5.068E+00
3.2960E-07,-1.221E-03,-7.559E-04,5.068E+00
3.3040E-07,1.221E-03,-1.244E-03,5.068E+00
3.3120E-07,2.441E-04,2.207E-04,5.049E+00
3.3200E-07,-2.441E-04,7.090E-04,5.068E+00
3.3280E-07,-2.197E-03,-7.559E-04,5.010E+00
3.3360E-07,-2.441E-04,-7.559E-04,5.068E+00
3.3440E-07,-2.441E-04,7.090E-04,5.049E+00
3.3520E-07,7.324E-04,-1.244E-03,5.088E+00
3.3600E-07,2.441E-04,2.207E-04,5.029E+00
3.3680E-07,-7.324E-04,2.207E-04,5.068E+00
3.3760E-07,1.709E-03,1.197E-03,5.088E+00
3.3840E-07,7.324E-04,7.090E-04,5.029E+00
3.3920E-07,7.324E-04,-2.676E-04,5.029E+00
3.4000E-07,-7.324E-04,2.207E-04,5.088E+00
3.4080E-07,2.441E-04,-2.676E-04,5.010E+00
3.4160E-07,2.441E-04,-2.676E-04,5.088E+00
3.4240E-07,2.441E-04,7.090E-04,5.068E+00
3.4320E-07,-2.441E-04,-7.559E-04,5.029E+00
3.4400E-07,-2.441E-04,1.686E-03,5.068E+00
3.4480E-07,1.221E-03,-2.676E-04,5.029E+00
3.4560E-07,-1.221E-03,-2.676E-04,5.029E+00
3.4640E-07,-7.324E-04,-7.559E-04,5.068E+00
3.4720E-07,-7.324E-04,1.197E-03,5.068E+00
3.4800E-07,2.441E-04,-1.244E-03,5.088E+00
3.4880E-07,-1.709E-03,-2.676E-04,5.049E+00
3.4960E-07,1.221E-03,2.207E-04,5.049E+00
3.5040E-07,-2.441E-04,-2.676E-04,5.029E+00
3.5120E-07,2.441E-04,-7.559E-04,5.049E+00
3.5200E-07,-1.221E-03,-2.676E-04,4.971E+00
3.5280E-07,-2.441E-04,-7.559E-04,5.068E+00
3.5360E-07,-2.441E-04,-2.676E-04,4.971E+00
3.5440E-07,2.197E-03,-2.676E-04,5.049E+00
3.5520E-07,2.441E-04,2.207E-04,5.049E+00
3.5600E-07,2.441E-04,2.207E-04,5.068E+00
3.5680E-07,-7.324E-04,-2.676E-04,5.029E+00
3.5760E-07,7.324E-04,2.207E-04,5.029E+00
3.5840E-07,-3.662E-03,-1.244E-03,5.029E+00
3.5920E-07,-2.441E-04,7.090E-04,5.068E+00
3.6000E-07,-1.221E-03,2.207E-04,5.068E+00
3.6080E-07,1.709E-03,7.090E-04,5.068E+00
3.6160E-07,-7.324E-04,-7.559E-04,5.049E+00
3.6240E-07,7.324E-04,-2.676E-04,5.049E+00
3.6320E-07,-2.197E-03,7.090E-04,5.088E+00
3.6400E-07,-2.441E-04,7.090E-04,5.068E+00
3.6480E-07,-1.221E-03,-7.559E-04,4.951E+00
3.6560E-07,-2.441E-04,-2.676E-04,5.068E+00
3.6640E-07,-2.441E-04,-2.676E-04,5.088E+00
3.6720E-07,2.441E-04,-1.244E-03,5.049E+00
3.6800E-07,-7.324E-04,1.686E-03,5.049E+00
3.6880E-07,-2.441E-04,-7.559E-04,5.068E+00
3.6960E-07,-2.441E-04,2.207E-04,5.029E+00
3.7040E-07,2.441E-04,2.207E-04,5.068E+00
3.7120E-07,-2.197E-03,2.207E-04,5.010E+00
3.7200E-07,-7.324E-04,2.207E-04,5.088E+00
3.7280E-07,2.441E-04,7.090E-04,5.010E+00
3.7360E-07,2.197E-03,-1.732E-03,5.088E+00
3.7440E-07,-1.221E-03,2.207E-04,5.029E+00
3.7520E-07,2.441E-04,7.090E-04,5.088E+00
3.7600E-07,-2.441E-04,1.686E-03,5.029E+00
3.7680E-07,2.441E-04,2.207E-04,5.029E+00
3.7760E-07,-2.686E-03,7.090E-04,5.010E+00
3.7840E-07,7.324E-04,-2.676E-04,5.068E+00
3.7920E-07,-1.221E-03,1.686E-03,5.010E+00
3.8000E-07,2.686E-03,1.686E-03,5.029E+00
3.8080E-07,2.441E-04,1.197E-03,5.010E+00
3.8160E-07,-7.324E-04,-2.676E-04,5.068E+00
3.8240E-07,-2.441E-04,1.686E-03,4.971E+00
3.8320E-07,7.324E-04,1.197E-03,5.088E+00
3.8400E-07,-2.441E-04,7.090E-04,5.029E+00
3.8480E-07,2.441E-04,1.686E-03,5.088E+00
3.8560E-07,-2.441E-04,7.090E-04,5.049E+00
3.8640E-07,3.662E-03,-2.676E-04,5.029E+00
3.8720E-07,-1.221E-03,-2.676E-04,5.029E+00
3.8800E-07,-7.324E-04,2.207E-04,5.068E+00
3.8880E-07,-2.441E-04,2.207E-04,5.049E+00
3.8960E-07,2.441E-04,2.207E-04,5.068E+00
3.9040E-07,-2.197E-03,-2.676E-04,4.951E+00
3.9120E-07,7.324E-04,-7.559E-04,5.088E+00
3.9200E-07,-7.324E-04,7.090E-04,4.990E+00
3.9280E-07,2.686E-03,-2.676E-04,5.029E+00
3.9360E-07,-2.441E-04,7.090E-04,5.029E+00
3.9440E-07,-7.324E-04,-2.676E-04,5.029E+00
3.9520E-07,-7.324E-04,7.090E-04,5.010E+00
3.9600E-07,2.441E-04,1.197E-03,5.010E+00
3.9680E-07,-1.709E-03,2.207E-04,5.049E+00
3.9760E-07,-7.324E-04,2.207E-04,5.088E+00
3.9840E-07,-3.174E-03,1.197E-03,5.010E+00
3.9920E-07,1.221E-03,2.207E-04,5.049E+00
4.0000E-07,7.324E-04,2.207E-04,5.029E+00
4.0080E-07,1.709E-03,2.174E-03,5.068E+00
4.0160E-07,-2.441E-04,2.207E-04,5.049E+00
4.0240E-07,7.324E-04,-2.676E-04,5.068E+00
4.0320E-07,-2.197E-03,-7.559E-04,5.029E+00
4.0400E-07,-7.324E-04,2.207E-04,5.088E+00
4.0480E-07,-1.709E-03,-7.559E-04,5.010E+00
4.0560E-07,7.324E-04,-1.732E-03,5.010E+00
4.0640E-07,-1.709E-03,-2.676E-04,5.029E+00
4.0720E-07,2.441E-04,-1.732E-03,5.107E+00
4.0800E-07,2.441E-04,2.207E-04,5.029E+00
4.0880E-07,1.221E-03,2.174E-03,5.088E+00
4.0960E-07,-2.197E-03,-1.732E-03,5.010E+00
4.1040E-07,-1.221E-03,7.090E-04,5.107E+00
4.1120E-07,-2.441E-04,2.207E-04,5.029E+00
4.1200E-07,1.221E-03,-7.559E-04,5.049E+00
4.1280E-07,-1.709E-03,2.207E-04,5.010E+00
4.1360E-07,2.441E-04,-7.559E-04,5.088E+00
4.1440E-07,-2.441E-04,7.090E-04,5.029E+00
4.1520E-07,-1.709E-03,-7.559E-04,5.010E+00
4.1600E-07,-2.441E-04,-2.676E-04,4.990E+00
4.1680E-07,-1.709E-03,7.090E-04,5.068E+00
4.1760E-07,-2.441E-04,2.174E-03,4.971E+00
4.1840E-07,-1.221E-03,-2.676E-04,4.990E+00
4.1920E-07,-1.221E-03,1.197E-03,4.990E+00
4.2000E-07,7.324E-04,1.686E-03,5.010E+00
4.2080E-07,-2.441E-04,7.090E-04,5.029E+00
4.2160E-07,7.324E-04,-2.676E-04,5.068E+00
4.2240E-07,-2.197E-03,7.090E-04,5.029E+00
4.2320E-07,-2.197E-03,-2.676E-04,5.049E+00
4.2400E-07,-1.709E-03,7.090E-04,5.010E+00
4.2480E-07,2.441E-04,7.090E-04,5.029E+00
4.2560E-07,-1.221E-03,1.197E-03,5.010E+00
4.2640E-07,2.441E-04,-2.676E-04,5.088E+00
4.2720E-07,-2.197E-03,1.197E-03,5.029E+00
4.2800E-07,-1.709E-03,1.197E-03,5.049E+00
4.2880E-07,-2.197E-03,2.207E-04,5.029E+00
4.2960E-07,-1.709E-03,7.090E-04,5.068E+00
4.3040E-07,-7.324E-04,1.197E-03,5.029E+00
4.3120E-07,2.441E-04,1.197E-03,5.029E+00
4.3200E-07,2.441E-04,2.174E-03,5.029E+00
4.3280E-07,-2.441E-04,7.090E-04,5.029E+00
4.3360E-07,-1.709E-03,7.090E-04,5.029E+00
4.3440E-07,2.441E-04,2.207E-04,5.029E+00
4.3520E-07,-2.686E-03,2.207E-04,5.029E+00
4.3600E-07,-1.221E-03,7.090E-04,5.068E+00
4.3680E-07,-1.221E-03,2.207E-04,5.010E+00
4.3760E-07,2.441E-04,1.686E-03,5.049E+00
4.3840E-07,-1.221E-03,2.662E-03,5.010E+00
4.3920E-07,7.324E-04,7.090E-04,5.068E+00
4.4000E-07,-1.709E-03,1.686E-03,5.049E+00
4.4080E-07,-6.592E-03,6.080E-03,5.068E+00
4.4160E-07,-2.563E-02,2.268E-02,4.971E+00
4.4240E-07,-5.005E-02,4.905E-02,5.029E+00
4.4320E-07,-7.593E-02,7.786E-02,5.010E+00
4.4400E-07,-9.497E-02,1.003E-01,5.068E+00
4.4480E-07,-1.121E-01,1.169E-01,5.010E+00
4.4560E-07,-1.228E-01,1.267E-01,5.068E+00
4.4640E-07,-1.340E-01,1.365E-01,5.049E+00
4.4720E-07,-1.375E-01,1.418E-01,5.088E+00
4.4800E-07,-1.438E-01,1.472E-01,4.971E+00
4.4880E-07,-1.458E-01,1.496E-01,5.068E+00
4.4960E-07,-1.511E-01,1.555E-01,5.029E+00
4.5040E-07,-1.541E-01,1.579E-01,5.049E+00
4.5120E-07,-1.536E-01,1.579E-01,4.971E+00
4.5200E-07,-1.462E-01,1.526E-01,5.029E+00
4.5280E-07,-1.409E-01,1.457E-01,5.029E+00
4.5360E-07,-1.360E-01,1.374E-01,5.068E+00
4.5440E-07,-1.326E-01,1.316E-01,4.990E+00
4.5520E-07,-1.287E-01,1.272E-01,5.088E+00
4.5600E-07,-1.316E-01,1.272E-01,5.010E+00
4.5680E-07,-1.287E-01,1.282E-01,5.068E+00
4.5760E-07,-1.331E-01,1.316E-01,5.029E+00
4.5840E-07,-1.365E-01,1.360E-01,5.068E+00
4.5920E-07,-1.448E-01,1.423E-01,5.049E+00
4.6000E-07,-1.467E-01,1.457E-01,5.068E+00
4.6080E-07,-1.497E-01,1.472E-01,5.049E+00
4.6160E-07,-1.458E-01,1.457E-01,5.049E+00
4.6240E-07,-1.428E-01,1.418E-01,5.029E+00
4.6320E-07,-1.365E-01,1.389E-01,5.068E+00
4.6400E-07,-1.345E-01,1.350E-01,5.049E+00
4.6480E-07,-1.311E-01,1.316E-01,5.068E+00
4.6560E-07,-1.316E-01,1.311E-01,5.049E+00
4.6640E-07,-1.301E-01,1.282E-01,5.068E+00
4.6720E-07,-1.311E-01,1.306E-01,5.049E+00
4.6800E-07,-1.321E-01,1.325E-01,5.088E+00
4.6880E-07,-1.335E-01,1.325E-01,5.010E+00
4.6960E-07,-1.326E-01,1.335E-01,5.049E+00
4.7040E-07,-1.326E-01,1.330E-01,4.990E+00
4.7120E-07,-1.292E-01,1.296E-01,5.029E+00
4.7200E-07,-1.306E-01,1.291E-01,4.990E+00
4.7280E-07,-1.257E-01,1.257E-01,5.088E+00
4.7360E-07,-1.252E-01,1.247E-01,4.971E+00
4.7440E-07,-1.218E-01,1.233E-01,5.088E+00
4.7520E-07,-1.228E-01,1.208E-01,5.010E+00
4.7600E-07,-1.189E-01,1.203E-01,5.049E+00
4.7680E-07,-1.208E-01,1.198E-01,5.049E+00
4.7760E-07,-1.199E-01,1.179E-01,5.049E+00
4.7840E-07,-1.204E-01,1.189E-01,5.029E+00
4.7920E-07,-1.169E-01,1.174E-01,5.049E+00
4.8000E-07,-1.189E-01,1.164E-01,5.068E+00
4.8080E-07,-1.140E-01,1.159E-01,5.068E+00
4.8160E-07,-1.150E-01,1.150E-01,5.049E+00
4.8240E-07,-1.116E-01,1.135E-01,5.010E+00
4.8320E-07,-1.140E-01,1.135E-01,5.010E+00
4.8400E-07,-1.096E-01,1.130E-01,5.068E+00
4.8480E-07,-1.111E-01,1.130E-01,5.029E+00
4.8560E-07,-1.091E-01,1.086E-01,5.029E+00
4.8640E-07,-1.091E-01,1.076E-01,5.029E+00
4.8720E-07,-1.077E-01,1.076E-01,5.068E+00
4.8800E-07,-1.067E-01,1.067E-01,5.068E+00
4.8880E-07,-1.042E-01,1.062E-01,5.088E+00
4.8960E-07,-1.038E-01,1.028E-01,5.029E+00
4.9040E-07,-1.028E-01,1.028E-01,5.088E+00
4.9120E-07,-1.038E-01,1.028E-01,5.029E+00
4.9200E-07,-1.003E-01,1.013E-01,5.049E+00
4.9280E-07,-1.013E-01,1.008E-01,5.010E+00
4.9360E-07,-9.839E-02,9.983E-02,5.068E+00
4.9440E-07,-9.937E-02,9.885E-02,5.068E+00
4.9520E-07,-9.692E-02,9.641E-02,5.029E+00
4.9600E-07,-9.741E-02,9.788E-02,5.029E+00
4.9680E-07,-9.497E-02,9.544E-02,5.068E+00
4.9760E-07,-9.595E-02,9.690E-02,5.068E+00
4.9840E-07,-9.497E-02,9.397E-02,5.088E+00
4.9920E-07,-9.448E-02,9.397E-02,4.990E+00
5.0000E-07,-9.253E-02,9.202E-02,5.088E+00
5.0080E-07,-9.253E-02,9.006E-02,5.049E+00
5.0160E-07,-9.155E-02,8.860E-02,5.029E+00
5.0240E-07,-8.960E-02,8.909E-02,5.010E+00
5.0320E-07,-8.716E-02,8.811E-02,5.068E+00
5.0400E-07,-8.716E-02,8.713E-02,4.990E+00
5.0480E-07,-8.813E-02,8.713E-02,5.088E+00
5.0560E-07,-8.862E-02,8.616E-02,5.029E+00
5.0640E-07,-8.472E-02,8.665E-02,5.029E+00
5.0720E-07,-8.667E-02,8.421E-02,5.049E+00
5.0800E-07,-8.374E-02,8.176E-02,5.068E+00
5.0880E-07,-8.423E-02,8.274E-02,5.010E+00
5.0960E-07,-8.325E-02,8.128E-02,5.029E+00
5.1040E-07,-8.228E-02,8.128E-02,5.068E+00
5.1120E-07,-8.081E-02,7.932E-02,5.088E+00
5.1200E-07,-7.983E-02,7.932E-02,4.990E+00
5.1280E-07,-7.788E-02,7.883E-02,5.049E+00
5.1360E-07,-7.886E-02,7.835E-02,5.010E+00
5.1440E-07,-7.690E-02,7.786E-02,5.029E+00
5.1520E-07,-7.886E-02,7.737E-02,5.029E+00
5.1600E-07,-7.495E-02,7.493E-02,5.029E+00
5.1680E-07,-7.593E-02,7.590E-02,5.029E+00
5.1760E-07,-7.397E-02,7.493E-02,5.049E+00
5.1840E-07,-7.495E-02,7.346E-02,5.010E+00
5.1920E-07,-7.300E-02,7.249E-02,5.049E+00
5.2000E-07,-7.251E-02,7.151E-02,5.029E+00
5.2080E-07,-6.909E-02,7.249E-02,5.107E+00
5.2160E-07,-7.153E-02,7.053E-02,4.990E+00
5.2240E-07,-7.007E-02,6.956E-02,5.088E+00
5.2320E-07,-6.958E-02,7.053E-02,5.029E+00
5.2400E-07,-6.812E-02,6.809E-02,5.049E+00
5.2480E-07,-6.860E-02,6.663E-02,5.029E+00
5.2560E-07,-6.665E-02,6.712E-02,5.088E+00
5.2640E-07,-6.714E-02,6.516E-02,4.990E+00
5.2720E-07,-6.567E-02,6.516E-02,5.088E+00
5.2800E-07,-6.665E-02,6.614E-02,5.029E+00
5.2880E-07,-6.470E-02,6.370E-02,5.127E+00
5.2960E-07,-6.470E-02,6.321E-02,4.971E+00
5.3040E-07,-6.177E-02,6.321E-02,5.068E+00
5.3120E-07,-6.470E-02,6.174E-02,5.068E+00
5.3200E-07,-6.128E-02,6.126E-02,5.068E+00
5.3280E-07,-6.079E-02,6.126E-02,5.010E+00
5.3360E-07,-5.933E-02,6.028E-02,5.029E+00
5.3440E-07,-5.933E-02,6.028E-02,5.049E+00
5.3520E-07,-5.835E-02,5.833E-02,5.029E+00
5.3600E-07,-5.933E-02,5.833E-02,5.068E+00
5.3680E-07,-5.884E-02,5.735E-02,5.029E+00
5.3760E-07,-5.835E-02,5.686E-02,5.010E+00
5.3840E-07,-5.640E-02,5.637E-02,5.049E+00
5.3920E-07,-5.737E-02,5.588E-02,5.029E+00
5.4000E-07,-5.591E-02,5.491E-02,5.049E+00
5.4080E-07,-5.640E-02,5.442E-02,4.971E+00
5.4160E-07,-5.444E-02,5.296E-02,5.049E+00
5.4240E-07,-5.396E-02,5.344E-02,5.049E+00
5.4320E-07,-5.493E-02,5.198E-02,5.088E+00
5.4400E-07,-5.396E-02,5.100E-02,5.049E+00
5.4480E-07,-5.151E-02,5.198E-02,5.107E+00
5.4560E-07,-5.200E-02,5.198E-02,5.049E+00
5.4640E-07,-5.054E-02,5.003E-02,5.068E+00
5.4720E-07,-5.347E-02,4.905E-02,4.990E+00
5.4800E-07,-5.103E-02,4.954E-02,5.068E+00
5.4880E-07,-5.151E-02,4.807E-02,5.029E+00
5.4960E-07,-4.810E-02,4.758E-02,5.068E+00
5.5040E-07,-5.005E-02,4.905E-02,4.990E+00
5.5120E-07,-4.810E-02,4.710E-02,5.049E+00
5.5200E-07,-4.712E-02,5.003E-02,5.029E+00
5.5280E-07,-4.761E-02,4.612E-02,5.088E+00
5.5360E-07,-4.712E-02,4.514E-02,5.049E+00
5.5440E-07,-4.321E-02,4.514E-02,5.107E+00
5.5520E-07,-4.614E-02,4.563E-02,5.049E+00
5.5600E-07,-4.468E-02,4.368E-02,5.029E+00
5.5680E-07,-4.565E-02,4.465E-02,5.010E+00
5.5760E-07,-4.321E-02,4.368E-02,5.088E+00
5.5840E-07,-4.468E-02,4.221E-02,5.029E+00
5.5920E-07,-4.175E-02,4.172E-02,5.029E+00
5.6000E-07,-4.370E-02,4.368E-02,4.990E+00
5.6080E-07,-4.272E-02,4.075E-02,5.029E+00
5.6160E-07,-4.126E-02,4.026E-02,5.049E+00
5.6240E-07,-4.028E-02,4.075E-02,5.029E+00
5.6320E-07,-4.272E-02,3.879E-02,4.971E+00
5.6400E-07,-3.931E-02,4.026E-02,5.068E+00
5.6480E-07,-4.126E-02,4.026E-02,5.029E+00
5.6560E-07,-3.833E-02,3.831E-02,5.088E+00
5.6640E-07,-3.882E-02,3.831E-02,5.029E+00
5.6720E-07,-3.687E-02,3.733E-02,5.127E+00
5.6800E-07,-3.638E-02,3.831E-02,5.029E+00
5.6880E-07,-3.735E-02,3.587E-02,5.088E+00
5.6960E-07,-3.687E-02,3.635E-02,5.010E+00
5.7040E-07,-3.638E-02,3.684E-02,5.029E+00
5.7120E-07,-3.687E-02,3.635E-02,5.049E+00
5.7200E-07,-3.589E-02,3.489E-02,5.088E+00
5.7280E-07,-3.540E-02,3.489E-02,5.010E+00
5.7360E-07,-3.345E-02,3.391E-02,5.068E+00
5.7440E-07,-3.491E-02,3.440E-02,4.990E+00
5.7520E-07,-3.394E-02,3.342E-02,5.029E+00
5.7600E-07,-3.442E-02,3.294E-02,5.029E+00
5.7680E-07,-3.198E-02,3.391E-02,5.049E+00
5.7760E-07,-3.345E-02,3.196E-02,5.049E+00
5.7840E-07,-3.052E-02,3.294E-02,5.010E+00
5.7920E-07,-3.198E-02,3.147E-02,5.029E+00
5.8000E-07,-3.052E-02,3.196E-02,5.068E+00
5.8080E-07,-3.198E-02,3.098E-02,5.010E+00
5.8160E-07,-2.954E-02,3.098E-02,5.029E+00
5.8240E-07,-3.101E-02,3.049E-02,4.971E+00
5.8320E-07,-2.856E-02,2.952E-02,5.049E+00
5.8400E-07,-2.954E-02,3.001E-02,5.029E+00
5.8480E-07,-2.856E-02,2.903E-02,5.068E+00
5.8560E-07,-3.052E-02,2.854E-02,5.010E+00
5.8640E-07,-2.905E-02,2.854E-02,5.029E+00
5.8720E-07,-2.954E-02,2.903E-02,5.010E+00
5.8800E-07,-2.759E-02,2.756E-02,5.068E+00
5.8880E-07,-2.808E-02,2.659E-02,5.029E+00
5.8960E-07,-2.661E-02,2.854E-02,5.088E+00
5.9040E-07,-2.856E-02,2.610E-02,5.029E+00
5.9120E-07,-2.661E-02,2.659E-02,5.049E+00
5.9200E-07,-2.759E-02,2.756E-02,4.990E+00
5.9280E-07,-2.661E-02,2.463E-02,5.088E+00
5.9360E-07,-2.661E-02,2.610E-02,5.068E+00
5.9440E-07,-2.563E-02,2.415E-02,5.049E+00
5.9520E-07,-2.661E-02,2.415E-02,4.990E+00
5.9600E-07,-2.466E-02,2.415E-02,5.029E+00
5.9680E-07,-2.661E-02,2.512E-02,5.010E+00
5.9760E-07,-2.368E-02,2.171E-02,5.068E+00
5.9840E-07,-2.515E-02,2.366E-02,5.029E+00
5.9920E-07,-2.319E-02,2.219E-02,5.127E+00
6.0000E-07,-2.417E-02,2.415E-02,5.029E+00
6.0080E-07,-2.271E-02,2.268E-02,5.068E+00
6.0160E-07,-2.319E-02,2.268E-02,5.010E+00
6.0240E-07,-2.173E-02,2.122E-02,5.049E+00
6.0320E-07,-2.222E-02,2.171E-02,5.049E+00
6.0400E-07,-2.124E-02,2.073E-02,5.068E+00
6.0480E-07,-2.319E-02,2.219E-02,5.029E+00
6.0560E-07,-2.222E-02,2.024E-02,5.088E+00
6.0640E-07,-2.173E-02,2.219E-02,5.010E+00
6.0720E-07,-2.222E-02,1.975E-02,5.068E+00
6.0800E-07,-2.222E-02,2.024E-02,4.990E+00
6.0880E-07,-2.026E-02,2.024E-02,5.029E+00
6.0960E-07,-2.124E-02,2.073E-02,5.029E+00
6.1040E-07,-1.880E-02,1.926E-02,5.068E+00
6.1120E-07,-2.075E-02,1.926E-02,5.010E+00
6.1200E-07,-1.880E-02,1.829E-02,5.068E+00
6.1280E-07,-2.026E-02,1.926E-02,5.029E+00
6.1360E-07,-1.831E-02,1.829E-02,5.029E+00
6.1440E-07,-1.782E-02,1.829E-02,5.010E+00
6.1520E-07,-1.733E-02,1.731E-02,5.068E+00
6.1600E-07,-1.978E-02,1.878E-02,5.049E+00
6.1680E-07,-1.831E-02,1.780E-02,5.068E+00
6.1760E-07,-1.831E-02,1.731E-02,5.010E+00
6.1840E-07,-1.685E-02,1.633E-02,5.068E+00
6.1920E-07,-1.782E-02,1.878E-02,4.990E+00
6.2000E-07,-1.880E-02,1.682E-02,5.010E+00
6.2080E-07,-1.782E-02,1.585E-02,4.990E+00
6.2160E-07,-1.587E-02,1.829E-02,5.068E+00
6.2240E-07,-1.782E-02,1.633E-02,5.029E+00
6.2320E-07,-1.587E-02,1.487E-02,5.029E+00
6.2400E-07,-1.636E-02,1.633E-02,5.010E+00
6.2480E-07,-1.587E-02,1.536E-02,5.068E+00
6.2560E-07,-1.636E-02,1.682E-02,5.029E+00
6.2640E-07,-1.538E-02,1.487E-02,5.049E+00
6.2720E-07,-1.587E-02,1.585E-02,5.029E+00
6.2800E-07,-1.392E-02,1.487E-02,5.068E+00
6.2880E-07,-1.587E-02,1.487E-02,5.010E+00
6.2960E-07,-1.392E-02,1.487E-02,5.049E+00
6.3040E-07,-1.489E-02,1.487E-02,4.990E+00
6.3120E-07,-1.440E-02,1.292E-02,5.049E+00
6.3200E-07,-1.392E-02,1.487E-02,5.010E+00
6.3280E-07,-1.245E-02,1.487E-02,5.068E+00
6.3360E-07,-1.538E-02,1.438E-02,4.990E+00
6.3440E-07,-1.440E-02,1.389E-02,5.068E+00
6.3520E-07,-1.538E-02,1.340E-02,5.068E+00
6.3600E-07,-1.245E-02,1.438E-02,5.068E+00
6.3680E-07,-1.440E-02,1.389E-02,5.010E+00
6.3760E-07,-1.294E-02,1.243E-02,5.088E+00
6.3840E-07,-1.294E-02,1.438E-02,4.951E+00
6.3920E-07,-1.196E-02,1.243E-02,5.068E+00
6.4000E-07,-1.440E-02,1.340E-02,5.010E+00
6.4080E-07,-1.147E-02,1.194E-02,5.049E+00
6.4160E-07,-1.294E-02,1.194E-02,5.010E+00
6.4240E-07,-1.245E-02,1.145E-02,5.049E+00
6.4320E-07,-1.440E-02,1.292E-02,5.010E+00
6.4400E-07,-1.245E-02,1.047E-02,5.068E+00
6.4480E-07,-1.392E-02,1.194E-02,5.010E+00
6.4560E-07,-1.196E-02,1.194E-02,5.088E+00
6.4640E-07,-1.343E-02,1.194E-02,5.029E+00
6.4720E-07,-1.099E-02,1.145E-02,5.088E+00
6.4800E-07,-1.196E-02,1.145E-02,5.010E+00
6.4880E-07,-1.001E-02,1.096E-02,5.088E+00
6.4960E-07,-1.050E-02,1.047E-02,5.068E+00
6.5040E-07,-1.099E-02,9.986E-03,5.107E+00
6.5120E-07,-1.001E-02,9.986E-03,5.010E+00
6.5200E-07,-8.545E-03,9.986E-03,5.029E+00
6.5280E-07,-1.245E-02,9.986E-03,4.971E+00
6.5360E-07,-1.099E-02,8.521E-03,5.029E+00
6.5440E-07,-1.245E-02,9.498E-03,5.049E+00
6.5520E-07,-8.545E-03,9.010E-03,5.029E+00
6.5600E-07,-1.050E-02,9.498E-03,5.029E+00
6.5680E-07,-8.545E-03,8.521E-03,5.088E+00
6.5760E-07,-1.050E-02,9.498E-03,5.010E+00
6.5840E-07,-9.033E-03,8.521E-03,5.029E+00
6.5920E-07,-1.099E-02,8.033E-03,4.990E+00
6.6000E-07,-8.545E-03,9.010E-03,5.107E+00
6.6080E-07,-9.521E-03,9.498E-03,5.010E+00
6.6160E-07,-8.057E-03,9.498E-03,5.049E+00
6.6240E-07,-9.033E-03,8.521E-03,5.029E+00
6.6320E-07,-8.057E-03,8.033E-03,5.088E+00
6.6400E-07,-1.050E-02,8.033E-03,5.049E+00
6.6480E-07,-7.568E-03,9.498E-03,5.049E+00
6.6560E-07,-9.033E-03,8.033E-03,5.029E+00
6.6640E-07,-7.568E-03,8.033E-03,5.068E+00
6.6720E-07,-7.568E-03,8.521E-03,5.010E+00
6.6800E-07,-7.568E-03,8.521E-03,5.029E+00
6.6880E-07,-9.521E-03,8.521E-03,5.068E+00
6.6960E-07,-7.080E-03,7.545E-03,5.049E+00
6.7040E-07,-8.545E-03,8.033E-03,5.010E+00
6.7120E-07,-9.033E-03,6.568E-03,5.049E+00
6.7200E-07,-1.147E-02,7.057E-03,4.990E+00
6.7280E-07,-8.057E-03,7.545E-03,5.088E+00
6.7360E-07,-6.104E-03,7.057E-03,5.010E+00
6.7440E-07,-8.057E-03,7.057E-03,5.029E+00
6.7520E-07,-7.568E-03,7.057E-03,5.010E+00
6.7600E-07,-7.568E-03,7.057E-03,5.049E+00
6.7680E-07,-7.568E-03,7.057E-03,5.029E+00
6.7760E-07,-5.615E-03,7.545E-03,5.049E+00
6.7840E-07,-8.057E-03,8.033E-03,5.049E+00
6.7920E-07,-7.568E-03,5.104E-03,5.088E+00
6.8000E-07,-7.568E-03,6.080E-03,5.010E+00
6.8080E-07,-6.104E-03,5.592E-03,5.049E+00
6.8160E-07,-6.104E-03,6.568E-03,4.990E+00
6.8240E-07,-6.592E-03,5.592E-03,5.068E+00
6.8320E-07,-7.080E-03,8.033E-03,5.010E+00
6.8400E-07,-6.104E-03,6.568E-03,5.029E+00
6.8480E-07,-7.568E-03,6.080E-03,4.990E+00
6.8560E-07,-5.615E-03,5.104E-03,5.068E+00
6.8640E-07,-6.104E-03,7.057E-03,4.951E+00
6.8720E-07,-5.127E-03,6.080E-03,5.088E+00
6.8800E-07,-8.057E-03,6.568E-03,4.990E+00
6.8880E-07,-5.127E-03,5.592E-03,5.029E+00
6.8960E-07,-6.592E-03,6.568E-03,5.068E+00
6.9040E-07,-5.127E-03,5.104E-03,5.010E+00
6.9120E-07,-8.545E-03,5.592E-03,4.951E+00
6.9200E-07,-5.615E-03,5.104E-03,5.068E+00
6.9280E-07,-8.545E-03,4.615E-03,5.029E+00
6.9360E-07,-2.197E-03,5.592E-03,5.107E+00
6.9440E-07,-6.592E-03,5.592E-03,5.049E+00
6.9520E-07,-6.592E-03,4.127E-03,5.068E+00
6.9600E-07,-5.127E-03,6.080E-03,5.068E+00
6.9680E-07,-4.639E-03,4.127E-03,5.049E+00
6.9760E-07,-8.057E-03,5.104E-03,5.049E+00
6.9840E-07,-6.104E-03,4.615E-03,5.049E+00
6.9920E-07,-5.615E-03,5.104E-03,5.010E+00
7.0000E-07,-3.662E-03,4.615E-03,5.049E+00
7.0080E-07,-5.127E-03,4.615E-03,5.029E+00
7.0160E-07,-4.150E-03,4.615E-03,5.068E+00
7.0240E-07,-5.615E-03,5.104E-03,5.029E+00
7.0320E-07,-3.662E-03,4.615E-03,5.068E+00
7.0400E-07,-5.127E-03,4.615E-03,5.029E+00
7.0480E-07,-5.127E-03,2.662E-03,5.088E+00
7.0560E-07,-3.662E-03,3.150E-03,4.971E+00
7.0640E-07,-2.197E-03,4.127E-03,5.088E+00
7.0720E-07,-5.615E-03,4.127E-03,5.010E+00
7.0800E-07,-2.197E-03,3.150E-03,5.088E+00
7.0880E-07,-5.127E-03,5.104E-03,5.029E+00
7.0960E-07,-2.197E-03,5.104E-03,5.049E+00
7.1040E-07,-6.592E-03,3.150E-03,4.951E+00
7.1120E-07,-4.639E-03,4.127E-03,5.088E+00
7.1200E-07,-7.080E-03,4.127E-03,5.068E+00
7.1280E-07,-1.709E-03,3.639E-03,5.088E+00
7.1360E-07,-6.104E-03,4.615E-03,5.010E+00
7.1440E-07,-4.150E-03,3.639E-03,5.068E+00
7.1520E-07,-3.662E-03,5.592E-03,5.049E+00
7.1600E-07,-4.150E-03,3.639E-03,5.068E+00
7.1680E-07,-4.639E-03,3.639E-03,4.990E+00
7.1760E-07,-2.686E-03,2.662E-03,5.068E+00
7.1840E-07,-3.662E-03,1.686E-03,5.010E+00
7.1920E-07,-1.709E-03,3.639E-03,5.088E+00
7.2000E-07,-4.150E-03,4.615E-03,5.010E+00
7.2080E-07,-3.174E-03,2.662E-03,5.127E+00
7.2160E-07,-2.686E-03,5.104E-03,4.990E+00
7.2240E-07,-3.174E-03,3.150E-03,5.029E+00
7.2320E-07,-5.127E-03,2.662E-03,4.971E+00
7.2400E-07,-2.197E-03,2.662E-03,5.068E+00
7.2480E-07,-3.174E-03,4.127E-03,5.068E+00
7.2560E-07,-1.709E-03,2.662E-03,5.049E+00
7.2640E-07,-4.150E-03,2.662E-03,4.990E+00
7.2720E-07,-1.709E-03,2.662E-03,5.029E+00
7.2800E-07,-2.686E-03,2.662E-03,5.049E+00
7.2880E-07,-2.197E-03,3.150E-03,5.049E+00
7.2960E-07,-3.662E-03,2.662E-03,5.010E+00
7.3040E-07,-2.197E-03,2.174E-03,5.068E+00
7.3120E-07,-3.174E-03,4.127E-03,5.029E+00
7.3200E-07,-2.197E-03,2.662E-03,5.088E+00
7.3280E-07,-3.662E-03,2.174E-03,4.990E+00
7.3360E-07,-1.221E-03,2.662E-03,5.068E+00
7.3440E-07,-4.150E-03,3.639E-03,5.029E+00
7.3520E-07,-1.709E-03,2.174E-03,5.068E+00
7.3600E-07,-2.197E-03,1.686E-03,5.049E+00
7.3680E-07,-2.197E-03,1.197E-03,5.068E+00
7.3760E-07,-2.197E-03,2.662E-03,5.010E+00
7.3840E-07,-1.221E-03,1.197E-03,5.029E+00
7.3920E-07,-3.174E-03,2.174E-03,5.029E+00
7.4000E-07,-7.324E-04,2.174E-03,5.049E+00
7.4080E-07,-2.686E-03,2.662E-03,5.068E+00
7.4160E-07,-1.709E-03,3.150E-03,5.088E+00
7.4240E-07,-4.150E-03,1.197E-03,5.010E+00
7.4320E-07,-1.709E-03,1.686E-03,5.049E+00
7.4400E-07,-2.197E-03,2.662E-03,5.010E+00
7.4480E-07,-1.221E-03,-2.676E-04,5.049E+00
7.4560E-07,-2.197E-03,1.197E-03,5.068E+00
7.4640E-07,-1.221E-03,2.174E-03,5.029E+00
7.4720E-07,-1.709E-03,3.150E-03,5.068E+00
7.4800E-07,-2.197E-03,1.686E-03,5.068E+00
7.4880E-07,-4.150E-03,1.686E-03,5.029E+00
7.4960E-07,-2.686E-03,1.686E-03,5.088E+00
7.5040E-07,-1.709E-03,1.686E-03,5.010E+00
7.5120E-07,2.441E-04,1.197E-03,5.068E+00
7.5200E-07,-3.174E-03,1.197E-03,5.029E+00
7.5280E-07,-7.324E-04,2.174E-03,5.068E+00
7.5360E-07,-2.686E-03,3.150E-03,5.049E+00
7.5440E-07,-1.709E-03,1.686E-03,5.088E+00
7.5520E-07,-7.324E-04,2.174E-03,5.029E+00
7.5600E-07,-7.324E-04,1.197E-03,5.029E+00
7.5680E-07,-2.686E-03,2.662E-03,5.010E+00
7.5760E-07,-2.441E-04,2.207E-04,5.088E+00
7.5840E-07,-2.686E-03,2.662E-03,5.010E+00
7.5920E-07,-1.221E-03,1.686E-03,5.029E+00
7.6000E-07,-1.709E-03,1.197E-03,5.029E+00
7.6080E-07,2.441E-04,1.686E-03,5.107E+00
7.6160E-07,-3.662E-03,2.174E-03,4.971E+00
7.6240E-07,-2.441E-04,1.197E-03,5.068E+00
7.6320E-07,-2.441E-04,1.197E-03,5.068E+00
7.6400E-07,7.324E-04,2.207E-04,5.146E+00
7.6480E-07,-2.197E-03,2.174E-03,5.049E+00
7.6560E-07,-1.221E-03,2.174E-03,5.049E+00
7.6640E-07,-7.324E-04,2.662E-03,5.029E+00
7.6720E-07,-2.441E-04,2.174E-03,5.029E+00
7.6800E-07,-1.709E-03,1.197E-03,5.010E+00
7.6880E-07,-2.441E-04,7.090E-04,5.049E+00
7.6960E-07,-1.709E-03,2.174E-03,5.010E+00
7.7040E-07,-7.324E-04,-2.676E-04,5.068E+00
7.7120E-07,-1.709E-03,7.090E-04,5.049E+00
7.7200E-07,-1.221E-03,2.174E-03,5.068E+00
7.7280E-07,-7.324E-04,2.174E-03,5.029E+00
7.7360E-07,-2.441E-04,1.686E-03,5.088E+00
7.7440E-07,-2.686E-03,7.090E-04,5.029E+00
7.7520E-07,-1.221E-03,1.197E-03,5.088E+00
7.7600E-07,-1.709E-03,1.197E-03,5.010E+00
7.7680E-07,2.441E-04,2.207E-04,5.088E+00
7.7760E-07,-1.709E-03,1.197E-03,5.049E+00
7.7840E-07,-1.709E-03,1.197E-03,5.049E+00
7.7920E-07,-7.324E-04,7.090E-04,5.010E+00
7.8000E-07,-2.197E-03,2.662E-03,5.029E+00
7.8080E-07,-2.197E-03,-2.676E-04,4.990E+00
7.8160E-07,2.441E-04,2.662E-03,5.088E+00
7.8240E-07,-2.441E-04,2.662E-03,5.010E+00
7.8320E-07,1.221E-03,-7.559E-04,5.068E+00
7.8400E-07,-1.709E-03,1.686E-03,5.010E+00
7.8480E-07,-2.441E-04,-2.676E-04,5.088E+00
7.8560E-07,-7.324E-04,2.174E-03,5.068E+00
7.8640E-07,-1.709E-03,1.197E-03,5.068E+00
7.8720E-07,-1.709E-03,2.207E-04,4.990E+00
7.8800E-07,-1.221E-03,7.090E-04,5.049E+00
7.8880E-07,-1.221E-03,2.174E-03,5.010E+00
7.8960E-07,-7.324E-04,2.207E-04,5.029E+00
7.9040E-07,-2.686E-03,7.090E-04,5.029E+00
7.9120E-07,2.441E-04,7.090E-04,5.068E+00
7.9200E-07,2.441E-04,1.197E-03,5.049E+00
7.9280E-07,-2.197E-03,1.686E-03,5.049E+00
7.9360E-07,-1.221E-03,1.686E-03,5.010E+00
7.9440E-07,2.441E-04,-2.676E-04,5.088E+00
7.9520E-07,2.441E-04,1.686E-03,5.049E+00
7.9600E-07,7.324E-04,-2.676E-04,5.029E+00
7.9680E-07,-1.709E-03,2.207E-04,5.010E+00
7.9760E-07,-2.441E-04,-7.559E-04,5.088E+00
7.9840E-07,-2.197E-03,2.174E-03,5.010E+00
7.9920E-07,2.441E-04,2.207E-04,5.088E+00
8.0000E-07,-1.221E-03,7.090E-04,5.010E+00
8.0080E-07,-7.324E-04,7.090E-04,5.068E+00
8.0160E-07,-7.324E-04,1.686E-03,5.049E+00
8.0240E-07,7.324E-04,1.686E-03,5.010E+00
8.0320E-07,-1.709E-03,-2.676E-04,5.029E+00
8.0400E-07,-2.441E-04,2.207E-04,5.088E+00
8.0480E-07,-2.441E-04,1.686E-03,4.971E+00
8.0560E-07,2.441E-04,7.090E-04,5.088E+00
8.0640E-07,7.324E-04,7.090E-04,5.010E+00
8.0720E-07,-2.441E-04,2.207E-04,5.049E+00
8.0800E-07,-1.221E-03,1.686E-03,5.010E+00
8.0880E-07,1.221E-03,-1.732E-03,5.088E+00
8.0960E-07,-2.441E-04,2.207E-04,5.010E+00
8.1040E-07,1.221E-03,7.090E-04,5.068E+00
8.1120E-07,-2.441E-04,2.174E-03,5.029E+00
8.1200E-07,1.221E-03,1.197E-03,5.029E+00
8.1280E-07,-1.709E-03,7.090E-04,4.971E+00
8.1360E-07,7.324E-04,-2.676E-04,5.088E+00
8.1440E-07,2.441E-04,1.686E-03,5.049E+00
8.1520E-07,7.324E-04,2.207E-04,5.088E+00
8.1600E-07,-7.324E-04,2.207E-04,5.049E+00
8.1680E-07,2.441E-04,7.090E-04,5.068E+00
8.1760E-07,-2.686E-03,7.090E-04,5.088E+00
8.1840E-07,2.441E-04,-2.676E-04,5.068E+00
8.1920E-07,-2.686E-03,2.207E-04,5.010E+00
8.2000E-07,-2.441E-04,7.090E-04,5.029E+00
8.2080E-07,2.441E-04,7.090E-04,5.049E+00
8.2160E-07,2.441E-04,2.207E-04,5.049E+00
8.2240E-07,-2.441E-04,-2.676E-04,5.029E+00
8.2320E-07,1.709E-03,1.197E-03,5.068E+00
8.2400E-07,-2.441E-04,1.197E-03,5.029E+00
8.2480E-07,-7.324E-04,-7.559E-04,5.088E+00
8.2560E-07,-2.197E-03,7.090E-04,4.971E+00
8.2640E-07,-2.441E-04,-2.676E-04,5.068E+00
8.2720E-07,-2.441E-04,2.174E-03,5.029E+00
8.2800E-07,1.221E-03,-1.244E-03,5.068E+00
8.2880E-07,-2.441E-04,7.090E-04,5.010E+00
8.2960E-07,2.441E-04,-7.559E-04,5.068E+00
8.3040E-07,7.324E-04,1.197E-03,5.049E+00
8.3120E-07,-1.221E-03,-2.676E-04,5.127E+00
8.3200E-07,-1.221E-03,2.207E-04,4.990E+00
8.3280E-07,2.441E-04,7.090E-04,5.068E+00
8.3360E-07,-7.324E-04,1.197E-03,4.990E+00
8.3440E-07,1.709E-03,-7.559E-04,5.029E+00
8.3520E-07,-7.324E-04,2.207E-04,5.029E+00
8.3600E-07,2.441E-04,2.207E-04,5.107E+00
8.3680E-07,2.441E-04,2.174E-03,5.010E+00
8.3760E-07,7.324E-04,7.090E-04,5.088E+00
8.3840E-07,-2.197E-03,-7.559E-04,5.010E+00
8.3920E-07,-1.221E-03,7.090E-04,5.029E+00
8.4000E-07,7.324E-04,7.090E-04,5.010E+00
8.4080E-07,2.197E-03,-7.559E-04,5.068E+00
8.4160E-07,-1.221E-03,2.207E-04,4.990E+00
8.4240E-07,1.709E-03,-2.676E-04,5.049E+00
8.4320E-07,-2.441E-04,2.207E-04,5.010E+00
8.4400E-07,2.441E-04,2.207E-04,5.029E+00
8.4480E-07,-7.324E-04,1.686E-03,5.029E+00
8.4560E-07,-1.221E-03,-2.676E-04,5.068E+00
8.4640E-07,-2.441E-04,-7.559E-04,5.029E+00
8.4720E-07,1.709E-03,-2.676E-04,5.029E+00
8.4800E-07,-2.441E-04,2.207E-04,5.029E+00
8.4880E-07,7.324E-04,-7.559E-04,5.049E+00
8.4960E-07,-2.441E-04,2.207E-04,5.010E+00
8.5040E-07,2.441E-04,-1.732E-03,5.088E+00
8.5120E-07,-1.709E-03,-7.559E-04,4.990E+00
8.5200E-07,2.441E-04,-2.676E-04,5.088E+00
8.5280E-07,2.441E-04,1.197E-03,5.029E+00
8.5360E-07,2.686E-03,-2.676E-04,5.068E+00
8.5440E-07,-1.221E-03,-1.244E-03,5.049E+00
8.5520E-07,2.441E-04,-7.559E-04,5.029E+00
8.5600E-07,-1.221E-03,-2.676E-04,5.029E+00
8.5680E-07,3.174E-03,-2.676E-04,5.029E+00
8.5760E-07,2.441E-04,2.174E-03,4.990E+00
8.5840E-07,7.324E-04,-2.676E-04,5.088E+00
8.5920E-07,-2.441E-04,1.686E-03,5.010E+00
8.6000E-07,2.197E-03,-7.559E-04,5.029E+00
8.6080E-07,-1.221E-03,1.686E-03,4.990E+00
8.6160E-07,-2.441E-04,-7.559E-04,5.049E+00
8.6240E-07,-1.709E-03,7.090E-04,5.068E+00
8.6320E-07,2.441E-04,2.207E-04,5.127E+00
8.6400E-07,-2.441E-04,2.207E-04,5.049E+00
8.6480E-07,-2.441E-04,7.090E-04,5.068E+00
8.6560E-07,-2.441E-04,7.090E-04,5.010E+00
8.6640E-07,2.197E-03,7.090E-04,5.068E+00
8.6720E-07,2.441E-04,1.197E-03,5.029E+00
8.6800E-07,-7.324E-04,-7.559E-04,5.068E+00
8.6880E-07,2.441E-04,7.090E-04,5.029E+00
8.6960E-07,-2.441E-04,1.197E-03,5.088E+00
8.7040E-07,-3.174E-03,2.207E-04,4.990E+00
8.7120E-07,2.441E-04,-2.676E-04,5.010E+00
8.7200E-07,1.709E-03,7.090E-04,5.029E+00
8.7280E-07,1.221E-03,-7.559E-04,5.088E+00
8.7360E-07,-7.324E-04,7.090E-04,5.049E+00
8.7440E-07,-2.441E-04,-2.676E-04,5.049E+00
8.7520E-07,-2.441E-04,1.197E-03,4.990E+00
8.7600E-07,1.709E-03,7.090E-04,5.010E+00
8.7680E-07,2.441E-04,7.090E-04,5.010E+00
8.7760E-07,1.221E-03,7.090E-04,5.049E+00
8.7840E-07,2.441E-04,-7.559E-04,5.029E+00
8.7920E-07,2.197E-03,-2.676E-04,5.088E+00
8.8000E-07,-2.441E-04,-2.676E-04,4.971E+00
8.8080E-07,1.221E-03,-7.559E-04,5.029E+00
8.8160E-07,-7.324E-04,7.090E-04,5.029E+00
8.8240E-07,2.686E-03,7.090E-04,5.068E+00
8.8320E-07,-1.709E-03,2.207E-04,4.971E+00
8.8400E-07,1.221E-03,2.207E-04,5.049E+00
8.8480E-07,-2.441E-04,1.197E-03,5.049E+00
8.8560E-07,2.686E-03,2.207E-04,5.088E+00
8.8640E-07,-1.221E-03,2.207E-04,5.029E+00
8.8720E-07,2.686E-03,-2.676E-04,5.088E+00
8.8800E-07,1.221E-03,-2.676E-04,5.049E+00
8.8880E-07,1.221E-03,2.207E-04,5.049E+00
8.8960E-07,1.221E-03,-7.559E-04,4.932E+00
8.9040E-07,1.709E-03,-2.221E-03,5.029E+00
8.9120E-07,7.324E-04,7.090E-04,5.029E+00
8.9200E-07,2.686E-03,-7.559E-04,5.088E+00
8.9280E-07,-2.441E-04,1.197E-03,5.088E+00
8.9360E-07,7.324E-04,-7.559E-04,5.049E+00
8.9440E-07,1.221E-03,7.090E-04,5.029E+00
8.9520E-07,1.221E-03,-2.676E-04,5.029E+00
8.9600E-07,-1.221E-03,7.090E-04,5.010E+00
8.9680E-07,7.324E-04,7.090E-04,5.068E+00
8.9760E-07,-1.709E-03,2.207E-04,5.010E+00
8.9840E-07,2.197E-03,-1.732E-03,5.049E+00
8.9920E-07,-1.221E-03,-1.244E-03,5.029E+00
9.0000E-07,1.709E-03,-2.221E-03,5.068E+00
9.0080E-07,-2.441E-04,-2.676E-04,4.971E+00
9.0160E-07,-2.441E-04,1.197E-03,5.088E+00
9.0240E-07,-2.441E-04,2.207E-04,5.029E+00
9.0320E-07,2.441E-04,1.686E-03,5.029E+00
9.0400E-07,-2.441E-04,7.090E-04,5.029E+00
9.0480E-07,3.174E-03,7.090E-04,5.088E+00
9.0560E-07,-7.324E-04,7.090E-04,4.990E+00
9.0640E-07,2.441E-04,2.207E-04,5.068E+00
9.0720E-07,-2.441E-04,-2.676E-04,5.029E+00
9.0800E-07,1.221E-03,-7.559E-04,5.068E+00
9.0880E-07,-2.686E-03,2.207E-04,5.049E+00
9.0960E-07,2.441E-04,2.207E-04,5.029E+00
9.1040E-07,2.441E-04,1.197E-03,5.049E+00
9.1120E-07,2.686E-03,-2.676E-04,5.049E+00
9.1200E-07,2.441E-04,-2.676E-04,4.951E+00
9.1280E-07,-2.441E-04,-7.559E-04,5.068E+00
9.1360E-07,2.441E-04,7.090E-04,5.049E+00
9.1440E-07,1.709E-03,-7.559E-04,5.088E+00
9.1520E-07,-2.441E-04,2.207E-04,4.971E+00
9.1600E-07,7.324E-04,-1.244E-03,5.029E+00
9.1680E-07,2.441E-04,2.207E-04,5.029E+00
9.1760E-07,1.709E-03,-2.676E-04,5.029E+00
9.1840E-07,-2.441E-04,2.207E-04,5.029E+00
9.1920E-07,7.324E-04,7.090E-04,5.029E+00
9.2000E-07,-7.324E-04,1.197E-03,4.990E+00
9.2080E-07,2.441E-04,-7.559E-04,5.049E+00
9.2160E-07,-1.709E-03,2.207E-04,5.010E+00
9.2240E-07,2.441E-04,-7.559E-04,5.088E+00
9.2320E-07,7.324E-04,7.090E-04,5.029E+00
9.2400E-07,2.197E-03,-2.676E-04,5.088E+00
9.2480E-07,-7.324E-04,2.207E-04,5.029E+00
9.2560E-07,-1.221E-03,-7.559E-04,5.088E+00
9.2640E-07,2.441E-04,2.174E-03,5.010E+00
9.2720E-07,2.686E-03,7.090E-04,5.049E+00
9.2800E-07,-1.221E-03,2.207E-04,4.990E+00
9.2880E-07,1.221E-03,-2.676E-04,5.088E+00
9.2960E-07,1.709E-03,-2.676E-04,4.990E+00
9.3040E-07,1.709E-03,2.207E-04,5.049E+00
9.3120E-07,-2.441E-04,7.090E-04,5.049E+00
9.3200E-07,7.324E-04,2.207E-04,5.029E+00
9.3280E-07,-2.441E-04,2.207E-04,5.029E+00
9.3360E-07,-2.441E-04,7.090E-04,5.049E+00
9.3440E-07,1.709E-03,-1.244E-03,5.029E+00
9.3520E-07,-2.441E-04,-7.559E-04,5.068E+00
9.3600E-07,-2.441E-04,7.090E-04,4.990E+00
9.3680E-07,2.197E-03,-2.676E-04,5.049E+00
9.3760E-07,-7.324E-04,-2.676E-04,4.990E+00
9.3840E-07,1.709E-03,-1.244E-03,5.049E+00
9.3920E-07,7.324E-04,7.090E-04,5.029E+00
9.4000E-07,2.441E-04,-1.244E-03,5.088E+00
9.4080E-07,-2.197E-03,-7.559E-04,4.990E+00
9.4160E-07,-7.324E-04,-7.559E-04,5.010E+00
9.4240E-07,-2.441E-04,-7.559E-04,4.990E+00
9.4320E-07,1.709E-03,-1.244E-03,5.068E+00
9.4400E-07,-2.441E-04,1.686E-03,5.010E+00
9.4480E-07,2.441E-04,2.207E-04,5.107E+00
9.4560E-07,-2.441E-04,-2.676E-04,5.068E+00
9.4640E-07,7.324E-04,-2.676E-04,5.088E+00
9.4720E-07,-1.221E-03,7.090E-04,5.010E+00
9.4800E-07,-2.441E-04,-1.732E-03,5.029E+00
9.4880E-07,1.221E-03,2.174E-03,4.971E+00
9.4960E-07,1.709E-03,-2.676E-04,5.088E+00
9.5040E-07,-7.324E-04,-2.676E-04,5.068E+00
9.5120E-07,2.441E-04,-7.559E-04,5.088E+00
9.5200E-07,-1.221E-03,7.090E-04,5.010E+00
9.5280E-07,1.221E-03,2.207E-04,5.088E+00
9.5360E-07,-1.221E-03,-1.244E-03,4.971E+00
9.5440E-07,2.441E-04,7.090E-04,5.088E+00
9.5520E-07,-2.441E-04,7.090E-04,4.971E+00
9.5600E-07,1.709E-03,2.207E-04,5.088E+00
9.5680E-07,-2.441E-04,2.207E-04,5.049E+00
9.5760E-07,-7.324E-04,-1.244E-03,5.068E+00
9.5840E-07,-1.221E-03,7.090E-04,5.068E+00
9.5920E-07,2.441E-04,-1.244E-03,5.068E+00
9.6000E-07,-2.197E-03,-2.676E-04,4.990E+00
9.6080E-07,-1.221E-03,2.207E-04,5.068E+00
9.6160E-07,7.324E-04,1.686E-03,5.029E+00
9.6240E-07,1.709E-03,-7.559E-04,5.068E+00
9.6320E-07,-1.221E-03,-2.676E-04,5.010E+00
9.6400E-07,2.441E-04,-7.559E-04,5.088E+00
9.6480E-07,-1.221E-03,-7.559E-04,5.029E+00
9.6560E-07,1.709E-03,2.207E-04,5.010E+00
9.6640E-07,-2.197E-03,-7.559E-04,5.029E+00
9.6720E-07,-1.221E-03,2.207E-04,5.049E+00
9.6800E-07,2.441E-04,1.197E-03,5.049E+00
9.6880E-07,2.197E-03,2.207E-04,5.029E+00
9.6960E-07,-7.324E-04,2.207E-04,5.029E+00
9.7040E-07,2.441E-04,7.090E-04,5.029E+00
9.7120E-07,-2.441E-04,1.197E-03,5.049E+00
9.7200E-07,1.221E-03,2.207E-04,5.049E+00
9.7280E-07,-1.221E-03,1.197E-03,5.010E+00
9.7360E-07,7.324E-04,2.207E-04,5.029E+00
9.7440E-07,2.441E-04,-7.559E-04,5.010E+00
9.7520E-07,1.709E-03,7.090E-04,5.088E+00
9.7600E-07,-1.709E-03,2.207E-04,5.029E+00
9.7680E-07,1.709E-03,2.207E-04,5.049E+00
9.7760E-07,-2.441E-04,1.197E-03,5.029E+00
9.7840E-07,2.441E-04,-2.676E-04,5.029E+00
9.7920E-07,-2.197E-03,-1.244E-03,5.010E+00
9.8000E-07,-1.221E-03,2.207E-04,5.029E+00
9.8080E-07,7.324E-04,1.197E-03,5.010E+00
9.8160E-07,3.174E-03,-7.559E-04,5.049E+00
9.8240E-07,-1.221E-03,-2.676E-04,5.049E+00
9.8320E-07,-2.441E-04,-2.676E-04,5.088E+00
9.8400E-07,-1.221E-03,7.090E-04,5.049E+00
9.8480E-07,7.324E-04,-7.559E-04,5.088E+00
9.8560E-07,-2.441E-04,-7.559E-04,5.010E+00
9.8640E-07,7.324E-04,2.207E-04,5.088E+00
9.8720E-07,7.324E-04,1.197E-03,5.049E+00
9.8800E-07,7.324E-04,7.090E-04,5.068E+00
9.8880E-07,-2.441E-04,7.090E-04,5.010E+00
9.8960E-07,7.324E-04,-2.676E-04,5.068E+00
9.9040E-07,-1.709E-03,7.090E-04,5.010E+00
9.9120E-07,7.324E-04,2.207E-04,5.049E+00
9.9200E-07,-2.197E-03,-1.244E-03,4.990E+00
9.9280E-07,-2.441E-04,-7.559E-04,5.049E+00
9.9360E-07,-2.441E-04,7.090E-04,5.049E+00
9.9440E-07,2.441E-04,-1.244E-03,5.029E+00
9.9520E-07,-1.221E-03,-1.244E-03,5.068E+00
9.9600E-07,2.441E-04,-7.559E-04,5.068E+00
9.9680E-07,-2.441E-04,7.090E-04,5.068E+00
9.9760E-07,1.709E-03,1.197E-03,5.068E+00
9.9840E-07,-2.441E-04,-7.559E-04,5.010E+00
9.9920E-07,-1.221E-03,2.207E-04,5.068E+00
1.0000E-06,2.441E-04,7.090E-04,5.010E+00
1.0008E-06,1.709E-03,2.207E-04,5.088E+00
1.0016E-06,-1.709E-03,-7.559E-04,4.990E+00
1.0024E-06,7.324E-04,-7.559E-04,5.010E+00
1.0032E-06,-1.709E-03,1.686E-03,4.971E+00
1.0040E-06,2.441E-04,-1.244E-03,5.049E+00
1.0048E-06,-2.686E-03,-7.559E-04,4.990E+00
1.0056E-06,7.324E-04,-7.559E-04,5.088E+00
1.0064E-06,-1.221E-03,7.090E-04,5.049E+00
1.0072E-06,1.709E-03,-7.559E-04,5.029E+00
1.0080E-06,-7.324E-04,7.090E-04,5.010E+00
1.0088E-06,1.221E-03,-7.559E-04,5.068E+00
1.0096E-06,-2.441E-04,1.686E-03,5.010E+00
1.0104E-06,7.324E-04,-7.559E-04,5.049E+00
1.0112E-06,2.441E-04,2.207E-04,5.010E+00
1.0120E-06,7.324E-04,-2.221E-03,5.088E+00
1.0128E-06,2.441E-04,2.174E-03,5.010E+00
1.0136E-06,2.686E-03,-7.559E-04,5.049E+00
1.0144E-06,2.441E-04,7.090E-04,5.029E+00
1.0152E-06,2.441E-04,-1.244E-03,5.029E+00
1.0160E-06,-7.324E-04,2.207E-04,4.971E+00
1.0168E-06,-2.441E-04,7.090E-04,5.010E+00
1.0176E-06,-2.197E-03,1.197E-03,5.010E+00
1.0184E-06,2.441E-04,-7.559E-04,5.127E+00
1.0192E-06,-2.441E-04,7.090E-04,5.010E+00
1.0200E-06,2.197E-03,-2.676E-04,5.049E+00
1.0208E-06,2.441E-04,2.207E-04,5.029E+00
1.0216E-06,-2.441E-04,-7.559E-04,5.068E+00
1.0224E-06,-2.441E-04,7.090E-04,5.029E+00
1.0232E-06,1.221E-03,-7.559E-04,5.029E+00
1.0240E-06,-2.686E-03,-1.244E-03,4.971E+00
1.0248E-06,-1.221E-03,-7.559E-04,5.029E+00
1.0256E-06,7.324E-04,1.197E-03,5.010E+00
1.0264E-06,2.197E-03,-7.559E-04,5.049E+00
1.0272E-06,-7.324E-04,2.207E-04,5.029E+00
1.0280E-06,2.441E-04,-2.221E-03,5.068E+00
1.0288E-06,-2.441E-04,2.207E-04,5.010E+00
1.0296E-06,2.441E-04,2.174E-03,5.029E+00
1.0304E-06,1.221E-03,-2.676E-04,4.990E+00
1.0312E-06,-1.221E-03,-2.676E-04,5.068E+00
1.0320E-06,-2.441E-04,-7.559E-04,5.068E+00
1.0328E-06,2.197E-03,-2.676E-04,5.068E+00
1.0336E-06,-2.441E-04,2.207E-04,4.971E+00
1.0344E-06,1.709E-03,-7.559E-04,5.049E+00
1.0352E-06,1.221E-03,7.090E-04,5.010E+00
1.0360E-06,2.686E-03,-2.676E-04,4.990E+00
1.0368E-06,-2.197E-03,-2.221E-03,5.010E+00
1.0376E-06,-2.441E-04,2.207E-04,5.049E+00
1.0384E-06,2.441E-04,2.207E-04,5.010E+00
1.0392E-06,1.709E-03,2.207E-04,5.068E+00
1.0400E-06,-7.324E-04,-7.559E-04,5.010E+00
1.0408E-06,1.709E-03,7.090E-04,5.088E+00
1.0416E-06,-1.709E-03,2.207E-04,5.029E+00
1.0424E-06,2.441E-04,-7.559E-04,5.029E+00
1.0432E-06,7.324E-04,-1.244E-03,4.971E+00
1.0440E-06,7.324E-04,7.090E-04,5.068E+00
1.0448E-06,-2.441E-04,-2.676E-04,5.049E+00
1.0456E-06,2.686E-03,2.207E-04,5.088E+00
1.0464E-06,2.441E-04,-7.559E-04,5.010E+00
1.0472E-06,2.441E-04,-2.221E-03,5.068E+00
1.0480E-06,-2.441E-04,-1.244E-03,5.049E+00
1.0488E-06,7.324E-04,2.207E-04,5.029E+00
1.0496E-06,-2.197E-03,2.207E-04,4.951E+00
1.0504E-06,1.221E-03,-7.559E-04,5.049E+00
1.0512E-06,-1.221E-03,-2.676E-04,5.068E+00
1.0520E-06,1.709E-03,-2.676E-04,5.107E+00
1.0528E-06,-7.324E-04,-1.244E-03,4.990E+00
1.0536E-06,1.709E-03,-2.676E-04,5.029E+00
1.0544E-06,2.441E-04,1.197E-03,5.010E+00
1.0552E-06,7.324E-04,2.207E-04,5.068E+00
1.0560E-06,1.709E-03,-7.559E-04,5.029E+00
1.0568E-06,2.441E-04,-7.559E-04,5.088E+00
1.0576E-06,-7.324E-04,7.090E-04,5.068E+00
1.0584E-06,2.686E-03,-2.221E-03,5.029E+00
1.0592E-06,2.441E-04,-7.559E-04,5.029E+00
1.0600E-06,-2.441E-04,-7.559E-04,5.088E+00
1.0608E-06,-7.324E-04,2.207E-04,5.010E+00
1.0616E-06,2.441E-04,-7.559E-04,5.068E+00
1.0624E-06,-1.709E-03,-7.559E-04,5.010E+00
1.0632E-06,2.441E-04,2.207E-04,5.107E+00
1.0640E-06,-2.441E-04,-2.676E-04,5.049E+00
1.0648E-06,2.441E-04,-7.559E-04,5.029E+00
1.0656E-06,2.441E-04,-1.732E-03,5.010E+00
1.0664E-06,-7.324E-04,-1.244E-03,5.088E+00
1.0672E-06,-7.324E-04,2.207E-04,5.068E+00
1.0680E-06,-2.441E-04,7.090E-04,5.068E+00
1.0688E-06,1.709E-03,-1.732E-03,4.990E+00
1.0696E-06,-2.441E-04,-2.676E-04,5.049E+00
1.0704E-06,1.221E-03,1.197E-03,4.990E+00
1.0712E-06,2.197E-03,2.207E-04,5.010E+00
1.0720E-06,-7.324E-04,-7.559E-04,5.010E+00
1.0728E-06,2.441E-04,-2.676E-04,5.068E+00
1.0736E-06,-2.441E-04,-2.676E-04,5.068E+00
1.0744E-06,1.709E-03,-7.559E-04,5.029E+00
1.0752E-06,-3.662E-03,-7.559E-04,4.990E+00
1.0760E-06,1.221E-03,2.207E-04,5.068E+00
1.0768E-06,-7.324E-04,2.207E-04,5.029E+00
1.0776E-06,2.197E-03,-7.559E-04,5.029E+00
1.0784E-06,-2.441E-04,-7.559E-04,4.990E+00
1.0792E-06,2.441E-04,-1.244E-03,5.029E+00
1.0800E-06,2.441E-04,2.207E-04,5.010E+00
1.0808E-06,-2.441E-04,-2.676E-04,5.029E+00
1.0816E-06,2.441E-04,-7.559E-04,5.029E+00
1.0824E-06,1.221E-03,-1.244E-03,5.049E+00
1.0832E-06,-1.221E-03,1.686E-03,5.068E+00
1.0840E-06,1.709E-03,-7.559E-04,5.049E+00
1.0848E-06,-1.221E-03,-1.244E-03,4.990E+00
1.0856E-06,7.324E-04,2.207E-04,5.029E+00
1.0864E-06,1.709E-03,7.090E-04,5.029E+00
1.0872E-06,1.221E-03,-2.676E-04,5.068E+00
1.0880E-06,-1.709E-03,-2.676E-04,4.990E+00
1.0888E-06,-2.441E-04,-7.559E-04,5.068E+00
1.0896E-06,-1.221E-03,7.090E-04,4.971E+00
1.0904E-06,7.324E-04,2.207E-04,5.068E+00
1.0912E-06,7.324E-04,-7.559E-04,5.010E+00
1.0920E-06,2.197E-03,-1.732E-03,5.088E+00
1.0928E-06,-2.441E-04,7.090E-04,5.068E+00
1.0936E-06,2.441E-04,-2.676E-04,5.029E+00
1.0944E-06,-2.686E-03,-2.676E-04,4.990E+00
1.0952E-06,-7.324E-04,2.207E-04,5.010E+00
1.0960E-06,7.324E-04,2.174E-03,5.010E+00
1.0968E-06,7.324E-04,-2.676E-04,5.068E+00
1.0976E-06,2.441E-04,-2.676E-04,5.029E+00
1.0984E-06,-2.441E-04,-1.244E-03,5.029E+00
1.0992E-06,-2.441E-04,7.090E-04,5.049E+00
1.1000E-06,1.709E-03,-1.732E-03,5.029E+00
1.1008E-06,-1.709E-03,7.090E-04,4.971E+00
1.1016E-06,-7.324E-04,-7.559E-04,5.068E+00
1.1024E-06,-2.441E-04,7.090E-04,5.029E+00
1.1032E-06,1.221E-03,7.090E-04,5.049E+00
1.1040E-06,-7.324E-04,-2.676E-04,4.990E+00
1.1048E-06,1.709E-03,2.207E-04,5.049E+00
1.1056E-06,2.441E-04,7.090E-04,5.049E+00
1.1064E-06,2.441E-04,-2.676E-04,5.049E+00
1.1072E-06,7.324E-04,-2.676E-04,4.971E+00
1.1080E-06,-2.441E-04,7.090E-04,5.010E+00
1.1088E-06,7.324E-04,-2.676E-04,5.010E+00
1.1096E-06,2.441E-04,-7.559E-04,5.088E+00
1.1104E-06,-7.324E-04,-2.676E-04,4.971E+00
1.1112E-06,1.709E-03,-2.709E-03,5.068E+00
1.1120E-06,2.441E-04,7.090E-04,5.010E+00
1.1128E-06,2.441E-04,-7.559E-04,5.088E+00
1.1136E-06,7.324E-04,2.207E-04,4.971E+00
1.1144E-06,7.324E-04,-2.221E-03,5.029E+00
1.1152E-06,2.441E-04,-7.559E-04,5.010E+00
1.1160E-06,2.197E-03,-2.676E-04,5.088E+00
1.1168E-06,2.441E-04,7.090E-04,5.029E+00
1.1176E-06,2.441E-04,-7.559E-04,5.049E+00
1.1184E-06,-2.441E-04,-2.676E-04,5.010E+00
1.1192E-06,1.709E-03,-2.676E-04,5.010E+00
1.1200E-06,-1.221E-03,-1.244E-03,5.029E+00
1.1208E-06,-2.441E-04,2.207E-04,5.029E+00
1.1216E-06,-2.441E-04,7.090E-04,5.029E+00
1.1224E-06,7.324E-04,-7.559E-04,5.049E+00
1.1232E-06,1.221E-03,-2.676E-04,5.029E+00
1.1240E-06,7.324E-04,-2.221E-03,5.068E+00
1.1248E-06,2.441E-04,2.207E-04,4.971E+00
1.1256E-06,-2.441E-04,-7.559E-04,5.049E+00
1.1264E-06,7.324E-04,-2.676E-04,4.971E+00
1.1272E-06,-7.324E-04,-7.559E-04,5.068E+00
1.1280E-06,7.324E-04,1.686E-03,5.029E+00
1.1288E-06,2.197E-03,-7.559E-04,5.049E+00
1.1296E-06,-7.324E-04,-2.676E-04,4.990E+00
1.1304E-06,1.709E-03,-1.732E-03,5.068E+00
1.1312E-06,7.324E-04,1.197E-03,4.971E+00
1.1320E-06,7.324E-04,7.090E-04,5.029E+00
1.1328E-06,-1.221E-03,2.207E-04,5.010E+00
1.1336E-06,-2.441E-04,2.207E-04,5.068E+00
1.1344E-06,2.441E-04,2.207E-04,5.049E+00
1.1352E-06,2.197E-03,-2.676E-04,5.088E+00
1.1360E-06,2.441E-04,2.207E-04,5.049E+00
1.1368E-06,7.324E-04,-2.221E-03,5.088E+00
1.1376E-06,7.324E-04,-2.676E-04,5.029E+00
1.1384E-06,2.197E-03,7.090E-04,5.049E+00
1.1392E-06,-1.709E-03,-2.676E-04,4.951E+00
1.1400E-06,-1.221E-03,7.090E-04,5.049E+00
1.1408E-06,-2.441E-04,-7.559E-04,5.010E+00
1.1416E-06,7.324E-04,-7.559E-04,5.068E+00
1.1424E-06,-1.221E-03,1.197E-03,5.010E+00
1.1432E-06,1.221E-03,-1.244E-03,5.068E+00
1.1440E-06,-2.441E-04,7.090E-04,5.049E+00
1.1448E-06,-2.441E-04,-2.676E-04,5.068E+00
1.1456E-06,-7.324E-04,-1.244E-03,4.990E+00
1.1464E-06,2.441E-04,2.207E-04,5.068E+00
1.1472E-06,-1.709E-03,2.207E-04,4.990E+00
1.1480E-06,2.197E-03,-7.559E-04,5.029E+00
1.1488E-06,-2.441E-04,7.090E-04,4.990E+00
1.1496E-06,2.441E-04,-7.559E-04,5.088E+00
1.1504E-06,-2.441E-04,1.197E-03,5.029E+00
1.1512E-06,1.221E-03,7.090E-04,5.029E+00
1.1520E-06,-7.324E-04,-2.676E-04,5.010E+00
1.1528E-06,7.324E-04,-7.559E-04,5.029E+00
1.1536E-06,2.441E-04,-7.559E-04,5.029E+00
1.1544E-06,3.174E-03,-1.244E-03,5.088E+00
1.1552E-06,2.441E-04,-2.676E-04,4.971E+00
1.1560E-06,1.709E-03,-1.732E-03,5.029E+00
1.1568E-06,2.441E-04,7.090E-04,5.029E+00
1.1576E-06,1.221E-03,-1.244E-03,5.068E+00
1.1584E-06,-2.686E-03,-1.732E-03,4.990E+00
1.1592E-06,-7.324E-04,-7.559E-04,5.068E+00
1.1600E-06,-2.441E-04,1.686E-03,4.971E+00
1.1608E-06,2.197E-03,-2.676E-04,5.049E+00
1.1616E-06,2.441E-04,-2.676E-04,5.010E+00
1.1624E-06,-2.441E-04,-7.559E-04,5.049E+00
1.1632E-06,7.324E-04,-1.244E-03,4.971E+00
1.1640E-06,1.709E-03,-7.559E-04,5.068E+00
1.1648E-06,-2.441E-04,-1.732E-03,5.010E+00
1.1656E-06,1.221E-03,7.090E-04,5.127E+00
1.1664E-06,2.441E-04,-7.559E-04,5.049E+00
1.1672E-06,2.197E-03,-2.676E-04,5.068E+00
1.1680E-06,-1.709E-03,-2.676E-04,4.990E+00
1.1688E-06,1.709E-03,2.207E-04,5.068E+00
1.1696E-06,-2.441E-04,2.207E-04,5.029E+00
1.1704E-06,1.221E-03,7.090E-04,5.068E+00
1.1712E-06,-2.686E-03,7.090E-04,5.029E+00
1.1720E-06,-2.441E-04,-1.244E-03,5.068E+00
1.1728E-06,2.441E-04,7.090E-04,5.029E+00
1.1736E-06,7.324E-04,-1.244E-03,5.029E+00
1.1744E-06,-2.197E-03,7.090E-04,5.049E+00
1.1752E-06,2.441E-04,2.207E-04,5.049E+00
1.1760E-06,-2.441E-04,7.090E-04,5.010E+00
1.1768E-06,-7.324E-04,-2.676E-04,4.990E+00
1.1776E-06,-2.197E-03,-2.676E-04,5.049E+00
1.1784E-06,-2.441E-04,-7.559E-04,5.010E+00
1.1792E-06,-7.324E-04,-2.676E-04,5.010E+00
1.1800E-06,1.221E-03,-7.559E-04,5.029E+00
1.1808E-06,-1.221E-03,-2.676E-04,5.010E+00
1.1816E-06,-7.324E-04,2.207E-04,5.068E+00
1.1824E-06,2.441E-04,2.174E-03,5.029E+00
1.1832E-06,2.686E-03,7.090E-04,5.029E+00
1.1840E-06,-1.221E-03,1.197E-03,4.912E+00
1.1848E-06,-7.324E-04,2.207E-04,5.049E+00
1.1856E-06,-2.441E-04,7.090E-04,5.049E+00
1.1864E-06,2.197E-03,-7.559E-04,5.049E+00
1.1872E-06,-1.221E-03,-2.676E-04,5.068E+00
1.1880E-06,1.221E-03,-1.244E-03,5.049E+00
1.1888E-06,7.324E-04,2.207E-04,5.088E+00
1.1896E-06,7.324E-04,-2.676E-04,5.029E+00
1.1904E-06,-1.221E-03,2.207E-04,5.010E+00
1.1912E-06,2.441E-04,-7.559E-04,5.049E+00
1.1920E-06,2.441E-04,-7.559E-04,5.010E+00
1.1928E-06,1.709E-03,-7.559E-04,5.068E+00
1.1936E-06,2.441E-04,-2.676E-04,5.029E+00
1.1944E-06,-2.441E-04,-7.559E-04,5.049E+00
1.1952E-06,2.441E-04,2.207E-04,5.068E+00
1.1960E-06,1.221E-03,-1.244E-03,5.049E+00
1.1968E-06,-7.324E-04,-7.559E-04,5.010E+00
1.1976E-06,2.441E-04,-2.676E-04,5.049E+00
1.1984E-06,-2.441E-04,-2.676E-04,5.049E+00
1.1992E-06,2.686E-03,-2.676E-04,5.049E+00
1.2000E-06,-1.221E-03,-1.732E-03,4.990E+00
1.2008E-06,1.221E-03,2.207E-04,5.049E+00
1.2016E-06,2.441E-04,1.686E-03,5.029E+00
1.2024E-06,7.324E-04,7.090E-04,5.068E+00
1.2032E-06,-1.709E-03,-7.559E-04,5.049E+00
1.2040E-06,1.709E-03,-7.559E-04,5.029E+00
1.2048E-06,2.441E-04,2.207E-04,5.010E+00
1.2056E-06,2.197E-03,-2.676E-04,5.068E+00
1.2064E-06,-7.324E-04,-1.244E-03,4.971E+00
1.2072E-06,1.221E-03,-1.244E-03,5.068E+00
