Record Length,2.500000e+03,,   0.000095000000,  -0.50000,
Sample Interval,2.000000e-08,,   0.000095020000,  -0.48000,
Trigger Point,-4.750000000000e+03,,   0.000095040000,  -0.48000,
,,,   0.000095060000,  -0.52000,
,,,   0.000095080000,  -0.48000,
,,,   0.000095100000,  -0.46000,
Source,CH1,,   0.000095120000,  -0.50000,
Vertical Units,V,,   0.000095140000,  -0.46000,
Vertical Scale,5.000000e-01,,   0.000095160000,  -0.48000,
Vertical Offset,0.000000e+00,,   0.000095180000,  -0.46000,
Horizontal Units,s,,   0.000095200000,  -0.48000,
Horizontal Scale,5.000000e-06,,   0.000095220000,  -0.50000,
Pt Fmt,Y,,   0.000095240000,  -0.48000,
Yzero,0.000000e+00,,   0.000095260000,  -0.48000,
Probe Atten,1.000000e+01,,   0.000095280000,  -0.48000,
Model Number,TBS1104,,   0.000095300000,  -0.48000,
Serial Number,C014641,,   0.000095320000,  -0.46000,
Firmware Version,FV:v26.05,,   0.000095340000,  -0.48000,
,,,0.000095360000,  -0.46000,
,,,0.000095380000,  -0.46000,
,,,0.000095400000,  -0.44000,
,,,0.000095420000,  -0.48000,
,,,0.000095440000,  -0.46000,
,,,0.000095460000,  -0.46000,
,,,0.000095480000,  -0.46000,
,,,0.000095500000,  -0.44000,
,,,0.000095520000,  -0.46000,
,,,0.000095540000,  -0.44000,
,,,0.000095560000,  -0.46000,
,,,0.000095580000,  -0.46000,
,,,0.000095600000,  -0.44000,
,,,0.000095620000,  -0.46000,
,,,0.000095640000,  -0.44000,
,,,0.000095660000,  -0.46000,
,,,0.000095680000,  -0.48000,
,,,0.000095700000,  -0.44000,
,,,0.000095720000,  -0.48000,
,,,0.000095740000,  -0.46000,
,,,0.000095760000,  -0.46000,
,,,0.000095780000,  -0.46000,
,,,0.000095800000,  -0.44000,
,,,0.000095820000,  -0.44000,
,,,0.000095840000,  -0.44000,
,,,0.000095860000,  -0.42000,
,,,0.000095880000,  -0.42000,
,,,0.000095900000,  -0.46000,
,,,0.000095920000,  -0.44000,
,,,0.000095940000,  -0.46000,
,,,0.000095960000,  -0.44000,
,,,0.000095980000,  -0.44000,
,,,0.000096000000,  -0.44000,
,,,0.000096020000,  -0.44000,
,,,0.000096040000,  -0.46000,
,,,0.000096060000,  -0.44000,
,,,0.000096080000,  -0.42000,
,,,0.000096100000,  -0.42000,
,,,0.000096120000,  -0.42000,
,,,0.000096140000,  -0.44000,
,,,0.000096160000,  -0.42000,
,,,0.000096180000,  -0.40000,
,,,0.000096200000,  -0.42000,
,,,0.000096220000,  -0.42000,
,,,0.000096240000,  -0.44000,
,,,0.000096260000,  -0.40000,
,,,0.000096280000,  -0.42000,
,,,0.000096300000,  -0.42000,
,,,0.000096320000,  -0.40000,
,,,0.000096340000,  -0.40000,
,,,0.000096360000,  -0.40000,
,,,0.000096380000,  -0.42000,
,,,0.000096400000,  -0.38000,
,,,0.000096420000,  -0.38000,
,,,0.000096440000,  -0.38000,
,,,0.000096460000,  -0.42000,
,,,0.000096480000,  -0.40000,
,,,0.000096500000,  -0.40000,
,,,0.000096520000,  -0.38000,
,,,0.000096540000,  -0.34000,
,,,0.000096560000,  -0.36000,
,,,0.000096580000,  -0.38000,
,,,0.000096600000,  -0.42000,
,,,0.000096620000,  -0.38000,
,,,0.000096640000,  -0.36000,
,,,0.000096660000,  -0.40000,
,,,0.000096680000,  -0.36000,
,,,0.000096700000,  -0.34000,
,,,0.000096720000,  -0.38000,
,,,0.000096740000,  -0.34000,
,,,0.000096760000,  -0.38000,
,,,0.000096780000,  -0.36000,
,,,0.000096800000,  -0.36000,
,,,0.000096820000,  -0.34000,
,,,0.000096840000,  -0.36000,
,,,0.000096860000,  -0.36000,
,,,0.000096880000,  -0.34000,
,,,0.000096900000,  -0.38000,
,,,0.000096920000,  -0.36000,
,,,0.000096940000,  -0.32000,
,,,0.000096960000,  -0.34000,
,,,0.000096980000,  -0.36000,
,,,0.000097000000,  -0.36000,
,,,0.000097020000,  -0.32000,
,,,0.000097040000,  -0.34000,
,,,0.000097060000,  -0.36000,
,,,0.000097080000,  -0.32000,
,,,0.000097100000,  -0.34000,
,,,0.000097120000,  -0.34000,
,,,0.000097140000,  -0.32000,
,,,0.000097160000,  -0.32000,
,,,0.000097180000,  -0.30000,
,,,0.000097200000,  -0.28000,
,,,0.000097220000,  -0.32000,
,,,0.000097240000,  -0.30000,
,,,0.000097260000,  -0.34000,
,,,0.000097280000,  -0.30000,
,,,0.000097300000,  -0.26000,
,,,0.000097320000,  -0.28000,
,,,0.000097340000,  -0.28000,
,,,0.000097360000,  -0.26000,
,,,0.000097380000,  -0.28000,
,,,0.000097400000,  -0.30000,
,,,0.000097420000,  -0.28000,
,,,0.000097440000,  -0.30000,
,,,0.000097460000,  -0.26000,
,,,0.000097480000,  -0.26000,
,,,0.000097500000,  -0.28000,
,,,0.000097520000,  -0.26000,
,,,0.000097540000,  -0.26000,
,,,0.000097560000,  -0.26000,
,,,0.000097580000,  -0.24000,
,,,0.000097600000,  -0.30000,
,,,0.000097620000,  -0.24000,
,,,0.000097640000,  -0.24000,
,,,0.000097660000,  -0.26000,
,,,0.000097680000,  -0.24000,
,,,0.000097700000,  -0.26000,
,,,0.000097720000,  -0.24000,
,,,0.000097740000,  -0.22000,
,,,0.000097760000,  -0.22000,
,,,0.000097780000,  -0.22000,
,,,0.000097800000,  -0.20000,
,,,0.000097820000,  -0.24000,
,,,0.000097840000,  -0.24000,
,,,0.000097860000,  -0.20000,
,,,0.000097880000,  -0.24000,
,,,0.000097900000,  -0.20000,
,,,0.000097920000,  -0.22000,
,,,0.000097940000,  -0.22000,
,,,0.000097960000,  -0.20000,
,,,0.000097980000,  -0.18000,
,,,0.000098000000,  -0.18000,
,,,0.000098020000,  -0.20000,
,,,0.000098040000,  -0.20000,
,,,0.000098060000,  -0.16000,
,,,0.000098080000,  -0.18000,
,,,0.000098100000,  -0.18000,
,,,0.000098120000,  -0.16000,
,,,0.000098140000,  -0.16000,
,,,0.000098160000,  -0.18000,
,,,0.000098180000,  -0.18000,
,,,0.000098200000,  -0.20000,
,,,0.000098220000,  -0.20000,
,,,0.000098240000,  -0.14000,
,,,0.000098260000,  -0.18000,
,,,0.000098280000,  -0.16000,
,,,0.000098300000,  -0.18000,
,,,0.000098320000,  -0.18000,
,,,0.000098340000,  -0.16000,
,,,0.000098360000,  -0.16000,
,,,0.000098380000,  -0.16000,
,,,0.000098400000,  -0.10000,
,,,0.000098420000,  -0.10000,
,,,0.000098440000,  -0.18000,
,,,0.000098460000,  -0.14000,
,,,0.000098480000,  -0.14000,
,,,0.000098500000,  -0.14000,
,,,0.000098520000,  -0.10000,
,,,0.000098540000,  -0.12000,
,,,0.000098560000,  -0.12000,
,,,0.000098580000,  -0.12000,
,,,0.000098600000,  -0.12000,
,,,0.000098620000,  -0.08000,
,,,0.000098640000,  -0.12000,
,,,0.000098660000,  -0.10000,
,,,0.000098680000,  -0.12000,
,,,0.000098700000,  -0.10000,
,,,0.000098720000,  -0.08000,
,,,0.000098740000,  -0.08000,
,,,0.000098760000,  -0.08000,
,,,0.000098780000,  -0.06000,
,,,0.000098800000,  -0.08000,
,,,0.000098820000,  -0.06000,
,,,0.000098840000,  -0.08000,
,,,0.000098860000,  -0.08000,
,,,0.000098880000,  -0.08000,
,,,0.000098900000,  -0.08000,
,,,0.000098920000,  -0.06000,
,,,0.000098940000,  -0.06000,
,,,0.000098960000,  -0.08000,
,,,0.000098980000,  -0.06000,
,,,0.000099000000,  -0.06000,
,,,0.000099020000,  -0.06000,
,,,0.000099040000,  -0.06000,
,,,0.000099060000,  -0.02000,
,,,0.000099080000,  -0.04000,
,,,0.000099100000,  -0.04000,
,,,0.000099120000,  -0.04000,
,,,0.000099140000,  -0.02000,
,,,0.000099160000,  -0.02000,
,,,0.000099180000,  -0.02000,
,,,0.000099200000,  -0.04000,
,,,0.000099220000,   0.00000,
,,,0.000099240000,  -0.04000,
,,,0.000099260000,  -0.02000,
,,,0.000099280000,   0.00000,
,,,0.000099300000,  -0.04000,
,,,0.000099320000,   0.02000,
,,,0.000099340000,   0.02000,
,,,0.000099360000,  -0.02000,
,,,0.000099380000,   0.02000,
,,,0.000099400000,   0.00000,
,,,0.000099420000,   0.02000,
,,,0.000099440000,   0.00000,
,,,0.000099460000,   0.04000,
,,,0.000099480000,   0.02000,
,,,0.000099500000,   0.02000,
,,,0.000099520000,   0.04000,
,,,0.000099540000,   0.02000,
,,,0.000099560000,   0.04000,
,,,0.000099580000,   0.04000,
,,,0.000099600000,   0.08000,
,,,0.000099620000,   0.02000,
,,,0.000099640000,   0.02000,
,,,0.000099660000,   0.04000,
,,,0.000099680000,   0.06000,
,,,0.000099700000,   0.04000,
,,,0.000099720000,   0.04000,
,,,0.000099740000,   0.08000,
,,,0.000099760000,   0.06000,
,,,0.000099780000,   0.08000,
,,,0.000099800000,   0.06000,
,,,0.000099820000,   0.06000,
,,,0.000099840000,   0.12000,
,,,0.000099860000,   0.08000,
,,,0.000099880000,   0.10000,
,,,0.000099900000,   0.10000,
,,,0.000099920000,   0.08000,
,,,0.000099940000,   0.08000,
,,,0.000099960000,   0.10000,
,,,0.000099980000,   0.10000,
,,,0.000100000000,   0.08000,
,,,0.000100020000,   0.10000,
,,,0.000100040000,   0.10000,
,,,0.000100060000,   0.10000,
,,,0.000100080000,   0.12000,
,,,0.000100100000,   0.10000,
,,,0.000100120000,   0.10000,
,,,0.000100140000,   0.12000,
,,,0.000100160000,   0.14000,
,,,0.000100180000,   0.12000,
,,,0.000100200000,   0.12000,
,,,0.000100220000,   0.16000,
,,,0.000100240000,   0.12000,
,,,0.000100260000,   0.12000,
,,,0.000100280000,   0.14000,
,,,0.000100300000,   0.14000,
,,,0.000100320000,   0.14000,
,,,0.000100340000,   0.16000,
,,,0.000100360000,   0.18000,
,,,0.000100380000,   0.18000,
,,,0.000100400000,   0.16000,
,,,0.000100420000,   0.18000,
,,,0.000100440000,   0.16000,
,,,0.000100460000,   0.18000,
,,,0.000100480000,   0.18000,
,,,0.000100500000,   0.18000,
,,,0.000100520000,   0.18000,
,,,0.000100540000,   0.20000,
,,,0.000100560000,   0.18000,
,,,0.000100580000,   0.20000,
,,,0.000100600000,   0.18000,
,,,0.000100620000,   0.18000,
,,,0.000100640000,   0.22000,
,,,0.000100660000,   0.20000,
,,,0.000100680000,   0.18000,
,,,0.000100700000,   0.22000,
,,,0.000100720000,   0.18000,
,,,0.000100740000,   0.22000,
,,,0.000100760000,   0.22000,
,,,0.000100780000,   0.24000,
,,,0.000100800000,   0.22000,
,,,0.000100820000,   0.22000,
,,,0.000100840000,   0.24000,
,,,0.000100860000,   0.22000,
,,,0.000100880000,   0.24000,
,,,0.000100900000,   0.22000,
,,,0.000100920000,   0.24000,
,,,0.000100940000,   0.26000,
,,,0.000100960000,   0.24000,
,,,0.000100980000,   0.24000,
,,,0.000101000000,   0.26000,
,,,0.000101020000,   0.24000,
,,,0.000101040000,   0.26000,
,,,0.000101060000,   0.24000,
,,,0.000101080000,   0.26000,
,,,0.000101100000,   0.26000,
,,,0.000101120000,   0.26000,
,,,0.000101140000,   0.28000,
,,,0.000101160000,   0.28000,
,,,0.000101180000,   0.26000,
,,,0.000101200000,   0.30000,
,,,0.000101220000,   0.26000,
,,,0.000101240000,   0.26000,
,,,0.000101260000,   0.30000,
,,,0.000101280000,   0.28000,
,,,0.000101300000,   0.30000,
,,,0.000101320000,   0.30000,
,,,0.000101340000,   0.30000,
,,,0.000101360000,   0.30000,
,,,0.000101380000,   0.26000,
,,,0.000101400000,   0.30000,
,,,0.000101420000,   0.32000,
,,,0.000101440000,   0.32000,
,,,0.000101460000,   0.32000,
,,,0.000101480000,   0.32000,
,,,0.000101500000,   0.32000,
,,,0.000101520000,   0.32000,
,,,0.000101540000,   0.32000,
,,,0.000101560000,   0.30000,
,,,0.000101580000,   0.34000,
,,,0.000101600000,   0.30000,
,,,0.000101620000,   0.32000,
,,,0.000101640000,   0.34000,
,,,0.000101660000,   0.30000,
,,,0.000101680000,   0.34000,
,,,0.000101700000,   0.32000,
,,,0.000101720000,   0.36000,
,,,0.000101740000,   0.34000,
,,,0.000101760000,   0.36000,
,,,0.000101780000,   0.34000,
,,,0.000101800000,   0.32000,
,,,0.000101820000,   0.36000,
,,,0.000101840000,   0.34000,
,,,0.000101860000,   0.32000,
,,,0.000101880000,   0.36000,
,,,0.000101900000,   0.36000,
,,,0.000101920000,   0.36000,
,,,0.000101940000,   0.36000,
,,,0.000101960000,   0.40000,
,,,0.000101980000,   0.36000,
,,,0.000102000000,   0.36000,
,,,0.000102020000,   0.36000,
,,,0.000102040000,   0.38000,
,,,0.000102060000,   0.36000,
,,,0.000102080000,   0.40000,
,,,0.000102100000,   0.36000,
,,,0.000102120000,   0.38000,
,,,0.000102140000,   0.38000,
,,,0.000102160000,   0.38000,
,,,0.000102180000,   0.38000,
,,,0.000102200000,   0.40000,
,,,0.000102220000,   0.38000,
,,,0.000102240000,   0.38000,
,,,0.000102260000,   0.36000,
,,,0.000102280000,   0.40000,
,,,0.000102300000,   0.40000,
,,,0.000102320000,   0.38000,
,,,0.000102340000,   0.40000,
,,,0.000102360000,   0.42000,
,,,0.000102380000,   0.40000,
,,,0.000102400000,   0.38000,
,,,0.000102420000,   0.40000,
,,,0.000102440000,   0.40000,
,,,0.000102460000,   0.42000,
,,,0.000102480000,   0.44000,
,,,0.000102500000,   0.42000,
,,,0.000102520000,   0.42000,
,,,0.000102540000,   0.42000,
,,,0.000102560000,   0.40000,
,,,0.000102580000,   0.44000,
,,,0.000102600000,   0.40000,
,,,0.000102620000,   0.44000,
,,,0.000102640000,   0.42000,
,,,0.000102660000,   0.42000,
,,,0.000102680000,   0.46000,
,,,0.000102700000,   0.44000,
,,,0.000102720000,   0.42000,
,,,0.000102740000,   0.44000,
,,,0.000102760000,   0.46000,
,,,0.000102780000,   0.42000,
,,,0.000102800000,   0.42000,
,,,0.000102820000,   0.42000,
,,,0.000102840000,   0.44000,
,,,0.000102860000,   0.44000,
,,,0.000102880000,   0.44000,
,,,0.000102900000,   0.42000,
,,,0.000102920000,   0.44000,
,,,0.000102940000,   0.44000,
,,,0.000102960000,   0.44000,
,,,0.000102980000,   0.44000,
,,,0.000103000000,   0.48000,
,,,0.000103020000,   0.46000,
,,,0.000103040000,   0.46000,
,,,0.000103060000,   0.44000,
,,,0.000103080000,   0.48000,
,,,0.000103100000,   0.48000,
,,,0.000103120000,   0.46000,
,,,0.000103140000,   0.46000,
,,,0.000103160000,   0.48000,
,,,0.000103180000,   0.46000,
,,,0.000103200000,   0.46000,
,,,0.000103220000,   0.46000,
,,,0.000103240000,   0.48000,
,,,0.000103260000,   0.48000,
,,,0.000103280000,   0.46000,
,,,0.000103300000,   0.48000,
,,,0.000103320000,   0.44000,
,,,0.000103340000,   0.44000,
,,,0.000103360000,   0.46000,
,,,0.000103380000,   0.48000,
,,,0.000103400000,   0.48000,
,,,0.000103420000,   0.48000,
,,,0.000103440000,   0.46000,
,,,0.000103460000,   0.50000,
,,,0.000103480000,   0.50000,
,,,0.000103500000,   0.50000,
,,,0.000103520000,   0.50000,
,,,0.000103540000,   0.50000,
,,,0.000103560000,   0.50000,
,,,0.000103580000,   0.46000,
,,,0.000103600000,   0.48000,
,,,0.000103620000,   0.48000,
,,,0.000103640000,   0.50000,
,,,0.000103660000,   0.46000,
,,,0.000103680000,   0.48000,
,,,0.000103700000,   0.48000,
,,,0.000103720000,   0.50000,
,,,0.000103740000,   0.50000,
,,,0.000103760000,   0.48000,
,,,0.000103780000,   0.46000,
,,,0.000103800000,   0.50000,
,,,0.000103820000,   0.48000,
,,,0.000103840000,   0.50000,
,,,0.000103860000,   0.48000,
,,,0.000103880000,   0.48000,
,,,0.000103900000,   0.48000,
,,,0.000103920000,   0.50000,
,,,0.000103940000,   0.48000,
,,,0.000103960000,   0.48000,
,,,0.000103980000,   0.48000,
,,,0.000104000000,   0.48000,
,,,0.000104020000,   0.50000,
,,,0.000104040000,   0.50000,
,,,0.000104060000,   0.50000,
,,,0.000104080000,   0.46000,
,,,0.000104100000,   0.50000,
,,,0.000104120000,   0.50000,
,,,0.000104140000,   0.44000,
,,,0.000104160000,   0.48000,
,,,0.000104180000,   0.50000,
,,,0.000104200000,   0.46000,
,,,0.000104220000,   0.50000,
,,,0.000104240000,   0.46000,
,,,0.000104260000,   0.48000,
,,,0.000104280000,   0.50000,
,,,0.000104300000,   0.48000,
,,,0.000104320000,   0.48000,
,,,0.000104340000,   0.52000,
,,,0.000104360000,   0.50000,
,,,0.000104380000,   0.50000,
,,,0.000104400000,   0.48000,
,,,0.000104420000,   0.50000,
,,,0.000104440000,   0.54000,
,,,0.000104460000,   0.50000,
,,,0.000104480000,   0.50000,
,,,0.000104500000,   0.48000,
,,,0.000104520000,   0.48000,
,,,0.000104540000,   0.48000,
,,,0.000104560000,   0.50000,
,,,0.000104580000,   0.46000,
,,,0.000104600000,   0.52000,
,,,0.000104620000,   0.52000,
,,,0.000104640000,   0.48000,
,,,0.000104660000,   0.50000,
,,,0.000104680000,   0.48000,
,,,0.000104700000,   0.48000,
,,,0.000104720000,   0.48000,
,,,0.000104740000,   0.52000,
,,,0.000104760000,   0.50000,
,,,0.000104780000,   0.46000,
,,,0.000104800000,   0.46000,
,,,0.000104820000,   0.48000,
,,,0.000104840000,   0.48000,
,,,0.000104860000,   0.48000,
,,,0.000104880000,   0.48000,
,,,0.000104900000,   0.46000,
,,,0.000104920000,   0.48000,
,,,0.000104940000,   0.50000,
,,,0.000104960000,   0.48000,
,,,0.000104980000,   0.48000,
,,,0.000105000000,   0.48000,
,,,0.000105020000,   0.46000,
,,,0.000105040000,   0.44000,
,,,0.000105060000,   0.50000,
,,,0.000105080000,   0.50000,
,,,0.000105100000,   0.48000,
,,,0.000105120000,   0.48000,
,,,0.000105140000,   0.48000,
,,,0.000105160000,   0.48000,
,,,0.000105180000,   0.46000,
,,,0.000105200000,   0.46000,
,,,0.000105220000,   0.48000,
,,,0.000105240000,   0.46000,
,,,0.000105260000,   0.48000,
,,,0.000105280000,   0.46000,
,,,0.000105300000,   0.48000,
,,,0.000105320000,   0.44000,
,,,0.000105340000,   0.46000,
,,,0.000105360000,   0.46000,
,,,0.000105380000,   0.48000,
,,,0.000105400000,   0.48000,
,,,0.000105420000,   0.50000,
,,,0.000105440000,   0.46000,
,,,0.000105460000,   0.46000,
,,,0.000105480000,   0.46000,
,,,0.000105500000,   0.48000,
,,,0.000105520000,   0.46000,
,,,0.000105540000,   0.46000,
,,,0.000105560000,   0.44000,
,,,0.000105580000,   0.44000,
,,,0.000105600000,   0.46000,
,,,0.000105620000,   0.44000,
,,,0.000105640000,   0.42000,
,,,0.000105660000,   0.42000,
,,,0.000105680000,   0.50000,
,,,0.000105700000,   0.42000,
,,,0.000105720000,   0.46000,
,,,0.000105740000,   0.40000,
,,,0.000105760000,   0.44000,
,,,0.000105780000,   0.46000,
,,,0.000105800000,   0.42000,
,,,0.000105820000,   0.42000,
,,,0.000105840000,   0.44000,
,,,0.000105860000,   0.42000,
,,,0.000105880000,   0.44000,
,,,0.000105900000,   0.42000,
,,,0.000105920000,   0.44000,
,,,0.000105940000,   0.42000,
,,,0.000105960000,   0.44000,
,,,0.000105980000,   0.42000,
,,,0.000106000000,   0.44000,
,,,0.000106020000,   0.44000,
,,,0.000106040000,   0.44000,
,,,0.000106060000,   0.42000,
,,,0.000106080000,   0.40000,
,,,0.000106100000,   0.40000,
,,,0.000106120000,   0.42000,
,,,0.000106140000,   0.42000,
,,,0.000106160000,   0.40000,
,,,0.000106180000,   0.42000,
,,,0.000106200000,   0.42000,
,,,0.000106220000,   0.40000,
,,,0.000106240000,   0.40000,
,,,0.000106260000,   0.40000,
,,,0.000106280000,   0.40000,
,,,0.000106300000,   0.40000,
,,,0.000106320000,   0.42000,
,,,0.000106340000,   0.40000,
,,,0.000106360000,   0.38000,
,,,0.000106380000,   0.40000,
,,,0.000106400000,   0.40000,
,,,0.000106420000,   0.40000,
,,,0.000106440000,   0.40000,
,,,0.000106460000,   0.36000,
,,,0.000106480000,   0.40000,
,,,0.000106500000,   0.38000,
,,,0.000106520000,   0.36000,
,,,0.000106540000,   0.38000,
,,,0.000106560000,   0.34000,
,,,0.000106580000,   0.38000,
,,,0.000106600000,   0.38000,
,,,0.000106620000,   0.36000,
,,,0.000106640000,   0.36000,
,,,0.000106660000,   0.36000,
,,,0.000106680000,   0.34000,
,,,0.000106700000,   0.36000,
,,,0.000106720000,   0.38000,
,,,0.000106740000,   0.34000,
,,,0.000106760000,   0.32000,
,,,0.000106780000,   0.32000,
,,,0.000106800000,   0.36000,
,,,0.000106820000,   0.32000,
,,,0.000106840000,   0.36000,
,,,0.000106860000,   0.32000,
,,,0.000106880000,   0.34000,
,,,0.000106900000,   0.32000,
,,,0.000106920000,   0.34000,
,,,0.000106940000,   0.32000,
,,,0.000106960000,   0.34000,
,,,0.000106980000,   0.34000,
,,,0.000107000000,   0.32000,
,,,0.000107020000,   0.32000,
,,,0.000107040000,   0.30000,
,,,0.000107060000,   0.32000,
,,,0.000107080000,   0.32000,
,,,0.000107100000,   0.32000,
,,,0.000107120000,   0.30000,
,,,0.000107140000,   0.30000,
,,,0.000107160000,   0.30000,
,,,0.000107180000,   0.30000,
,,,0.000107200000,   0.32000,
,,,0.000107220000,   0.30000,
,,,0.000107240000,   0.30000,
,,,0.000107260000,   0.30000,
,,,0.000107280000,   0.28000,
,,,0.000107300000,   0.28000,
,,,0.000107320000,   0.28000,
,,,0.000107340000,   0.30000,
,,,0.000107360000,   0.30000,
,,,0.000107380000,   0.30000,
,,,0.000107400000,   0.30000,
,,,0.000107420000,   0.30000,
,,,0.000107440000,   0.28000,
,,,0.000107460000,   0.28000,
,,,0.000107480000,   0.30000,
,,,0.000107500000,   0.24000,
,,,0.000107520000,   0.28000,
,,,0.000107540000,   0.26000,
,,,0.000107560000,   0.26000,
,,,0.000107580000,   0.26000,
,,,0.000107600000,   0.26000,
,,,0.000107620000,   0.24000,
,,,0.000107640000,   0.22000,
,,,0.000107660000,   0.28000,
,,,0.000107680000,   0.26000,
,,,0.000107700000,   0.26000,
,,,0.000107720000,   0.24000,
,,,0.000107740000,   0.24000,
,,,0.000107760000,   0.24000,
,,,0.000107780000,   0.22000,
,,,0.000107800000,   0.22000,
,,,0.000107820000,   0.22000,
,,,0.000107840000,   0.20000,
,,,0.000107860000,   0.22000,
,,,0.000107880000,   0.20000,
,,,0.000107900000,   0.22000,
,,,0.000107920000,   0.20000,
,,,0.000107940000,   0.20000,
,,,0.000107960000,   0.20000,
,,,0.000107980000,   0.20000,
,,,0.000108000000,   0.20000,
,,,0.000108020000,   0.18000,
,,,0.000108040000,   0.18000,
,,,0.000108060000,   0.20000,
,,,0.000108080000,   0.18000,
,,,0.000108100000,   0.16000,
,,,0.000108120000,   0.18000,
,,,0.000108140000,   0.20000,
,,,0.000108160000,   0.14000,
,,,0.000108180000,   0.18000,
,,,0.000108200000,   0.16000,
,,,0.000108220000,   0.16000,
,,,0.000108240000,   0.14000,
,,,0.000108260000,   0.14000,
,,,0.000108280000,   0.16000,
,,,0.000108300000,   0.18000,
,,,0.000108320000,   0.16000,
,,,0.000108340000,   0.14000,
,,,0.000108360000,   0.12000,
,,,0.000108380000,   0.12000,
,,,0.000108400000,   0.14000,
,,,0.000108420000,   0.14000,
,,,0.000108440000,   0.16000,
,,,0.000108460000,   0.14000,
,,,0.000108480000,   0.14000,
,,,0.000108500000,   0.10000,
,,,0.000108520000,   0.16000,
,,,0.000108540000,   0.12000,
,,,0.000108560000,   0.12000,
,,,0.000108580000,   0.12000,
,,,0.000108600000,   0.10000,
,,,0.000108620000,   0.10000,
,,,0.000108640000,   0.10000,
,,,0.000108660000,   0.10000,
,,,0.000108680000,   0.08000,
,,,0.000108700000,   0.10000,
,,,0.000108720000,   0.08000,
,,,0.000108740000,   0.10000,
,,,0.000108760000,   0.08000,
,,,0.000108780000,   0.06000,
,,,0.000108800000,   0.06000,
,,,0.000108820000,   0.08000,
,,,0.000108840000,   0.06000,
,,,0.000108860000,   0.04000,
,,,0.000108880000,   0.04000,
,,,0.000108900000,   0.04000,
,,,0.000108920000,   0.04000,
,,,0.000108940000,   0.06000,
,,,0.000108960000,   0.06000,
,,,0.000108980000,   0.04000,
,,,0.000109000000,   0.04000,
,,,0.000109020000,   0.04000,
,,,0.000109040000,   0.04000,
,,,0.000109060000,   0.04000,
,,,0.000109080000,   0.04000,
,,,0.000109100000,   0.00000,
,,,0.000109120000,   0.06000,
,,,0.000109140000,   0.02000,
,,,0.000109160000,   0.02000,
,,,0.000109180000,   0.02000,
,,,0.000109200000,   0.00000,
,,,0.000109220000,   0.02000,
,,,0.000109240000,   0.00000,
,,,0.000109260000,   0.00000,
,,,0.000109280000,   0.00000,
,,,0.000109300000,  -0.02000,
,,,0.000109320000,   0.00000,
,,,0.000109340000,   0.00000,
,,,0.000109360000,  -0.02000,
,,,0.000109380000,   0.00000,
,,,0.000109400000,   0.00000,
,,,0.000109420000,   0.00000,
,,,0.000109440000,  -0.02000,
,,,0.000109460000,   0.00000,
,,,0.000109480000,  -0.06000,
,,,0.000109500000,  -0.02000,
,,,0.000109520000,  -0.06000,
,,,0.000109540000,  -0.06000,
,,,0.000109560000,  -0.06000,
,,,0.000109580000,  -0.06000,
,,,0.000109600000,  -0.06000,
,,,0.000109620000,  -0.06000,
,,,0.000109640000,  -0.06000,
,,,0.000109660000,  -0.06000,
,,,0.000109680000,  -0.08000,
,,,0.000109700000,  -0.08000,
,,,0.000109720000,  -0.08000,
,,,0.000109740000,  -0.04000,
,,,0.000109760000,  -0.08000,
,,,0.000109780000,  -0.06000,
,,,0.000109800000,  -0.10000,
,,,0.000109820000,  -0.08000,
,,,0.000109840000,  -0.10000,
,,,0.000109860000,  -0.10000,
,,,0.000109880000,  -0.08000,
,,,0.000109900000,  -0.10000,
,,,0.000109920000,  -0.12000,
,,,0.000109940000,  -0.12000,
,,,0.000109960000,  -0.08000,
,,,0.000109980000,  -0.10000,
,,,0.000110000000,  -0.10000,
,,,0.000110020000,  -0.14000,
,,,0.000110040000,  -0.14000,
,,,0.000110060000,  -0.12000,
,,,0.000110080000,  -0.12000,
,,,0.000110100000,  -0.14000,
,,,0.000110120000,  -0.12000,
,,,0.000110140000,  -0.14000,
,,,0.000110160000,  -0.14000,
,,,0.000110180000,  -0.14000,
,,,0.000110200000,  -0.14000,
,,,0.000110220000,  -0.14000,
,,,0.000110240000,  -0.14000,
,,,0.000110260000,  -0.16000,
,,,0.000110280000,  -0.12000,
,,,0.000110300000,  -0.14000,
,,,0.000110320000,  -0.18000,
,,,0.000110340000,  -0.16000,
,,,0.000110360000,  -0.16000,
,,,0.000110380000,  -0.16000,
,,,0.000110400000,  -0.16000,
,,,0.000110420000,  -0.20000,
,,,0.000110440000,  -0.20000,
,,,0.000110460000,  -0.18000,
,,,0.000110480000,  -0.20000,
,,,0.000110500000,  -0.18000,
,,,0.000110520000,  -0.20000,
,,,0.000110540000,  -0.18000,
,,,0.000110560000,  -0.20000,
,,,0.000110580000,  -0.20000,
,,,0.000110600000,  -0.18000,
,,,0.000110620000,  -0.20000,
,,,0.000110640000,  -0.22000,
,,,0.000110660000,  -0.20000,
,,,0.000110680000,  -0.20000,
,,,0.000110700000,  -0.22000,
,,,0.000110720000,  -0.22000,
,,,0.000110740000,  -0.24000,
,,,0.000110760000,  -0.24000,
,,,0.000110780000,  -0.22000,
,,,0.000110800000,  -0.22000,
,,,0.000110820000,  -0.24000,
,,,0.000110840000,  -0.24000,
,,,0.000110860000,  -0.26000,
,,,0.000110880000,  -0.26000,
,,,0.000110900000,  -0.24000,
,,,0.000110920000,  -0.24000,
,,,0.000110940000,  -0.24000,
,,,0.000110960000,  -0.26000,
,,,0.000110980000,  -0.24000,
,,,0.000111000000,  -0.24000,
,,,0.000111020000,  -0.28000,
,,,0.000111040000,  -0.26000,
,,,0.000111060000,  -0.24000,
,,,0.000111080000,  -0.28000,
,,,0.000111100000,  -0.24000,
,,,0.000111120000,  -0.28000,
,,,0.000111140000,  -0.28000,
,,,0.000111160000,  -0.26000,
,,,0.000111180000,  -0.28000,
,,,0.000111200000,  -0.26000,
,,,0.000111220000,  -0.28000,
,,,0.000111240000,  -0.28000,
,,,0.000111260000,  -0.30000,
,,,0.000111280000,  -0.30000,
,,,0.000111300000,  -0.32000,
,,,0.000111320000,  -0.28000,
,,,0.000111340000,  -0.30000,
,,,0.000111360000,  -0.30000,
,,,0.000111380000,  -0.28000,
,,,0.000111400000,  -0.28000,
,,,0.000111420000,  -0.28000,
,,,0.000111440000,  -0.30000,
,,,0.000111460000,  -0.32000,
,,,0.000111480000,  -0.30000,
,,,0.000111500000,  -0.30000,
,,,0.000111520000,  -0.34000,
,,,0.000111540000,  -0.32000,
,,,0.000111560000,  -0.34000,
,,,0.000111580000,  -0.34000,
,,,0.000111600000,  -0.34000,
,,,0.000111620000,  -0.34000,
,,,0.000111640000,  -0.34000,
,,,0.000111660000,  -0.36000,
,,,0.000111680000,  -0.34000,
,,,0.000111700000,  -0.34000,
,,,0.000111720000,  -0.34000,
,,,0.000111740000,  -0.36000,
,,,0.000111760000,  -0.36000,
,,,0.000111780000,  -0.36000,
,,,0.000111800000,  -0.38000,
,,,0.000111820000,  -0.38000,
,,,0.000111840000,  -0.38000,
,,,0.000111860000,  -0.36000,
,,,0.000111880000,  -0.38000,
,,,0.000111900000,  -0.38000,
,,,0.000111920000,  -0.38000,
,,,0.000111940000,  -0.38000,
,,,0.000111960000,  -0.36000,
,,,0.000111980000,  -0.38000,
,,,0.000112000000,  -0.38000,
,,,0.000112020000,  -0.38000,
,,,0.000112040000,  -0.38000,
,,,0.000112060000,  -0.40000,
,,,0.000112080000,  -0.38000,
,,,0.000112100000,  -0.38000,
,,,0.000112120000,  -0.40000,
,,,0.000112140000,  -0.36000,
,,,0.000112160000,  -0.40000,
,,,0.000112180000,  -0.42000,
,,,0.000112200000,  -0.42000,
,,,0.000112220000,  -0.42000,
,,,0.000112240000,  -0.42000,
,,,0.000112260000,  -0.38000,
,,,0.000112280000,  -0.40000,
,,,0.000112300000,  -0.40000,
,,,0.000112320000,  -0.42000,
,,,0.000112340000,  -0.40000,
,,,0.000112360000,  -0.42000,
,,,0.000112380000,  -0.40000,
,,,0.000112400000,  -0.42000,
,,,0.000112420000,  -0.42000,
,,,0.000112440000,  -0.44000,
,,,0.000112460000,  -0.42000,
,,,0.000112480000,  -0.42000,
,,,0.000112500000,  -0.44000,
,,,0.000112520000,  -0.42000,
,,,0.000112540000,  -0.42000,
,,,0.000112560000,  -0.46000,
,,,0.000112580000,  -0.42000,
,,,0.000112600000,  -0.44000,
,,,0.000112620000,  -0.42000,
,,,0.000112640000,  -0.40000,
,,,0.000112660000,  -0.44000,
,,,0.000112680000,  -0.46000,
,,,0.000112700000,  -0.46000,
,,,0.000112720000,  -0.46000,
,,,0.000112740000,  -0.44000,
,,,0.000112760000,  -0.46000,
,,,0.000112780000,  -0.44000,
,,,0.000112800000,  -0.46000,
,,,0.000112820000,  -0.46000,
,,,0.000112840000,  -0.44000,
,,,0.000112860000,  -0.46000,
,,,0.000112880000,  -0.44000,
,,,0.000112900000,  -0.44000,
,,,0.000112920000,  -0.44000,
,,,0.000112940000,  -0.46000,
,,,0.000112960000,  -0.46000,
,,,0.000112980000,  -0.48000,
,,,0.000113000000,  -0.46000,
,,,0.000113020000,  -0.44000,
,,,0.000113040000,  -0.46000,
,,,0.000113060000,  -0.46000,
,,,0.000113080000,  -0.44000,
,,,0.000113100000,  -0.50000,
,,,0.000113120000,  -0.46000,
,,,0.000113140000,  -0.42000,
,,,0.000113160000,  -0.50000,
,,,0.000113180000,  -0.48000,
,,,0.000113200000,  -0.44000,
,,,0.000113220000,  -0.46000,
,,,0.000113240000,  -0.50000,
,,,0.000113260000,  -0.46000,
,,,0.000113280000,  -0.48000,
,,,0.000113300000,  -0.44000,
,,,0.000113320000,  -0.46000,
,,,0.000113340000,  -0.48000,
,,,0.000113360000,  -0.48000,
,,,0.000113380000,  -0.44000,
,,,0.000113400000,  -0.46000,
,,,0.000113420000,  -0.48000,
,,,0.000113440000,  -0.50000,
,,,0.000113460000,  -0.48000,
,,,0.000113480000,  -0.50000,
,,,0.000113500000,  -0.48000,
,,,0.000113520000,  -0.46000,
,,,0.000113540000,  -0.50000,
,,,0.000113560000,  -0.52000,
,,,0.000113580000,  -0.52000,
,,,0.000113600000,  -0.48000,
,,,0.000113620000,  -0.48000,
,,,0.000113640000,  -0.48000,
,,,0.000113660000,  -0.52000,
,,,0.000113680000,  -0.52000,
,,,0.000113700000,  -0.50000,
,,,0.000113720000,  -0.50000,
,,,0.000113740000,  -0.50000,
,,,0.000113760000,  -0.52000,
,,,0.000113780000,  -0.48000,
,,,0.000113800000,  -0.50000,
,,,0.000113820000,  -0.50000,
,,,0.000113840000,  -0.50000,
,,,0.000113860000,  -0.50000,
,,,0.000113880000,  -0.52000,
,,,0.000113900000,  -0.50000,
,,,0.000113920000,  -0.50000,
,,,0.000113940000,  -0.50000,
,,,0.000113960000,  -0.48000,
,,,0.000113980000,  -0.54000,
,,,0.000114000000,  -0.52000,
,,,0.000114020000,  -0.48000,
,,,0.000114040000,  -0.52000,
,,,0.000114060000,  -0.54000,
,,,0.000114080000,  -0.50000,
,,,0.000114100000,  -0.52000,
,,,0.000114120000,  -0.50000,
,,,0.000114140000,  -0.52000,
,,,0.000114160000,  -0.50000,
,,,0.000114180000,  -0.50000,
,,,0.000114200000,  -0.50000,
,,,0.000114220000,  -0.50000,
,,,0.000114240000,  -0.50000,
,,,0.000114260000,  -0.50000,
,,,0.000114280000,  -0.50000,
,,,0.000114300000,  -0.50000,
,,,0.000114320000,  -0.50000,
,,,0.000114340000,  -0.50000,
,,,0.000114360000,  -0.50000,
,,,0.000114380000,  -0.48000,
,,,0.000114400000,  -0.50000,
,,,0.000114420000,  -0.52000,
,,,0.000114440000,  -0.52000,
,,,0.000114460000,  -0.48000,
,,,0.000114480000,  -0.48000,
,,,0.000114500000,  -0.48000,
,,,0.000114520000,  -0.48000,
,,,0.000114540000,  -0.52000,
,,,0.000114560000,  -0.50000,
,,,0.000114580000,  -0.50000,
,,,0.000114600000,  -0.50000,
,,,0.000114620000,  -0.50000,
,,,0.000114640000,  -0.48000,
,,,0.000114660000,  -0.50000,
,,,0.000114680000,  -0.50000,
,,,0.000114700000,  -0.50000,
,,,0.000114720000,  -0.50000,
,,,0.000114740000,  -0.52000,
,,,0.000114760000,  -0.50000,
,,,0.000114780000,  -0.48000,
,,,0.000114800000,  -0.50000,
,,,0.000114820000,  -0.50000,
,,,0.000114840000,  -0.50000,
,,,0.000114860000,  -0.50000,
,,,0.000114880000,  -0.50000,
,,,0.000114900000,  -0.48000,
,,,0.000114920000,  -0.52000,
,,,0.000114940000,  -0.50000,
,,,0.000114960000,  -0.46000,
,,,0.000114980000,  -0.50000,
,,,0.000115000000,  -0.46000,
,,,0.000115020000,  -0.48000,
,,,0.000115040000,  -0.48000,
,,,0.000115060000,  -0.46000,
,,,0.000115080000,  -0.50000,
,,,0.000115100000,  -0.50000,
,,,0.000115120000,  -0.48000,
,,,0.000115140000,  -0.48000,
,,,0.000115160000,  -0.48000,
,,,0.000115180000,  -0.44000,
,,,0.000115200000,  -0.48000,
,,,0.000115220000,  -0.48000,
,,,0.000115240000,  -0.50000,
,,,0.000115260000,  -0.46000,
,,,0.000115280000,  -0.48000,
,,,0.000115300000,  -0.46000,
,,,0.000115320000,  -0.50000,
,,,0.000115340000,  -0.48000,
,,,0.000115360000,  -0.46000,
,,,0.000115380000,  -0.46000,
,,,0.000115400000,  -0.46000,
,,,0.000115420000,  -0.46000,
,,,0.000115440000,  -0.46000,
,,,0.000115460000,  -0.48000,
,,,0.000115480000,  -0.48000,
,,,0.000115500000,  -0.46000,
,,,0.000115520000,  -0.48000,
,,,0.000115540000,  -0.48000,
,,,0.000115560000,  -0.48000,
,,,0.000115580000,  -0.46000,
,,,0.000115600000,  -0.44000,
,,,0.000115620000,  -0.44000,
,,,0.000115640000,  -0.48000,
,,,0.000115660000,  -0.44000,
,,,0.000115680000,  -0.44000,
,,,0.000115700000,  -0.48000,
,,,0.000115720000,  -0.46000,
,,,0.000115740000,  -0.46000,
,,,0.000115760000,  -0.46000,
,,,0.000115780000,  -0.46000,
,,,0.000115800000,  -0.44000,
,,,0.000115820000,  -0.42000,
,,,0.000115840000,  -0.46000,
,,,0.000115860000,  -0.44000,
,,,0.000115880000,  -0.44000,
,,,0.000115900000,  -0.42000,
,,,0.000115920000,  -0.44000,
,,,0.000115940000,  -0.42000,
,,,0.000115960000,  -0.44000,
,,,0.000115980000,  -0.46000,
,,,0.000116000000,  -0.44000,
,,,0.000116020000,  -0.46000,
,,,0.000116040000,  -0.44000,
,,,0.000116060000,  -0.40000,
,,,0.000116080000,  -0.46000,
,,,0.000116100000,  -0.44000,
,,,0.000116120000,  -0.44000,
,,,0.000116140000,  -0.44000,
,,,0.000116160000,  -0.42000,
,,,0.000116180000,  -0.44000,
,,,0.000116200000,  -0.42000,
,,,0.000116220000,  -0.38000,
,,,0.000116240000,  -0.42000,
,,,0.000116260000,  -0.42000,
,,,0.000116280000,  -0.42000,
,,,0.000116300000,  -0.42000,
,,,0.000116320000,  -0.36000,
,,,0.000116340000,  -0.38000,
,,,0.000116360000,  -0.42000,
,,,0.000116380000,  -0.40000,
,,,0.000116400000,  -0.40000,
,,,0.000116420000,  -0.40000,
,,,0.000116440000,  -0.38000,
,,,0.000116460000,  -0.42000,
,,,0.000116480000,  -0.38000,
,,,0.000116500000,  -0.40000,
,,,0.000116520000,  -0.36000,
,,,0.000116540000,  -0.40000,
,,,0.000116560000,  -0.38000,
,,,0.000116580000,  -0.40000,
,,,0.000116600000,  -0.34000,
,,,0.000116620000,  -0.38000,
,,,0.000116640000,  -0.36000,
,,,0.000116660000,  -0.36000,
,,,0.000116680000,  -0.38000,
,,,0.000116700000,  -0.38000,
,,,0.000116720000,  -0.36000,
,,,0.000116740000,  -0.36000,
,,,0.000116760000,  -0.36000,
,,,0.000116780000,  -0.36000,
,,,0.000116800000,  -0.34000,
,,,0.000116820000,  -0.36000,
,,,0.000116840000,  -0.36000,
,,,0.000116860000,  -0.34000,
,,,0.000116880000,  -0.32000,
,,,0.000116900000,  -0.36000,
,,,0.000116920000,  -0.36000,
,,,0.000116940000,  -0.36000,
,,,0.000116960000,  -0.36000,
,,,0.000116980000,  -0.32000,
,,,0.000117000000,  -0.32000,
,,,0.000117020000,  -0.34000,
,,,0.000117040000,  -0.34000,
,,,0.000117060000,  -0.34000,
,,,0.000117080000,  -0.32000,
,,,0.000117100000,  -0.30000,
,,,0.000117120000,  -0.32000,
,,,0.000117140000,  -0.30000,
,,,0.000117160000,  -0.30000,
,,,0.000117180000,  -0.32000,
,,,0.000117200000,  -0.30000,
,,,0.000117220000,  -0.30000,
,,,0.000117240000,  -0.30000,
,,,0.000117260000,  -0.28000,
,,,0.000117280000,  -0.26000,
,,,0.000117300000,  -0.32000,
,,,0.000117320000,  -0.28000,
,,,0.000117340000,  -0.28000,
,,,0.000117360000,  -0.28000,
,,,0.000117380000,  -0.26000,
,,,0.000117400000,  -0.30000,
,,,0.000117420000,  -0.26000,
,,,0.000117440000,  -0.28000,
,,,0.000117460000,  -0.28000,
,,,0.000117480000,  -0.26000,
,,,0.000117500000,  -0.26000,
,,,0.000117520000,  -0.28000,
,,,0.000117540000,  -0.28000,
,,,0.000117560000,  -0.26000,
,,,0.000117580000,  -0.24000,
,,,0.000117600000,  -0.24000,
,,,0.000117620000,  -0.26000,
,,,0.000117640000,  -0.24000,
,,,0.000117660000,  -0.24000,
,,,0.000117680000,  -0.26000,
,,,0.000117700000,  -0.24000,
,,,0.000117720000,  -0.26000,
,,,0.000117740000,  -0.26000,
,,,0.000117760000,  -0.24000,
,,,0.000117780000,  -0.20000,
,,,0.000117800000,  -0.22000,
,,,0.000117820000,  -0.24000,
,,,0.000117840000,  -0.24000,
,,,0.000117860000,  -0.22000,
,,,0.000117880000,  -0.20000,
,,,0.000117900000,  -0.22000,
,,,0.000117920000,  -0.20000,
,,,0.000117940000,  -0.20000,
,,,0.000117960000,  -0.22000,
,,,0.000117980000,  -0.20000,
,,,0.000118000000,  -0.22000,
,,,0.000118020000,  -0.22000,
,,,0.000118040000,  -0.16000,
,,,0.000118060000,  -0.20000,
,,,0.000118080000,  -0.22000,
,,,0.000118100000,  -0.18000,
,,,0.000118120000,  -0.20000,
,,,0.000118140000,  -0.18000,
,,,0.000118160000,  -0.20000,
,,,0.000118180000,  -0.18000,
,,,0.000118200000,  -0.16000,
,,,0.000118220000,  -0.16000,
,,,0.000118240000,  -0.18000,
,,,0.000118260000,  -0.16000,
,,,0.000118280000,  -0.16000,
,,,0.000118300000,  -0.16000,
,,,0.000118320000,  -0.14000,
,,,0.000118340000,  -0.16000,
,,,0.000118360000,  -0.12000,
,,,0.000118380000,  -0.14000,
,,,0.000118400000,  -0.14000,
,,,0.000118420000,  -0.12000,
,,,0.000118440000,  -0.14000,
,,,0.000118460000,  -0.12000,
,,,0.000118480000,  -0.12000,
,,,0.000118500000,  -0.14000,
,,,0.000118520000,  -0.10000,
,,,0.000118540000,  -0.10000,
,,,0.000118560000,  -0.14000,
,,,0.000118580000,  -0.10000,
,,,0.000118600000,  -0.12000,
,,,0.000118620000,  -0.08000,
,,,0.000118640000,  -0.10000,
,,,0.000118660000,  -0.14000,
,,,0.000118680000,  -0.10000,
,,,0.000118700000,  -0.08000,
,,,0.000118720000,  -0.10000,
,,,0.000118740000,  -0.10000,
,,,0.000118760000,  -0.10000,
,,,0.000118780000,  -0.08000,
,,,0.000118800000,  -0.10000,
,,,0.000118820000,  -0.06000,
,,,0.000118840000,  -0.08000,
,,,0.000118860000,  -0.04000,
,,,0.000118880000,  -0.06000,
,,,0.000118900000,  -0.06000,
,,,0.000118920000,  -0.04000,
,,,0.000118940000,  -0.06000,
,,,0.000118960000,  -0.06000,
,,,0.000118980000,  -0.06000,
,,,0.000119000000,  -0.08000,
,,,0.000119020000,  -0.04000,
,,,0.000119040000,  -0.04000,
,,,0.000119060000,  -0.06000,
,,,0.000119080000,  -0.02000,
,,,0.000119100000,  -0.04000,
,,,0.000119120000,  -0.02000,
,,,0.000119140000,  -0.02000,
,,,0.000119160000,  -0.06000,
,,,0.000119180000,  -0.02000,
,,,0.000119200000,  -0.02000,
,,,0.000119220000,   0.00000,
,,,0.000119240000,  -0.02000,
,,,0.000119260000,   0.00000,
,,,0.000119280000,   0.02000,
,,,0.000119300000,   0.02000,
,,,0.000119320000,   0.00000,
,,,0.000119340000,   0.02000,
,,,0.000119360000,   0.02000,
,,,0.000119380000,   0.02000,
,,,0.000119400000,   0.02000,
,,,0.000119420000,   0.02000,
,,,0.000119440000,   0.02000,
,,,0.000119460000,   0.02000,
,,,0.000119480000,   0.04000,
,,,0.000119500000,   0.02000,
,,,0.000119520000,   0.02000,
,,,0.000119540000,   0.04000,
,,,0.000119560000,   0.04000,
,,,0.000119580000,   0.08000,
,,,0.000119600000,   0.06000,
,,,0.000119620000,   0.04000,
,,,0.000119640000,   0.06000,
,,,0.000119660000,   0.06000,
,,,0.000119680000,   0.06000,
,,,0.000119700000,   0.06000,
,,,0.000119720000,   0.04000,
,,,0.000119740000,   0.06000,
,,,0.000119760000,   0.04000,
,,,0.000119780000,   0.10000,
,,,0.000119800000,   0.06000,
,,,0.000119820000,   0.06000,
,,,0.000119840000,   0.10000,
,,,0.000119860000,   0.10000,
,,,0.000119880000,   0.08000,
,,,0.000119900000,   0.10000,
,,,0.000119920000,   0.10000,
,,,0.000119940000,   0.12000,
,,,0.000119960000,   0.10000,
,,,0.000119980000,   0.10000,
,,,0.000120000000,   0.08000,
,,,0.000120020000,   0.14000,
,,,0.000120040000,   0.10000,
,,,0.000120060000,   0.12000,
,,,0.000120080000,   0.10000,
,,,0.000120100000,   0.10000,
,,,0.000120120000,   0.12000,
,,,0.000120140000,   0.12000,
,,,0.000120160000,   0.12000,
,,,0.000120180000,   0.16000,
,,,0.000120200000,   0.14000,
,,,0.000120220000,   0.12000,
,,,0.000120240000,   0.14000,
,,,0.000120260000,   0.14000,
,,,0.000120280000,   0.16000,
,,,0.000120300000,   0.16000,
,,,0.000120320000,   0.14000,
,,,0.000120340000,   0.18000,
,,,0.000120360000,   0.16000,
,,,0.000120380000,   0.16000,
,,,0.000120400000,   0.18000,
,,,0.000120420000,   0.16000,
,,,0.000120440000,   0.16000,
,,,0.000120460000,   0.18000,
,,,0.000120480000,   0.18000,
,,,0.000120500000,   0.18000,
,,,0.000120520000,   0.18000,
,,,0.000120540000,   0.16000,
,,,0.000120560000,   0.20000,
,,,0.000120580000,   0.22000,
,,,0.000120600000,   0.18000,
,,,0.000120620000,   0.20000,
,,,0.000120640000,   0.20000,
,,,0.000120660000,   0.22000,
,,,0.000120680000,   0.22000,
,,,0.000120700000,   0.20000,
,,,0.000120720000,   0.18000,
,,,0.000120740000,   0.20000,
,,,0.000120760000,   0.20000,
,,,0.000120780000,   0.20000,
,,,0.000120800000,   0.20000,
,,,0.000120820000,   0.22000,
,,,0.000120840000,   0.24000,
,,,0.000120860000,   0.22000,
,,,0.000120880000,   0.24000,
,,,0.000120900000,   0.22000,
,,,0.000120920000,   0.26000,
,,,0.000120940000,   0.26000,
,,,0.000120960000,   0.24000,
,,,0.000120980000,   0.24000,
,,,0.000121000000,   0.26000,
,,,0.000121020000,   0.26000,
,,,0.000121040000,   0.24000,
,,,0.000121060000,   0.26000,
,,,0.000121080000,   0.26000,
,,,0.000121100000,   0.28000,
,,,0.000121120000,   0.30000,
,,,0.000121140000,   0.26000,
,,,0.000121160000,   0.24000,
,,,0.000121180000,   0.26000,
,,,0.000121200000,   0.28000,
,,,0.000121220000,   0.28000,
,,,0.000121240000,   0.32000,
,,,0.000121260000,   0.28000,
,,,0.000121280000,   0.30000,
,,,0.000121300000,   0.28000,
,,,0.000121320000,   0.30000,
,,,0.000121340000,   0.30000,
,,,0.000121360000,   0.28000,
,,,0.000121380000,   0.30000,
,,,0.000121400000,   0.30000,
,,,0.000121420000,   0.28000,
,,,0.000121440000,   0.32000,
,,,0.000121460000,   0.30000,
,,,0.000121480000,   0.32000,
,,,0.000121500000,   0.28000,
,,,0.000121520000,   0.32000,
,,,0.000121540000,   0.30000,
,,,0.000121560000,   0.34000,
,,,0.000121580000,   0.32000,
,,,0.000121600000,   0.32000,
,,,0.000121620000,   0.32000,
,,,0.000121640000,   0.32000,
,,,0.000121660000,   0.30000,
,,,0.000121680000,   0.32000,
,,,0.000121700000,   0.32000,
,,,0.000121720000,   0.32000,
,,,0.000121740000,   0.36000,
,,,0.000121760000,   0.34000,
,,,0.000121780000,   0.34000,
,,,0.000121800000,   0.34000,
,,,0.000121820000,   0.36000,
,,,0.000121840000,   0.36000,
,,,0.000121860000,   0.36000,
,,,0.000121880000,   0.36000,
,,,0.000121900000,   0.36000,
,,,0.000121920000,   0.36000,
,,,0.000121940000,   0.36000,
,,,0.000121960000,   0.34000,
,,,0.000121980000,   0.36000,
,,,0.000122000000,   0.38000,
,,,0.000122020000,   0.38000,
,,,0.000122040000,   0.36000,
,,,0.000122060000,   0.36000,
,,,0.000122080000,   0.38000,
,,,0.000122100000,   0.36000,
,,,0.000122120000,   0.38000,
,,,0.000122140000,   0.40000,
,,,0.000122160000,   0.40000,
,,,0.000122180000,   0.38000,
,,,0.000122200000,   0.38000,
,,,0.000122220000,   0.40000,
,,,0.000122240000,   0.40000,
,,,0.000122260000,   0.40000,
,,,0.000122280000,   0.42000,
,,,0.000122300000,   0.38000,
,,,0.000122320000,   0.44000,
,,,0.000122340000,   0.38000,
,,,0.000122360000,   0.42000,
,,,0.000122380000,   0.42000,
,,,0.000122400000,   0.36000,
,,,0.000122420000,   0.46000,
,,,0.000122440000,   0.42000,
,,,0.000122460000,   0.38000,
,,,0.000122480000,   0.42000,
,,,0.000122500000,   0.46000,
,,,0.000122520000,   0.38000,
,,,0.000122540000,   0.44000,
,,,0.000122560000,   0.44000,
,,,0.000122580000,   0.44000,
,,,0.000122600000,   0.42000,
,,,0.000122620000,   0.44000,
,,,0.000122640000,   0.42000,
,,,0.000122660000,   0.42000,
,,,0.000122680000,   0.42000,
,,,0.000122700000,   0.42000,
,,,0.000122720000,   0.42000,
,,,0.000122740000,   0.42000,
,,,0.000122760000,   0.42000,
,,,0.000122780000,   0.40000,
,,,0.000122800000,   0.46000,
,,,0.000122820000,   0.46000,
,,,0.000122840000,   0.42000,
,,,0.000122860000,   0.42000,
,,,0.000122880000,   0.44000,
,,,0.000122900000,   0.44000,
,,,0.000122920000,   0.46000,
,,,0.000122940000,   0.48000,
,,,0.000122960000,   0.44000,
,,,0.000122980000,   0.46000,
,,,0.000123000000,   0.42000,
,,,0.000123020000,   0.44000,
,,,0.000123040000,   0.48000,
,,,0.000123060000,   0.44000,
,,,0.000123080000,   0.48000,
,,,0.000123100000,   0.44000,
,,,0.000123120000,   0.46000,
,,,0.000123140000,   0.48000,
,,,0.000123160000,   0.46000,
,,,0.000123180000,   0.48000,
,,,0.000123200000,   0.48000,
,,,0.000123220000,   0.48000,
,,,0.000123240000,   0.48000,
,,,0.000123260000,   0.48000,
,,,0.000123280000,   0.48000,
,,,0.000123300000,   0.46000,
,,,0.000123320000,   0.46000,
,,,0.000123340000,   0.46000,
,,,0.000123360000,   0.50000,
,,,0.000123380000,   0.44000,
,,,0.000123400000,   0.48000,
,,,0.000123420000,   0.48000,
,,,0.000123440000,   0.46000,
,,,0.000123460000,   0.46000,
,,,0.000123480000,   0.46000,
,,,0.000123500000,   0.50000,
,,,0.000123520000,   0.46000,
,,,0.000123540000,   0.50000,
,,,0.000123560000,   0.46000,
,,,0.000123580000,   0.48000,
,,,0.000123600000,   0.50000,
,,,0.000123620000,   0.44000,
,,,0.000123640000,   0.50000,
,,,0.000123660000,   0.46000,
,,,0.000123680000,   0.48000,
,,,0.000123700000,   0.48000,
,,,0.000123720000,   0.50000,
,,,0.000123740000,   0.50000,
,,,0.000123760000,   0.46000,
,,,0.000123780000,   0.48000,
,,,0.000123800000,   0.50000,
,,,0.000123820000,   0.48000,
,,,0.000123840000,   0.44000,
,,,0.000123860000,   0.50000,
,,,0.000123880000,   0.48000,
,,,0.000123900000,   0.50000,
,,,0.000123920000,   0.48000,
,,,0.000123940000,   0.46000,
,,,0.000123960000,   0.48000,
,,,0.000123980000,   0.50000,
,,,0.000124000000,   0.46000,
,,,0.000124020000,   0.50000,
,,,0.000124040000,   0.50000,
,,,0.000124060000,   0.46000,
,,,0.000124080000,   0.48000,
,,,0.000124100000,   0.48000,
,,,0.000124120000,   0.52000,
,,,0.000124140000,   0.52000,
,,,0.000124160000,   0.50000,
,,,0.000124180000,   0.48000,
,,,0.000124200000,   0.52000,
,,,0.000124220000,   0.50000,
,,,0.000124240000,   0.52000,
,,,0.000124260000,   0.50000,
,,,0.000124280000,   0.50000,
,,,0.000124300000,   0.50000,
,,,0.000124320000,   0.46000,
,,,0.000124340000,   0.48000,
,,,0.000124360000,   0.52000,
,,,0.000124380000,   0.50000,
,,,0.000124400000,   0.52000,
,,,0.000124420000,   0.52000,
,,,0.000124440000,   0.48000,
,,,0.000124460000,   0.52000,
,,,0.000124480000,   0.50000,
,,,0.000124500000,   0.48000,
,,,0.000124520000,   0.50000,
,,,0.000124540000,   0.50000,
,,,0.000124560000,   0.46000,
,,,0.000124580000,   0.48000,
,,,0.000124600000,   0.48000,
,,,0.000124620000,   0.50000,
,,,0.000124640000,   0.48000,
,,,0.000124660000,   0.48000,
,,,0.000124680000,   0.48000,
,,,0.000124700000,   0.48000,
,,,0.000124720000,   0.46000,
,,,0.000124740000,   0.50000,
,,,0.000124760000,   0.48000,
,,,0.000124780000,   0.48000,
,,,0.000124800000,   0.52000,
,,,0.000124820000,   0.48000,
,,,0.000124840000,   0.48000,
,,,0.000124860000,   0.50000,
,,,0.000124880000,   0.50000,
,,,0.000124900000,   0.50000,
,,,0.000124920000,   0.50000,
,,,0.000124940000,   0.50000,
,,,0.000124960000,   0.50000,
,,,0.000124980000,   0.48000,
,,,0.000125000000,   0.46000,
,,,0.000125020000,   0.48000,
,,,0.000125040000,   0.48000,
,,,0.000125060000,   0.48000,
,,,0.000125080000,   0.50000,
,,,0.000125100000,   0.46000,
,,,0.000125120000,   0.46000,
,,,0.000125140000,   0.48000,
,,,0.000125160000,   0.48000,
,,,0.000125180000,   0.50000,
,,,0.000125200000,   0.48000,
,,,0.000125220000,   0.48000,
,,,0.000125240000,   0.50000,
,,,0.000125260000,   0.48000,
,,,0.000125280000,   0.48000,
,,,0.000125300000,   0.50000,
,,,0.000125320000,   0.48000,
,,,0.000125340000,   0.50000,
,,,0.000125360000,   0.44000,
,,,0.000125380000,   0.46000,
,,,0.000125400000,   0.44000,
,,,0.000125420000,   0.48000,
,,,0.000125440000,   0.44000,
,,,0.000125460000,   0.44000,
,,,0.000125480000,   0.46000,
,,,0.000125500000,   0.46000,
,,,0.000125520000,   0.46000,
,,,0.000125540000,   0.46000,
,,,0.000125560000,   0.44000,
,,,0.000125580000,   0.48000,
,,,0.000125600000,   0.44000,
,,,0.000125620000,   0.46000,
,,,0.000125640000,   0.44000,
,,,0.000125660000,   0.44000,
,,,0.000125680000,   0.44000,
,,,0.000125700000,   0.44000,
,,,0.000125720000,   0.46000,
,,,0.000125740000,   0.42000,
,,,0.000125760000,   0.44000,
,,,0.000125780000,   0.44000,
,,,0.000125800000,   0.42000,
,,,0.000125820000,   0.44000,
,,,0.000125840000,   0.44000,
,,,0.000125860000,   0.42000,
,,,0.000125880000,   0.44000,
,,,0.000125900000,   0.44000,
,,,0.000125920000,   0.42000,
,,,0.000125940000,   0.44000,
,,,0.000125960000,   0.46000,
,,,0.000125980000,   0.42000,
,,,0.000126000000,   0.42000,
,,,0.000126020000,   0.40000,
,,,0.000126040000,   0.40000,
,,,0.000126060000,   0.42000,
,,,0.000126080000,   0.40000,
,,,0.000126100000,   0.42000,
,,,0.000126120000,   0.42000,
,,,0.000126140000,   0.42000,
,,,0.000126160000,   0.42000,
,,,0.000126180000,   0.42000,
,,,0.000126200000,   0.42000,
,,,0.000126220000,   0.42000,
,,,0.000126240000,   0.44000,
,,,0.000126260000,   0.42000,
,,,0.000126280000,   0.40000,
,,,0.000126300000,   0.40000,
,,,0.000126320000,   0.38000,
,,,0.000126340000,   0.42000,
,,,0.000126360000,   0.38000,
,,,0.000126380000,   0.40000,
,,,0.000126400000,   0.40000,
,,,0.000126420000,   0.38000,
,,,0.000126440000,   0.38000,
,,,0.000126460000,   0.38000,
,,,0.000126480000,   0.38000,
,,,0.000126500000,   0.38000,
,,,0.000126520000,   0.40000,
,,,0.000126540000,   0.34000,
,,,0.000126560000,   0.36000,
,,,0.000126580000,   0.36000,
,,,0.000126600000,   0.36000,
,,,0.000126620000,   0.34000,
,,,0.000126640000,   0.36000,
,,,0.000126660000,   0.36000,
,,,0.000126680000,   0.36000,
,,,0.000126700000,   0.34000,
,,,0.000126720000,   0.34000,
,,,0.000126740000,   0.34000,
,,,0.000126760000,   0.34000,
,,,0.000126780000,   0.38000,
,,,0.000126800000,   0.36000,
,,,0.000126820000,   0.34000,
,,,0.000126840000,   0.34000,
,,,0.000126860000,   0.34000,
,,,0.000126880000,   0.36000,
,,,0.000126900000,   0.36000,
,,,0.000126920000,   0.32000,
,,,0.000126940000,   0.36000,
,,,0.000126960000,   0.32000,
,,,0.000126980000,   0.34000,
,,,0.000127000000,   0.34000,
,,,0.000127020000,   0.32000,
,,,0.000127040000,   0.34000,
,,,0.000127060000,   0.32000,
,,,0.000127080000,   0.30000,
,,,0.000127100000,   0.30000,
,,,0.000127120000,   0.32000,
,,,0.000127140000,   0.32000,
,,,0.000127160000,   0.32000,
,,,0.000127180000,   0.32000,
,,,0.000127200000,   0.28000,
,,,0.000127220000,   0.32000,
,,,0.000127240000,   0.32000,
,,,0.000127260000,   0.28000,
,,,0.000127280000,   0.32000,
,,,0.000127300000,   0.28000,
,,,0.000127320000,   0.28000,
,,,0.000127340000,   0.28000,
,,,0.000127360000,   0.28000,
,,,0.000127380000,   0.26000,
,,,0.000127400000,   0.28000,
,,,0.000127420000,   0.26000,
,,,0.000127440000,   0.26000,
,,,0.000127460000,   0.28000,
,,,0.000127480000,   0.28000,
,,,0.000127500000,   0.28000,
,,,0.000127520000,   0.24000,
,,,0.000127540000,   0.24000,
,,,0.000127560000,   0.26000,
,,,0.000127580000,   0.24000,
,,,0.000127600000,   0.26000,
,,,0.000127620000,   0.24000,
,,,0.000127640000,   0.22000,
,,,0.000127660000,   0.24000,
,,,0.000127680000,   0.24000,
,,,0.000127700000,   0.26000,
,,,0.000127720000,   0.22000,
,,,0.000127740000,   0.22000,
,,,0.000127760000,   0.22000,
,,,0.000127780000,   0.22000,
,,,0.000127800000,   0.22000,
,,,0.000127820000,   0.20000,
,,,0.000127840000,   0.20000,
,,,0.000127860000,   0.22000,
,,,0.000127880000,   0.22000,
,,,0.000127900000,   0.20000,
,,,0.000127920000,   0.20000,
,,,0.000127940000,   0.22000,
,,,0.000127960000,   0.18000,
,,,0.000127980000,   0.20000,
,,,0.000128000000,   0.18000,
,,,0.000128020000,   0.20000,
,,,0.000128040000,   0.18000,
,,,0.000128060000,   0.20000,
,,,0.000128080000,   0.16000,
,,,0.000128100000,   0.18000,
,,,0.000128120000,   0.20000,
,,,0.000128140000,   0.18000,
,,,0.000128160000,   0.16000,
,,,0.000128180000,   0.14000,
,,,0.000128200000,   0.18000,
,,,0.000128220000,   0.18000,
,,,0.000128240000,   0.14000,
,,,0.000128260000,   0.18000,
,,,0.000128280000,   0.14000,
,,,0.000128300000,   0.14000,
,,,0.000128320000,   0.16000,
,,,0.000128340000,   0.14000,
,,,0.000128360000,   0.16000,
,,,0.000128380000,   0.12000,
,,,0.000128400000,   0.12000,
,,,0.000128420000,   0.16000,
,,,0.000128440000,   0.12000,
,,,0.000128460000,   0.12000,
,,,0.000128480000,   0.12000,
,,,0.000128500000,   0.14000,
,,,0.000128520000,   0.12000,
,,,0.000128540000,   0.12000,
,,,0.000128560000,   0.10000,
,,,0.000128580000,   0.12000,
,,,0.000128600000,   0.10000,
,,,0.000128620000,   0.10000,
,,,0.000128640000,   0.10000,
,,,0.000128660000,   0.08000,
,,,0.000128680000,   0.08000,
,,,0.000128700000,   0.08000,
,,,0.000128720000,   0.08000,
,,,0.000128740000,   0.10000,
,,,0.000128760000,   0.10000,
,,,0.000128780000,   0.10000,
,,,0.000128800000,   0.08000,
,,,0.000128820000,   0.08000,
,,,0.000128840000,   0.08000,
,,,0.000128860000,   0.06000,
,,,0.000128880000,   0.08000,
,,,0.000128900000,   0.06000,
,,,0.000128920000,   0.06000,
,,,0.000128940000,   0.04000,
,,,0.000128960000,   0.04000,
,,,0.000128980000,   0.08000,
,,,0.000129000000,   0.04000,
,,,0.000129020000,   0.04000,
,,,0.000129040000,   0.04000,
,,,0.000129060000,   0.02000,
,,,0.000129080000,   0.02000,
,,,0.000129100000,   0.00000,
,,,0.000129120000,   0.02000,
,,,0.000129140000,   0.02000,
,,,0.000129160000,   0.06000,
,,,0.000129180000,   0.02000,
,,,0.000129200000,   0.04000,
,,,0.000129220000,   0.02000,
,,,0.000129240000,   0.02000,
,,,0.000129260000,   0.02000,
,,,0.000129280000,  -0.02000,
,,,0.000129300000,   0.00000,
,,,0.000129320000,  -0.02000,
,,,0.000129340000,   0.00000,
,,,0.000129360000,  -0.02000,
,,,0.000129380000,  -0.04000,
,,,0.000129400000,  -0.02000,
,,,0.000129420000,  -0.04000,
,,,0.000129440000,  -0.02000,
,,,0.000129460000,  -0.02000,
,,,0.000129480000,  -0.02000,
,,,0.000129500000,  -0.04000,
,,,0.000129520000,  -0.06000,
,,,0.000129540000,  -0.02000,
,,,0.000129560000,  -0.06000,
,,,0.000129580000,  -0.06000,
,,,0.000129600000,  -0.04000,
,,,0.000129620000,  -0.04000,
,,,0.000129640000,  -0.06000,
,,,0.000129660000,  -0.06000,
,,,0.000129680000,  -0.06000,
,,,0.000129700000,  -0.06000,
,,,0.000129720000,  -0.08000,
,,,0.000129740000,  -0.06000,
,,,0.000129760000,  -0.10000,
,,,0.000129780000,  -0.08000,
,,,0.000129800000,  -0.08000,
,,,0.000129820000,  -0.10000,
,,,0.000129840000,  -0.08000,
,,,0.000129860000,  -0.08000,
,,,0.000129880000,  -0.10000,
,,,0.000129900000,  -0.12000,
,,,0.000129920000,  -0.08000,
,,,0.000129940000,  -0.10000,
,,,0.000129960000,  -0.10000,
,,,0.000129980000,  -0.12000,
,,,0.000130000000,  -0.14000,
,,,0.000130020000,  -0.12000,
,,,0.000130040000,  -0.12000,
,,,0.000130060000,  -0.12000,
,,,0.000130080000,  -0.12000,
,,,0.000130100000,  -0.12000,
,,,0.000130120000,  -0.14000,
,,,0.000130140000,  -0.14000,
,,,0.000130160000,  -0.16000,
,,,0.000130180000,  -0.12000,
,,,0.000130200000,  -0.10000,
,,,0.000130220000,  -0.16000,
,,,0.000130240000,  -0.12000,
,,,0.000130260000,  -0.16000,
,,,0.000130280000,  -0.16000,
,,,0.000130300000,  -0.16000,
,,,0.000130320000,  -0.18000,
,,,0.000130340000,  -0.18000,
,,,0.000130360000,  -0.16000,
,,,0.000130380000,  -0.18000,
,,,0.000130400000,  -0.16000,
,,,0.000130420000,  -0.20000,
,,,0.000130440000,  -0.20000,
,,,0.000130460000,  -0.16000,
,,,0.000130480000,  -0.18000,
,,,0.000130500000,  -0.20000,
,,,0.000130520000,  -0.20000,
,,,0.000130540000,  -0.18000,
,,,0.000130560000,  -0.20000,
,,,0.000130580000,  -0.20000,
,,,0.000130600000,  -0.20000,
,,,0.000130620000,  -0.20000,
,,,0.000130640000,  -0.20000,
,,,0.000130660000,  -0.22000,
,,,0.000130680000,  -0.22000,
,,,0.000130700000,  -0.20000,
,,,0.000130720000,  -0.20000,
,,,0.000130740000,  -0.20000,
,,,0.000130760000,  -0.22000,
,,,0.000130780000,  -0.24000,
,,,0.000130800000,  -0.22000,
,,,0.000130820000,  -0.26000,
,,,0.000130840000,  -0.22000,
,,,0.000130860000,  -0.24000,
,,,0.000130880000,  -0.24000,
,,,0.000130900000,  -0.26000,
,,,0.000130920000,  -0.26000,
,,,0.000130940000,  -0.28000,
,,,0.000130960000,  -0.24000,
,,,0.000130980000,  -0.24000,
,,,0.000131000000,  -0.26000,
,,,0.000131020000,  -0.24000,
,,,0.000131040000,  -0.24000,
,,,0.000131060000,  -0.24000,
,,,0.000131080000,  -0.28000,
,,,0.000131100000,  -0.28000,
,,,0.000131120000,  -0.28000,
,,,0.000131140000,  -0.28000,
,,,0.000131160000,  -0.28000,
,,,0.000131180000,  -0.26000,
,,,0.000131200000,  -0.26000,
,,,0.000131220000,  -0.30000,
,,,0.000131240000,  -0.28000,
,,,0.000131260000,  -0.32000,
,,,0.000131280000,  -0.30000,
,,,0.000131300000,  -0.30000,
,,,0.000131320000,  -0.32000,
,,,0.000131340000,  -0.30000,
,,,0.000131360000,  -0.30000,
,,,0.000131380000,  -0.32000,
,,,0.000131400000,  -0.30000,
,,,0.000131420000,  -0.32000,
,,,0.000131440000,  -0.30000,
,,,0.000131460000,  -0.30000,
,,,0.000131480000,  -0.32000,
,,,0.000131500000,  -0.34000,
,,,0.000131520000,  -0.32000,
,,,0.000131540000,  -0.34000,
,,,0.000131560000,  -0.32000,
,,,0.000131580000,  -0.32000,
,,,0.000131600000,  -0.36000,
,,,0.000131620000,  -0.34000,
,,,0.000131640000,  -0.34000,
,,,0.000131660000,  -0.32000,
,,,0.000131680000,  -0.38000,
,,,0.000131700000,  -0.36000,
,,,0.000131720000,  -0.34000,
,,,0.000131740000,  -0.34000,
,,,0.000131760000,  -0.32000,
,,,0.000131780000,  -0.34000,
,,,0.000131800000,  -0.36000,
,,,0.000131820000,  -0.36000,
,,,0.000131840000,  -0.34000,
,,,0.000131860000,  -0.40000,
,,,0.000131880000,  -0.38000,
,,,0.000131900000,  -0.36000,
,,,0.000131920000,  -0.36000,
,,,0.000131940000,  -0.36000,
,,,0.000131960000,  -0.38000,
,,,0.000131980000,  -0.38000,
,,,0.000132000000,  -0.36000,
,,,0.000132020000,  -0.38000,
,,,0.000132040000,  -0.40000,
,,,0.000132060000,  -0.36000,
,,,0.000132080000,  -0.40000,
,,,0.000132100000,  -0.38000,
,,,0.000132120000,  -0.40000,
,,,0.000132140000,  -0.40000,
,,,0.000132160000,  -0.36000,
,,,0.000132180000,  -0.36000,
,,,0.000132200000,  -0.40000,
,,,0.000132220000,  -0.40000,
,,,0.000132240000,  -0.42000,
,,,0.000132260000,  -0.42000,
,,,0.000132280000,  -0.40000,
,,,0.000132300000,  -0.42000,
,,,0.000132320000,  -0.40000,
,,,0.000132340000,  -0.40000,
,,,0.000132360000,  -0.42000,
,,,0.000132380000,  -0.40000,
,,,0.000132400000,  -0.42000,
,,,0.000132420000,  -0.44000,
,,,0.000132440000,  -0.42000,
,,,0.000132460000,  -0.40000,
,,,0.000132480000,  -0.40000,
,,,0.000132500000,  -0.44000,
,,,0.000132520000,  -0.46000,
,,,0.000132540000,  -0.44000,
,,,0.000132560000,  -0.44000,
,,,0.000132580000,  -0.44000,
,,,0.000132600000,  -0.44000,
,,,0.000132620000,  -0.44000,
,,,0.000132640000,  -0.44000,
,,,0.000132660000,  -0.44000,
,,,0.000132680000,  -0.44000,
,,,0.000132700000,  -0.42000,
,,,0.000132720000,  -0.44000,
,,,0.000132740000,  -0.46000,
,,,0.000132760000,  -0.44000,
,,,0.000132780000,  -0.40000,
,,,0.000132800000,  -0.44000,
,,,0.000132820000,  -0.42000,
,,,0.000132840000,  -0.44000,
,,,0.000132860000,  -0.46000,
,,,0.000132880000,  -0.46000,
,,,0.000132900000,  -0.48000,
,,,0.000132920000,  -0.48000,
,,,0.000132940000,  -0.42000,
,,,0.000132960000,  -0.46000,
,,,0.000132980000,  -0.42000,
,,,0.000133000000,  -0.42000,
,,,0.000133020000,  -0.46000,
,,,0.000133040000,  -0.48000,
,,,0.000133060000,  -0.46000,
,,,0.000133080000,  -0.46000,
,,,0.000133100000,  -0.46000,
,,,0.000133120000,  -0.44000,
,,,0.000133140000,  -0.48000,
,,,0.000133160000,  -0.44000,
,,,0.000133180000,  -0.46000,
,,,0.000133200000,  -0.46000,
,,,0.000133220000,  -0.44000,
,,,0.000133240000,  -0.48000,
,,,0.000133260000,  -0.46000,
,,,0.000133280000,  -0.48000,
,,,0.000133300000,  -0.46000,
,,,0.000133320000,  -0.50000,
,,,0.000133340000,  -0.48000,
,,,0.000133360000,  -0.50000,
,,,0.000133380000,  -0.52000,
,,,0.000133400000,  -0.50000,
,,,0.000133420000,  -0.48000,
,,,0.000133440000,  -0.44000,
,,,0.000133460000,  -0.50000,
,,,0.000133480000,  -0.50000,
,,,0.000133500000,  -0.46000,
,,,0.000133520000,  -0.48000,
,,,0.000133540000,  -0.48000,
,,,0.000133560000,  -0.50000,
,,,0.000133580000,  -0.50000,
,,,0.000133600000,  -0.50000,
,,,0.000133620000,  -0.50000,
,,,0.000133640000,  -0.50000,
,,,0.000133660000,  -0.50000,
,,,0.000133680000,  -0.52000,
,,,0.000133700000,  -0.50000,
,,,0.000133720000,  -0.50000,
,,,0.000133740000,  -0.50000,
,,,0.000133760000,  -0.48000,
,,,0.000133780000,  -0.48000,
,,,0.000133800000,  -0.50000,
,,,0.000133820000,  -0.52000,
,,,0.000133840000,  -0.50000,
,,,0.000133860000,  -0.52000,
,,,0.000133880000,  -0.48000,
,,,0.000133900000,  -0.52000,
,,,0.000133920000,  -0.50000,
,,,0.000133940000,  -0.52000,
,,,0.000133960000,  -0.52000,
,,,0.000133980000,  -0.50000,
,,,0.000134000000,  -0.50000,
,,,0.000134020000,  -0.50000,
,,,0.000134040000,  -0.50000,
,,,0.000134060000,  -0.50000,
,,,0.000134080000,  -0.50000,
,,,0.000134100000,  -0.50000,
,,,0.000134120000,  -0.50000,
,,,0.000134140000,  -0.50000,
,,,0.000134160000,  -0.50000,
,,,0.000134180000,  -0.50000,
,,,0.000134200000,  -0.48000,
,,,0.000134220000,  -0.50000,
,,,0.000134240000,  -0.50000,
,,,0.000134260000,  -0.50000,
,,,0.000134280000,  -0.50000,
,,,0.000134300000,  -0.50000,
,,,0.000134320000,  -0.50000,
,,,0.000134340000,  -0.50000,
,,,0.000134360000,  -0.48000,
,,,0.000134380000,  -0.50000,
,,,0.000134400000,  -0.52000,
,,,0.000134420000,  -0.48000,
,,,0.000134440000,  -0.50000,
,,,0.000134460000,  -0.52000,
,,,0.000134480000,  -0.54000,
,,,0.000134500000,  -0.52000,
,,,0.000134520000,  -0.52000,
,,,0.000134540000,  -0.48000,
,,,0.000134560000,  -0.50000,
,,,0.000134580000,  -0.50000,
,,,0.000134600000,  -0.52000,
,,,0.000134620000,  -0.50000,
,,,0.000134640000,  -0.50000,
,,,0.000134660000,  -0.48000,
,,,0.000134680000,  -0.50000,
,,,0.000134700000,  -0.48000,
,,,0.000134720000,  -0.50000,
,,,0.000134740000,  -0.50000,
,,,0.000134760000,  -0.50000,
,,,0.000134780000,  -0.50000,
,,,0.000134800000,  -0.48000,
,,,0.000134820000,  -0.48000,
,,,0.000134840000,  -0.48000,
,,,0.000134860000,  -0.48000,
,,,0.000134880000,  -0.52000,
,,,0.000134900000,  -0.52000,
,,,0.000134920000,  -0.52000,
,,,0.000134940000,  -0.48000,
,,,0.000134960000,  -0.50000,
,,,0.000134980000,  -0.50000,
,,,0.000135000000,  -0.50000,
,,,0.000135020000,  -0.50000,
,,,0.000135040000,  -0.50000,
,,,0.000135060000,  -0.48000,
,,,0.000135080000,  -0.48000,
,,,0.000135100000,  -0.48000,
,,,0.000135120000,  -0.48000,
,,,0.000135140000,  -0.48000,
,,,0.000135160000,  -0.46000,
,,,0.000135180000,  -0.48000,
,,,0.000135200000,  -0.48000,
,,,0.000135220000,  -0.48000,
,,,0.000135240000,  -0.46000,
,,,0.000135260000,  -0.48000,
,,,0.000135280000,  -0.50000,
,,,0.000135300000,  -0.46000,
,,,0.000135320000,  -0.48000,
,,,0.000135340000,  -0.50000,
,,,0.000135360000,  -0.48000,
,,,0.000135380000,  -0.46000,
,,,0.000135400000,  -0.46000,
,,,0.000135420000,  -0.46000,
,,,0.000135440000,  -0.48000,
,,,0.000135460000,  -0.48000,
,,,0.000135480000,  -0.44000,
,,,0.000135500000,  -0.46000,
,,,0.000135520000,  -0.48000,
,,,0.000135540000,  -0.48000,
,,,0.000135560000,  -0.48000,
,,,0.000135580000,  -0.46000,
,,,0.000135600000,  -0.46000,
,,,0.000135620000,  -0.46000,
,,,0.000135640000,  -0.48000,
,,,0.000135660000,  -0.48000,
,,,0.000135680000,  -0.44000,
,,,0.000135700000,  -0.44000,
,,,0.000135720000,  -0.46000,
,,,0.000135740000,  -0.44000,
,,,0.000135760000,  -0.46000,
,,,0.000135780000,  -0.44000,
,,,0.000135800000,  -0.44000,
,,,0.000135820000,  -0.44000,
,,,0.000135840000,  -0.46000,
,,,0.000135860000,  -0.42000,
,,,0.000135880000,  -0.44000,
,,,0.000135900000,  -0.44000,
,,,0.000135920000,  -0.44000,
,,,0.000135940000,  -0.44000,
,,,0.000135960000,  -0.44000,
,,,0.000135980000,  -0.44000,
,,,0.000136000000,  -0.44000,
,,,0.000136020000,  -0.42000,
,,,0.000136040000,  -0.42000,
,,,0.000136060000,  -0.44000,
,,,0.000136080000,  -0.42000,
,,,0.000136100000,  -0.44000,
,,,0.000136120000,  -0.42000,
,,,0.000136140000,  -0.42000,
,,,0.000136160000,  -0.42000,
,,,0.000136180000,  -0.42000,
,,,0.000136200000,  -0.42000,
,,,0.000136220000,  -0.40000,
,,,0.000136240000,  -0.40000,
,,,0.000136260000,  -0.42000,
,,,0.000136280000,  -0.40000,
,,,0.000136300000,  -0.40000,
,,,0.000136320000,  -0.42000,
,,,0.000136340000,  -0.38000,
,,,0.000136360000,  -0.42000,
,,,0.000136380000,  -0.42000,
,,,0.000136400000,  -0.38000,
,,,0.000136420000,  -0.38000,
,,,0.000136440000,  -0.42000,
,,,0.000136460000,  -0.40000,
,,,0.000136480000,  -0.40000,
,,,0.000136500000,  -0.40000,
,,,0.000136520000,  -0.36000,
,,,0.000136540000,  -0.38000,
,,,0.000136560000,  -0.36000,
,,,0.000136580000,  -0.36000,
,,,0.000136600000,  -0.36000,
,,,0.000136620000,  -0.38000,
,,,0.000136640000,  -0.38000,
,,,0.000136660000,  -0.36000,
,,,0.000136680000,  -0.36000,
,,,0.000136700000,  -0.38000,
,,,0.000136720000,  -0.38000,
,,,0.000136740000,  -0.36000,
,,,0.000136760000,  -0.38000,
,,,0.000136780000,  -0.34000,
,,,0.000136800000,  -0.34000,
,,,0.000136820000,  -0.34000,
,,,0.000136840000,  -0.34000,
,,,0.000136860000,  -0.34000,
,,,0.000136880000,  -0.36000,
,,,0.000136900000,  -0.34000,
,,,0.000136920000,  -0.36000,
,,,0.000136940000,  -0.34000,
,,,0.000136960000,  -0.34000,
,,,0.000136980000,  -0.34000,
,,,0.000137000000,  -0.34000,
,,,0.000137020000,  -0.36000,
,,,0.000137040000,  -0.34000,
,,,0.000137060000,  -0.30000,
,,,0.000137080000,  -0.30000,
,,,0.000137100000,  -0.34000,
,,,0.000137120000,  -0.32000,
,,,0.000137140000,  -0.30000,
,,,0.000137160000,  -0.28000,
,,,0.000137180000,  -0.30000,
,,,0.000137200000,  -0.32000,
,,,0.000137220000,  -0.28000,
,,,0.000137240000,  -0.30000,
,,,0.000137260000,  -0.30000,
,,,0.000137280000,  -0.32000,
,,,0.000137300000,  -0.32000,
,,,0.000137320000,  -0.30000,
,,,0.000137340000,  -0.32000,
,,,0.000137360000,  -0.26000,
,,,0.000137380000,  -0.28000,
,,,0.000137400000,  -0.26000,
,,,0.000137420000,  -0.26000,
,,,0.000137440000,  -0.30000,
,,,0.000137460000,  -0.26000,
,,,0.000137480000,  -0.28000,
,,,0.000137500000,  -0.24000,
,,,0.000137520000,  -0.28000,
,,,0.000137540000,  -0.28000,
,,,0.000137560000,  -0.26000,
,,,0.000137580000,  -0.24000,
,,,0.000137600000,  -0.24000,
,,,0.000137620000,  -0.26000,
,,,0.000137640000,  -0.26000,
,,,0.000137660000,  -0.26000,
,,,0.000137680000,  -0.24000,
,,,0.000137700000,  -0.26000,
,,,0.000137720000,  -0.24000,
,,,0.000137740000,  -0.22000,
,,,0.000137760000,  -0.24000,
,,,0.000137780000,  -0.24000,
,,,0.000137800000,  -0.24000,
,,,0.000137820000,  -0.22000,
,,,0.000137840000,  -0.22000,
,,,0.000137860000,  -0.22000,
,,,0.000137880000,  -0.22000,
,,,0.000137900000,  -0.24000,
,,,0.000137920000,  -0.22000,
,,,0.000137940000,  -0.24000,
,,,0.000137960000,  -0.22000,
,,,0.000137980000,  -0.20000,
,,,0.000138000000,  -0.18000,
,,,0.000138020000,  -0.20000,
,,,0.000138040000,  -0.20000,
,,,0.000138060000,  -0.22000,
,,,0.000138080000,  -0.22000,
,,,0.000138100000,  -0.18000,
,,,0.000138120000,  -0.18000,
,,,0.000138140000,  -0.18000,
,,,0.000138160000,  -0.18000,
,,,0.000138180000,  -0.18000,
,,,0.000138200000,  -0.20000,
,,,0.000138220000,  -0.16000,
,,,0.000138240000,  -0.18000,
,,,0.000138260000,  -0.16000,
,,,0.000138280000,  -0.14000,
,,,0.000138300000,  -0.18000,
,,,0.000138320000,  -0.14000,
,,,0.000138340000,  -0.16000,
,,,0.000138360000,  -0.14000,
,,,0.000138380000,  -0.12000,
,,,0.000138400000,  -0.12000,
,,,0.000138420000,  -0.16000,
,,,0.000138440000,  -0.12000,
,,,0.000138460000,  -0.14000,
,,,0.000138480000,  -0.14000,
,,,0.000138500000,  -0.16000,
,,,0.000138520000,  -0.14000,
,,,0.000138540000,  -0.14000,
,,,0.000138560000,  -0.12000,
,,,0.000138580000,  -0.12000,
,,,0.000138600000,  -0.10000,
,,,0.000138620000,  -0.12000,
,,,0.000138640000,  -0.10000,
,,,0.000138660000,  -0.10000,
,,,0.000138680000,  -0.10000,
,,,0.000138700000,  -0.12000,
,,,0.000138720000,  -0.08000,
,,,0.000138740000,  -0.10000,
,,,0.000138760000,  -0.06000,
,,,0.000138780000,  -0.08000,
,,,0.000138800000,  -0.08000,
,,,0.000138820000,  -0.06000,
,,,0.000138840000,  -0.08000,
,,,0.000138860000,  -0.10000,
,,,0.000138880000,  -0.06000,
,,,0.000138900000,  -0.08000,
,,,0.000138920000,  -0.06000,
,,,0.000138940000,  -0.06000,
,,,0.000138960000,  -0.06000,
,,,0.000138980000,  -0.04000,
,,,0.000139000000,  -0.06000,
,,,0.000139020000,  -0.04000,
,,,0.000139040000,  -0.02000,
,,,0.000139060000,  -0.02000,
,,,0.000139080000,  -0.04000,
,,,0.000139100000,  -0.02000,
,,,0.000139120000,  -0.02000,
,,,0.000139140000,  -0.02000,
,,,0.000139160000,   0.00000,
,,,0.000139180000,  -0.04000,
,,,0.000139200000,  -0.02000,
,,,0.000139220000,  -0.04000,
,,,0.000139240000,  -0.02000,
,,,0.000139260000,   0.00000,
,,,0.000139280000,  -0.04000,
,,,0.000139300000,  -0.02000,
,,,0.000139320000,  -0.02000,
,,,0.000139340000,   0.02000,
,,,0.000139360000,   0.00000,
,,,0.000139380000,   0.04000,
,,,0.000139400000,   0.02000,
,,,0.000139420000,   0.02000,
,,,0.000139440000,   0.02000,
,,,0.000139460000,   0.04000,
,,,0.000139480000,   0.02000,
,,,0.000139500000,   0.00000,
,,,0.000139520000,   0.04000,
,,,0.000139540000,   0.02000,
,,,0.000139560000,   0.04000,
,,,0.000139580000,   0.06000,
,,,0.000139600000,   0.02000,
,,,0.000139620000,   0.06000,
,,,0.000139640000,   0.08000,
,,,0.000139660000,   0.06000,
,,,0.000139680000,   0.06000,
,,,0.000139700000,   0.06000,
,,,0.000139720000,   0.06000,
,,,0.000139740000,   0.06000,
,,,0.000139760000,   0.06000,
,,,0.000139780000,   0.06000,
,,,0.000139800000,   0.06000,
,,,0.000139820000,   0.10000,
,,,0.000139840000,   0.06000,
,,,0.000139860000,   0.08000,
,,,0.000139880000,   0.08000,
,,,0.000139900000,   0.08000,
,,,0.000139920000,   0.10000,
,,,0.000139940000,   0.08000,
,,,0.000139960000,   0.08000,
,,,0.000139980000,   0.12000,
,,,0.000140000000,   0.12000,
,,,0.000140020000,   0.10000,
,,,0.000140040000,   0.08000,
,,,0.000140060000,   0.10000,
,,,0.000140080000,   0.12000,
,,,0.000140100000,   0.12000,
,,,0.000140120000,   0.12000,
,,,0.000140140000,   0.14000,
,,,0.000140160000,   0.14000,
,,,0.000140180000,   0.12000,
,,,0.000140200000,   0.16000,
,,,0.000140220000,   0.12000,
,,,0.000140240000,   0.14000,
,,,0.000140260000,   0.14000,
,,,0.000140280000,   0.12000,
,,,0.000140300000,   0.16000,
,,,0.000140320000,   0.14000,
,,,0.000140340000,   0.14000,
,,,0.000140360000,   0.16000,
,,,0.000140380000,   0.18000,
,,,0.000140400000,   0.16000,
,,,0.000140420000,   0.16000,
,,,0.000140440000,   0.14000,
,,,0.000140460000,   0.18000,
,,,0.000140480000,   0.18000,
,,,0.000140500000,   0.18000,
,,,0.000140520000,   0.18000,
,,,0.000140540000,   0.14000,
,,,0.000140560000,   0.18000,
,,,0.000140580000,   0.20000,
,,,0.000140600000,   0.20000,
,,,0.000140620000,   0.20000,
,,,0.000140640000,   0.22000,
,,,0.000140660000,   0.18000,
,,,0.000140680000,   0.18000,
,,,0.000140700000,   0.22000,
,,,0.000140720000,   0.22000,
,,,0.000140740000,   0.22000,
,,,0.000140760000,   0.22000,
,,,0.000140780000,   0.22000,
,,,0.000140800000,   0.24000,
,,,0.000140820000,   0.22000,
,,,0.000140840000,   0.22000,
,,,0.000140860000,   0.26000,
,,,0.000140880000,   0.22000,
,,,0.000140900000,   0.26000,
,,,0.000140920000,   0.24000,
,,,0.000140940000,   0.22000,
,,,0.000140960000,   0.24000,
,,,0.000140980000,   0.26000,
,,,0.000141000000,   0.24000,
,,,0.000141020000,   0.26000,
,,,0.000141040000,   0.26000,
,,,0.000141060000,   0.26000,
,,,0.000141080000,   0.28000,
,,,0.000141100000,   0.28000,
,,,0.000141120000,   0.28000,
,,,0.000141140000,   0.28000,
,,,0.000141160000,   0.26000,
,,,0.000141180000,   0.28000,
,,,0.000141200000,   0.26000,
,,,0.000141220000,   0.28000,
,,,0.000141240000,   0.30000,
,,,0.000141260000,   0.28000,
,,,0.000141280000,   0.30000,
,,,0.000141300000,   0.26000,
,,,0.000141320000,   0.30000,
,,,0.000141340000,   0.28000,
,,,0.000141360000,   0.32000,
,,,0.000141380000,   0.30000,
,,,0.000141400000,   0.30000,
,,,0.000141420000,   0.32000,
,,,0.000141440000,   0.30000,
,,,0.000141460000,   0.32000,
,,,0.000141480000,   0.32000,
,,,0.000141500000,   0.30000,
,,,0.000141520000,   0.30000,
,,,0.000141540000,   0.30000,
,,,0.000141560000,   0.36000,
,,,0.000141580000,   0.30000,
,,,0.000141600000,   0.30000,
,,,0.000141620000,   0.34000,
,,,0.000141640000,   0.34000,
,,,0.000141660000,   0.34000,
,,,0.000141680000,   0.34000,
,,,0.000141700000,   0.34000,
,,,0.000141720000,   0.32000,
,,,0.000141740000,   0.30000,
,,,0.000141760000,   0.32000,
,,,0.000141780000,   0.32000,
,,,0.000141800000,   0.36000,
,,,0.000141820000,   0.34000,
,,,0.000141840000,   0.36000,
,,,0.000141860000,   0.34000,
,,,0.000141880000,   0.36000,
,,,0.000141900000,   0.34000,
,,,0.000141920000,   0.34000,
,,,0.000141940000,   0.36000,
,,,0.000141960000,   0.36000,
,,,0.000141980000,   0.36000,
,,,0.000142000000,   0.34000,
,,,0.000142020000,   0.34000,
,,,0.000142040000,   0.34000,
,,,0.000142060000,   0.38000,
,,,0.000142080000,   0.38000,
,,,0.000142100000,   0.38000,
,,,0.000142120000,   0.40000,
,,,0.000142140000,   0.38000,
,,,0.000142160000,   0.38000,
,,,0.000142180000,   0.40000,
,,,0.000142200000,   0.38000,
,,,0.000142220000,   0.40000,
,,,0.000142240000,   0.40000,
,,,0.000142260000,   0.38000,
,,,0.000142280000,   0.42000,
,,,0.000142300000,   0.38000,
,,,0.000142320000,   0.40000,
,,,0.000142340000,   0.40000,
,,,0.000142360000,   0.42000,
,,,0.000142380000,   0.38000,
,,,0.000142400000,   0.38000,
,,,0.000142420000,   0.40000,
,,,0.000142440000,   0.42000,
,,,0.000142460000,   0.42000,
,,,0.000142480000,   0.40000,
,,,0.000142500000,   0.42000,
,,,0.000142520000,   0.40000,
,,,0.000142540000,   0.42000,
,,,0.000142560000,   0.42000,
,,,0.000142580000,   0.40000,
,,,0.000142600000,   0.44000,
,,,0.000142620000,   0.42000,
,,,0.000142640000,   0.42000,
,,,0.000142660000,   0.44000,
,,,0.000142680000,   0.42000,
,,,0.000142700000,   0.42000,
,,,0.000142720000,   0.44000,
,,,0.000142740000,   0.46000,
,,,0.000142760000,   0.44000,
,,,0.000142780000,   0.46000,
,,,0.000142800000,   0.42000,
,,,0.000142820000,   0.42000,
,,,0.000142840000,   0.46000,
,,,0.000142860000,   0.44000,
,,,0.000142880000,   0.46000,
,,,0.000142900000,   0.46000,
,,,0.000142920000,   0.44000,
,,,0.000142940000,   0.42000,
,,,0.000142960000,   0.44000,
,,,0.000142980000,   0.46000,
,,,0.000143000000,   0.44000,
,,,0.000143020000,   0.46000,
,,,0.000143040000,   0.46000,
,,,0.000143060000,   0.48000,
,,,0.000143080000,   0.50000,
,,,0.000143100000,   0.48000,
,,,0.000143120000,   0.46000,
,,,0.000143140000,   0.44000,
,,,0.000143160000,   0.50000,
,,,0.000143180000,   0.44000,
,,,0.000143200000,   0.46000,
,,,0.000143220000,   0.46000,
,,,0.000143240000,   0.46000,
,,,0.000143260000,   0.46000,
,,,0.000143280000,   0.46000,
,,,0.000143300000,   0.46000,
,,,0.000143320000,   0.48000,
,,,0.000143340000,   0.48000,
,,,0.000143360000,   0.46000,
,,,0.000143380000,   0.48000,
,,,0.000143400000,   0.44000,
,,,0.000143420000,   0.50000,
,,,0.000143440000,   0.48000,
,,,0.000143460000,   0.44000,
,,,0.000143480000,   0.48000,
,,,0.000143500000,   0.48000,
,,,0.000143520000,   0.44000,
,,,0.000143540000,   0.48000,
,,,0.000143560000,   0.48000,
,,,0.000143580000,   0.46000,
,,,0.000143600000,   0.48000,
,,,0.000143620000,   0.50000,
,,,0.000143640000,   0.48000,
,,,0.000143660000,   0.52000,
,,,0.000143680000,   0.50000,
,,,0.000143700000,   0.48000,
,,,0.000143720000,   0.48000,
,,,0.000143740000,   0.46000,
,,,0.000143760000,   0.48000,
,,,0.000143780000,   0.50000,
,,,0.000143800000,   0.48000,
,,,0.000143820000,   0.50000,
,,,0.000143840000,   0.48000,
,,,0.000143860000,   0.48000,
,,,0.000143880000,   0.48000,
,,,0.000143900000,   0.50000,
,,,0.000143920000,   0.50000,
,,,0.000143940000,   0.50000,
,,,0.000143960000,   0.50000,
,,,0.000143980000,   0.48000,
,,,0.000144000000,   0.50000,
,,,0.000144020000,   0.50000,
,,,0.000144040000,   0.50000,
,,,0.000144060000,   0.50000,
,,,0.000144080000,   0.50000,
,,,0.000144100000,   0.50000,
,,,0.000144120000,   0.50000,
,,,0.000144140000,   0.46000,
,,,0.000144160000,   0.50000,
,,,0.000144180000,   0.46000,
,,,0.000144200000,   0.50000,
,,,0.000144220000,   0.50000,
,,,0.000144240000,   0.48000,
,,,0.000144260000,   0.52000,
,,,0.000144280000,   0.50000,
,,,0.000144300000,   0.50000,
,,,0.000144320000,   0.50000,
,,,0.000144340000,   0.52000,
,,,0.000144360000,   0.48000,
,,,0.000144380000,   0.48000,
,,,0.000144400000,   0.46000,
,,,0.000144420000,   0.48000,
,,,0.000144440000,   0.48000,
,,,0.000144460000,   0.50000,
,,,0.000144480000,   0.50000,
,,,0.000144500000,   0.50000,
,,,0.000144520000,   0.48000,
,,,0.000144540000,   0.50000,
,,,0.000144560000,   0.48000,
,,,0.000144580000,   0.50000,
,,,0.000144600000,   0.50000,
,,,0.000144620000,   0.48000,
,,,0.000144640000,   0.46000,
,,,0.000144660000,   0.52000,
,,,0.000144680000,   0.48000,
,,,0.000144700000,   0.50000,
,,,0.000144720000,   0.50000,
,,,0.000144740000,   0.48000,
,,,0.000144760000,   0.52000,
,,,0.000144780000,   0.48000,
,,,0.000144800000,   0.46000,
,,,0.000144820000,   0.50000,
,,,0.000144840000,   0.48000,
,,,0.000144860000,   0.48000,
,,,0.000144880000,   0.50000,
,,,0.000144900000,   0.48000,
,,,0.000144920000,   0.46000,
,,,0.000144940000,   0.46000,
,,,0.000144960000,   0.46000,
,,,0.000144980000,   0.48000,
