0.000816,10
0.010820,2
0.011820,8
0.012820,11
0.013820,1
0.014816,11
0.015820,8
0.016820,2
0.017820,13
0.018820,6
0.019828,4
0.020820,14
0.021820,3
0.022820,7
0.023820,12
0.024824,1
0.025820,10
0.026820,10
0.027824,1
0.028824,12
0.029820,7
0.030824,3
0.031820,14
0.032820,4
0.033820,5
0.034820,13
0.035824,2
0.036824,8
0.037820,11
0.038824,1
0.039824,11
0.040824,8
0.041824,2
0.042828,13
0.043824,6
0.044824,4
0.045824,14
0.046824,3
0.047824,7
0.048824,12
0.049828,1
0.050824,10
0.054828,7
0.055828,3
0.056828,14
0.057828,4
0.058824,5
0.059824,13
0.060828,2
0.061828,8
0.062832,11
0.063828,1
0.064828,11
0.065824,8
0.066828,2
0.067824,13
0.068828,6
0.069828,4
0.070828,14
0.071828,3
0.072828,7
0.073828,12
0.074828,1
0.075828,10
0.076832,10
0.077828,1
0.078828,12
0.079828,7
0.080828,3
0.081828,14
0.082828,4
0.083832,5
0.084832,13
0.085832,2
0.086832,8
0.087828,11
0.088832,1
0.089828,11
0.090832,8
0.091832,2
0.092832,13
0.093832,6
0.094832,4
0.099832,1
0.100832,10
0.101832,10
0.102828,1
0.103836,12
0.104836,7
0.105840,3
0.106832,14
0.107832,4
0.108832,5
0.109832,13
0.110832,2
0.111832,8
0.112836,11
0.113832,1
0.114836,11
0.115836,8
0.116836,2
0.117832,13
0.118836,6
0.119832,4
0.120836,14
0.121836,3
0.122836,7
0.123836,12
0.124836,1
0.125836,10
0.126836,10
0.127832,1
0.128840,12
0.129836,7
0.130840,3
0.131836,14
0.132836,4
0.133836,5
0.134836,13
0.135836,2
0.136836,8
0.137840,11
0.138836,1
0.139840,11
0.143840,6
0.144836,4
0.145840,14
0.146840,3
0.147844,7
0.148836,12
0.149836,1
0.150836,10
0.151840,10
0.152840,1
0.153840,12
0.154840,7
0.155840,3
0.156840,14
0.157840,4
0.158840,5
0.159840,13
0.160840,2
0.161840,8
0.162844,11
0.163840,1
0.164840,11
0.165844,8
0.166840,2
0.167844,13
0.168844,6
0.169844,4
0.170844,14
0.171840,3
0.172840,7
0.173840,12
0.174844,1
0.175840,10
0.176844,10
0.177844,1
0.178844,12
0.179840,7
0.180844,3
0.181848,14
0.182844,4
0.183844,5
0.184844,13
0.188844,1
0.189844,11
0.190852,8
0.191844,2
0.192844,13
0.193848,6
0.194848,4
0.195848,14
0.196848,3
0.197848,7
0.198844,12
0.199848,1
0.200848,10
0.201844,10
0.202844,1
0.203848,12
0.204848,7
0.205848,3
0.206844,14
0.207848,4
0.208848,5
0.209844,13
0.210852,2
0.211848,8
0.212848,11
0.213848,1
0.214848,11
0.215848,8
0.216852,2
0.217852,13
0.218848,6
0.219848,4
0.220848,14
0.221852,3
0.222848,7
0.223852,12
0.224848,1
0.225852,10
0.226848,10
0.227852,1
0.228852,12
0.232848,4
0.233856,5
0.234852,13
0.235852,2
0.236852,8
0.237852,11
0.238852,1
0.239852,11
0.240852,8
0.241852,2
0.242856,13
0.243856,6
0.244852,4
0.245852,14
0.246852,3
0.247856,7
0.248856,12
0.249852,1
0.250856,10
0.251852,10
0.252856,1
0.253856,12
0.254856,7
0.255852,3
0.256852,14
0.257852,4
0.258856,5
0.259856,13
0.260856,2
0.261852,8
0.262856,11
0.263856,1
0.264856,11
0.265856,8
0.266856,2
0.267852,13
0.268856,6
0.269856,4
0.270856,14
0.271856,3
0.272856,7
0.276860,10
0.277856,1
0.278856,12
0.279860,7
0.280860,3
0.281860,14
0.282856,4
0.283860,5
0.284856,13
0.285860,2
0.286860,8
0.287860,11
0.288860,1
0.289860,11
0.290864,8
0.291860,2
0.292860,13
0.293860,6
0.294860,4
0.295860,14
0.296860,3
0.297856,7
0.298860,12
0.299860,1
0.300860,10
0.301860,10
0.302860,1
0.303860,12
0.304860,7
0.305860,3
0.306864,14
0.307864,4
0.308864,5
0.309860,13
0.310860,2
0.311860,8
0.312864,11
0.313860,1
0.314864,11
0.315864,8
0.316864,2
0.317864,13
0.321860,3
0.322864,7
0.323864,12
0.324864,1
0.325864,10
0.326864,10
0.327864,1
0.328864,12
0.329868,7
0.330864,3
0.331868,14
0.332868,4
0.333864,5
0.334868,13
0.335868,2
0.336868,8
0.337868,11
0.338864,1
0.339868,11
0.340868,8
0.341864,2
0.342864,13
0.343868,6
0.344868,4
0.345868,14
0.346864,3
0.347868,7
0.348868,12
0.349868,1
0.350868,10
0.351868,10
0.352868,1
0.353868,12
0.354868,7
0.355868,3
0.356868,14
0.357868,4
0.358868,5
0.359872,13
0.360868,2
0.361872,8
0.365868,8
0.366868,2
0.367872,13
0.368872,6
0.369872,4
0.370872,14
0.371872,3
0.372868,7
0.373872,12
0.374876,1
0.375868,10
0.376872,10
0.377872,1
0.378872,12
0.379872,7
0.380876,3
0.381872,14
0.382872,4
0.383872,5
0.384876,13
0.385872,2
0.386872,8
0.387872,11
0.388876,1
0.389872,11
0.390872,8
0.391876,2
0.392876,13
0.393872,6
0.394872,4
0.395876,14
0.396876,3
0.397872,7
0.398876,12
0.399876,1
0.400876,10
0.401876,10
0.402876,1
0.403876,12
0.404876,7
0.405884,3
0.409876,13
0.410876,2
0.411880,8
0.412876,11
0.413876,1
0.414880,11
0.415876,8
0.416880,2
0.417876,13
0.418876,6
0.419876,4
0.420880,14
0.421880,3
0.422880,7
0.423880,12
0.424876,1
0.425880,10
0.426880,10
0.427880,1
0.428880,12
0.429880,7
0.430880,3
0.431880,14
0.432884,4
0.433880,5
0.434880,13
0.435880,2
0.436880,8
0.437880,11
0.438880,1
0.439884,11
0.440880,8
0.441880,2
0.442880,13
0.443880,6
0.444880,4
0.445884,14
0.446880,3
0.447884,7
0.448888,12
0.449884,1
0.450880,10
0.454884,7
0.455880,3
0.456884,14
0.457884,4
0.458884,5
0.459888,13
0.460884,2
0.461884,8
0.462884,11
0.463884,1
0.464884,11
0.465888,8
0.466884,2
0.467884,13
0.468884,6
0.469888,4
0.470888,14
0.471884,3
0.472884,7
0.473884,12
0.474884,1
0.475888,10
0.476888,10
0.477888,1
0.478888,12
0.479884,7
0.480888,3
0.481888,14
0.482888,4
0.483884,5
0.484884,13
0.485888,2
0.486888,8
0.487888,11
0.488888,1
0.489888,11
0.490888,8
0.491896,2
0.492884,13
0.493888,6
0.494888,4
0.498892,12
0.499892,1
0.500892,10
0.501892,10
0.502888,1
0.503888,12
0.504888,7
0.505888,3
0.506892,14
0.507892,4
0.508892,5
0.509892,13
0.510892,2
0.511892,8
0.512888,11
0.513888,1
0.514892,11
0.515892,8
0.516892,2
0.517892,13
0.518892,6
0.519892,4
0.520892,14
0.521896,3
0.522892,7
0.523892,12
0.524896,1
0.525896,10
0.526892,10
0.527892,1
0.528896,12
0.529896,7
0.530896,3
0.531892,14
0.532896,4
0.533896,5
0.534900,13
0.535892,2
0.536896,8
0.537896,11
0.538896,1
0.542896,13
0.543896,6
0.544896,4
0.545896,14
0.546896,3
0.547896,7
0.548896,12
0.549896,1
0.550896,10
0.551896,10
0.552896,1
0.553896,12
0.554900,7
0.555900,3
0.556900,14
0.557896,4
0.558896,5
0.559896,13
0.560896,2
0.561900,8
0.562896,11
0.563900,1
0.564900,11
0.565896,8
0.566900,2
0.567900,13
0.568900,6
0.569900,4
0.570900,14
0.571900,3
0.572896,7
0.573900,12
0.574900,1
0.575900,10
0.576904,10
0.577904,1
0.578900,12
0.579900,7
0.580904,3
0.581904,14
0.582900,4
0.586900,8
0.587904,11
0.588904,1
0.589904,11
0.590904,8
0.591900,2
0.592904,13
0.593904,6
0.594900,4
0.595900,14
0.596900,3
0.597904,7
0.598904,12
0.599904,1
0.600904,10
0.601904,10
0.602904,1
0.603904,12
0.604904,7
0.605904,3
0.606908,14
0.607904,4
0.608904,5
0.609904,13
0.610904,2
0.611904,8
0.612908,11
0.613904,1
0.614908,11
0.615908,8
0.616908,2
0.617904,13
0.618908,6
0.619912,4
0.620912,14
0.621904,3
0.622908,7
0.623908,12
0.624908,1
0.625908,10
0.626908,10
0.627908,1
0.631908,14
0.632908,4
0.633908,5
0.634908,13
0.635908,2
0.636912,8
0.637912,11
0.638908,1
0.639908,11
0.640912,8
0.641908,2
0.642908,13
0.643908,6
0.644908,4
0.645912,14
0.646912,3
0.647912,7
0.648912,12
0.649912,1
0.650908,10
0.651912,10
0.652908,1
0.653912,12
0.654912,7
0.655912,3
0.656908,14
0.657912,4
0.658912,5
0.659912,13
0.660912,2
0.661916,8
0.662916,11
0.663920,1
0.664916,11
0.665912,8
0.666912,2
0.667916,13
0.668912,6
0.669916,4
0.670916,14
0.671916,3
0.675916,10
0.676912,10
0.677912,1
0.678916,12
0.679916,7
0.680916,3
0.681916,14
0.682920,4
0.683912,5
0.684916,13
0.685916,2
0.686916,8
0.687916,11
0.688916,1
0.689916,11
0.690916,8
0.691916,2
0.692916,13
0.693916,6
0.694916,4
0.695916,14
0.696920,3
0.697916,7
0.698920,12
0.699920,1
0.700920,10
0.701920,10
0.702916,1
0.703916,12
0.704920,7
0.705924,3
0.706916,14
0.707920,4
0.708920,5
0.709920,13
0.710920,2
0.711920,8
0.712920,11
0.713920,1
0.714920,11
0.715920,8
0.719920,4
0.720924,14
0.721924,3
0.722924,7
0.723924,12
0.724920,1
0.725920,10
0.726920,10
0.727924,1
0.728920,12
0.729924,7
0.730924,3
0.731924,14
0.732924,4
0.733924,5
0.734920,13
0.735924,2
0.736924,8
0.737924,11
0.738924,1
0.739928,11
0.740924,8
0.741924,2
0.742924,13
0.743924,6
0.744924,4
0.745928,14
0.746924,3
0.747928,7
0.748932,12
0.749932,1
0.750928,10
0.751928,10
0.752928,1
0.753924,12
0.754924,7
0.755928,3
0.756928,14
0.757928,4
0.758928,5
0.759924,13
0.760928,2
0.764928,11
0.765924,8
0.766928,2
0.767932,13
0.768928,6
0.769928,4
0.770928,14
0.771928,3
0.772928,7
0.773928,12
0.774928,1
0.775932,10
0.776932,10
0.777928,1
0.778932,12
0.779928,7
0.780932,3
0.781928,14
0.782928,4
0.783928,5
0.784932,13
0.785932,2
0.786932,8
0.787932,11
0.788932,1
0.789932,11
0.790932,8
0.791936,2
0.792932,13
0.793928,6
0.794932,4
0.795928,14
0.796936,3
0.797932,7
0.798932,12
0.799932,1
0.800932,10
0.801932,10
0.802932,1
0.803932,12
0.804932,7
0.808936,5
0.809936,13
0.810936,2
0.811936,8
0.812932,11
0.813932,1
0.814932,11
0.815936,8
0.816936,2
0.817932,13
0.818936,6
0.819936,4
0.820936,14
0.821936,3
0.822936,7
0.823936,12
0.824936,1
0.825936,10
0.826940,10
0.827936,1
0.828936,12
0.829936,7
0.830936,3
0.831936,14
0.832936,4
0.833940,5
0.834944,13
0.835940,2
0.836936,8
0.837940,11
0.838936,1
0.839936,11
0.840940,8
0.841940,2
0.842940,13
0.843940,6
0.844940,4
0.845940,14
0.846940,3
0.847940,7
0.848936,12
0.852940,1
0.853940,12
0.854940,7
0.855944,3
0.856944,14
0.857940,4
0.858940,5
0.859944,13
0.860940,2
0.861944,8
0.862940,11
0.863940,1
0.864940,11
0.865940,8
0.866940,2
0.867944,13
0.868944,6
0.869944,4
0.870940,14
0.871940,3
0.872944,7
0.873940,12
0.874940,1
0.875944,10
0.876944,10
0.877948,1
0.878944,12
0.879944,7
0.880944,3
0.881948,14
0.882944,4
0.883944,5
0.884944,13
0.885944,2
0.886944,8
0.887948,11
0.888944,1
0.889948,11
0.890944,8
0.891948,2
0.892944,13
0.896948,3
0.897944,7
0.898948,12
0.899948,1
0.900948,10
0.901948,10
0.902948,1
0.903944,12
0.904948,7
0.905948,3
0.906948,14
0.907952,4
0.908948,5
0.909948,13
0.910948,2
0.911948,8
0.912948,11
0.913952,1
0.914948,11
0.915948,8
0.916948,2
0.917948,13
0.918948,6
0.919952,4
0.920956,14
0.921948,3
0.922952,7
0.923948,12
0.924952,1
0.925948,10
0.926952,10
0.927952,1
0.928952,12
0.929948,7
0.930952,3
0.931952,14
0.932952,4
0.933956,5
0.934952,13
0.935956,2
0.936956,8
0.937952,11
0.941952,2
0.942952,13
0.943952,6
0.944952,4
0.945956,14
0.946952,3
0.947952,7
0.948952,12
0.949952,1
0.950952,10
0.951952,10
0.952952,1
0.953956,12
0.954952,7
0.955956,3
0.956956,14
0.957952,4
0.958956,5
0.959956,13
0.960956,2
0.961956,8
0.962956,11
0.963964,1
0.964956,11
0.965956,8
0.966952,2
0.967956,13
0.968956,6
0.969956,4
0.970960,14
0.971960,3
0.972956,7
0.973956,12
0.974956,1
0.975960,10
0.976956,10
0.977956,1
0.978956,12
0.979960,7
0.980956,3
0.981956,14
0.985960,2
0.986960,8
0.987960,11
0.988960,1
0.989960,11
0.990960,8
0.991964,2
0.992960,13
0.993960,6
0.994960,4
0.995960,14
0.996960,3
0.997964,7
0.998964,12
0.999960,1
1.000964,10
1.001964,10
1.002960,1
1.003964,12
1.004964,7
1.005960,3
1.006968,14
1.007964,4
1.008964,5
1.009964,13
1.010964,2
1.011964,8
1.012960,11
1.013960,1
1.014964,11
1.015964,8
1.016964,2
1.017964,13
1.018960,6
1.019960,4
1.020968,14
1.021964,3
1.022968,7
1.023964,12
1.024964,1
1.025964,10
1.029968,7
1.030968,3
1.031968,14
1.032964,4
1.033964,5
1.034964,13
1.035968,2
1.036964,8
1.037968,11
1.038968,1
1.039968,11
1.040964,8
1.041968,2
1.042968,13
1.043968,6
1.044964,4
1.045968,14
1.046968,3
1.047968,7
1.048968,12
1.049976,1
1.050968,10
1.051968,10
1.052968,1
1.053968,12
1.054972,7
1.055972,3
1.056968,14
1.057972,4
1.058968,5
1.059968,13
1.060968,2
1.061972,8
1.062972,11
1.063968,1
1.064972,11
1.065972,8
1.066972,2
1.067972,13
1.068972,6
1.069972,4
1.070968,14
1.074976,1
1.075972,10
1.076972,10
1.077976,1
1.078972,12
1.079972,7
1.080972,3
1.081972,14
1.082972,4
1.083972,5
1.084976,13
1.085972,2
1.086976,8
1.087976,11
1.088976,1
1.089972,11
1.090976,8
1.091972,2
1.092980,13
1.093972,6
1.094976,4
1.095976,14
1.096976,3
1.097976,7
1.098976,12
1.099976,1
1.100976,10
1.101976,10
1.102972,1
1.103976,12
1.104976,7
1.105976,3
1.106976,14
1.107976,4
1.108976,5
1.109976,13
1.110980,2
1.111976,8
1.112976,11
1.113980,1
1.114976,11
1.118980,6
1.119976,4
1.120980,14
1.121980,3
1.122980,7
1.123980,12
1.124980,1
1.125980,10
1.126980,10
1.127980,1
1.128984,12
1.129980,7
1.130980,3
1.131980,14
1.132980,4
1.133980,5
1.134980,13
1.135988,2
1.136980,8
1.137984,11
1.138980,1
1.139980,11
1.140980,8
1.141980,2
1.142980,13
1.143980,6
1.144980,4
1.145984,14
1.146984,3
1.147984,7
1.148980,12
1.149980,1
1.150984,10
1.151984,10
1.152984,1
1.153984,12
1.154984,7
1.155984,3
1.156984,14
1.157984,4
1.158984,5
1.162984,11
1.163984,1
1.164984,11
1.165984,8
1.166984,2
1.167984,13
1.168984,6
1.169988,4
1.170984,14
1.171984,3
1.172988,7
1.173988,12
1.174988,1
1.175988,10
1.176988,10
1.177988,1
1.178996,12
1.179984,7
1.180988,3
1.181988,14
1.182988,4
1.183992,5
1.184988,13
1.185988,2
1.186984,8
1.187988,11
1.188988,1
1.189988,11
1.190988,8
1.191988,2
1.192988,13
1.193988,6
1.194992,4
1.195992,14
1.196988,3
1.197988,7
1.198992,12
1.199992,1
1.200988,10
1.201992,10
1.202992,1
1.206988,14
1.207992,4
1.208992,5
1.209992,13
1.210992,2
1.211992,8
1.212988,11
1.213988,1
1.214992,11
1.215992,8
1.216992,2
1.217992,13
1.218992,6
1.219992,4
1.220996,14
1.221992,3
1.222992,7
1.223992,12
1.224996,1
1.225992,10
1.226992,10
1.227992,1
1.228992,12
1.229992,7
1.230992,3
1.231992,14
1.232996,4
1.233992,5
1.234996,13
1.235996,2
1.236996,8
1.237996,11
1.238996,1
1.239996,11
1.240996,8
1.241992,2
1.242996,13
1.243996,6
1.244996,4
1.245996,14
1.247000,3
1.248000,7
1.251996,10
1.253000,1
1.253996,12
1.254996,7
1.256000,3
1.256996,14
1.258000,4
1.259000,5
1.259996,13
1.260996,2
1.261996,8
1.263000,11
1.264004,1
1.265008,11
1.266000,8
1.267000,2
1.268000,13
1.269000,6
1.270000,4
1.271004,14
1.272000,3
1.273000,7
1.274000,12
1.275004,1
1.276000,10
1.277000,10
1.278000,1
1.279004,12
1.280004,7
1.281004,3
1.282000,14
1.283004,4
1.284000,5
1.285004,13
1.286004,2
1.287000,8
1.288004,11
1.289004,1
1.290004,11
1.291004,8
1.292004,2
1.296000,14
1.297004,3
1.298004,7
1.299004,12
1.300004,1
1.301004,10
1.302004,10
1.303008,1
1.304008,12
1.305004,7
1.306008,3
1.307012,14
1.308012,4
1.309008,5
1.310004,13
1.311008,2
1.312004,8
1.313008,11
1.314004,1
1.315008,11
1.316004,8
1.317004,2
1.318004,13
1.319008,6
1.320004,4
1.321008,14
1.322008,3
1.323008,7
1.324008,12
1.325004,1
1.326012,10
1.327008,10
1.328008,1
1.329008,12
1.330008,7
1.331008,3
1.332008,14
1.333012,4
1.334008,5
1.335012,13
1.336008,2
1.340008,11
1.341008,8
1.342008,2
1.343012,13
1.344012,6
1.345012,4
1.346012,14
1.347012,3
1.348008,7
1.349012,12
1.350016,1
1.351012,10
1.352012,10
1.353012,1
1.354012,12
1.355012,7
1.356016,3
1.357012,14
1.358012,4
1.359012,5
1.360016,13
1.361012,2
1.362012,8
1.363016,11
1.364016,1
1.365012,11
1.366016,8
1.367012,2
1.368016,13
1.369016,6
1.370016,4
1.371012,14
1.372012,3
1.373012,7
1.374012,12
1.375016,1
1.376016,10
1.377016,10
1.378012,1
1.379016,12
1.380012,7
1.381020,3
1.385020,13
1.386016,2
1.387016,8
1.388016,11
1.389016,1
1.390016,11
1.391016,8
1.392016,2
1.393024,13
1.394020,6
1.395016,4
1.396016,14
1.397020,3
1.398016,7
1.399016,12
1.400016,1
1.401020,10
1.402016,10
1.403016,1
1.404016,12
1.405020,7
1.406016,3
1.407020,14
1.408020,4
1.409020,5
1.410020,13
1.411024,2
1.412020,8
1.413024,11
1.414020,1
1.415024,11
1.416020,8
1.417024,2
1.418020,13
1.419020,6
1.420024,4
1.421020,14
1.422024,3
1.423024,7
1.424024,12
1.425020,1
1.429024,12
1.430024,7
1.431020,3
1.432024,14
1.433024,4
1.434024,5
1.435020,13
1.436028,2
1.437020,8
1.438024,11
1.439024,1
1.440028,11
1.441024,8
1.442024,2
1.443024,13
1.444024,6
1.445024,4
1.446024,14
1.447024,3
1.448024,7
1.449028,12
1.450024,1
1.451024,10
1.452028,10
1.453028,1
1.454024,12
1.455024,7
1.456028,3
1.457028,14
1.458024,4
1.459028,5
1.460024,13
1.461028,2
1.462028,8
1.463024,11
1.464028,1
1.465028,11
1.466024,8
1.467028,2
1.468032,13
1.469028,6
1.473032,7
1.474028,12
1.475032,1
1.476028,10
1.477028,10
1.478032,1
1.479036,12
1.480028,7
1.481028,3
1.482032,14
1.483032,4
1.484028,5
1.485028,13
1.486032,2
1.487032,8
1.488032,11
1.489032,1
1.490028,11
1.491032,8
1.492032,2
1.493036,13
1.494032,6
1.495028,4
1.496032,14
1.497032,3
1.498032,7
1.499036,12
1.500036,1
1.501036,10
1.502032,10
1.503032,1
1.504036,12
1.505032,7
1.506032,3
1.507032,14
1.508032,4
1.509032,5
1.510036,13
1.511036,2
1.512036,8
1.513032,11
1.514036,1
1.518032,13
1.519032,6
1.520036,4
1.521036,14
1.522044,3
1.523032,7
1.524040,12
1.525036,1
1.526040,10
1.527036,10
1.528040,1
1.529036,12
1.530040,7
1.531036,3
1.532036,14
1.533036,4
1.534040,5
1.535040,13
1.536036,2
1.537036,8
1.538036,11
1.539040,1
1.540036,11
1.541040,8
1.542040,2
1.543040,13
1.544040,6
1.545040,4
1.546040,14
1.547040,3
1.548040,7
1.549040,12
1.550036,1
1.551040,10
1.552040,10
1.553040,1
1.554040,12
1.555040,7
1.556040,3
1.557044,14
1.558040,4
1.562040,8
1.563044,11
1.564044,1
1.565048,11
1.566040,8
1.567044,2
1.568044,13
1.569044,6
1.570044,4
1.571040,14
1.572044,3
1.573044,7
1.574040,12
1.575040,1
1.576044,10
1.577044,10
1.578048,1
1.579044,12
1.580044,7
1.581044,3
1.582044,14
1.583048,4
1.584044,5
1.585044,13
1.586048,2
1.587044,8
1.588048,11
1.589044,1
1.590044,11
1.591048,8
1.592048,2
1.593044,13
1.594048,6
1.595044,4
1.596044,14
1.597048,3
1.598048,7
1.599048,12
1.600044,1
1.601044,10
1.602048,10
1.606048,3
1.607048,14
1.608056,4
1.609048,5
1.610048,13
1.611048,2
1.612052,8
1.613052,11
1.614048,1
1.615048,11
1.616048,8
1.617048,2
1.618052,13
1.619052,6
1.620048,4
1.621052,14
1.622048,3
1.623048,7
1.624052,12
1.625052,1
1.626048,10
1.627052,10
1.628052,1
1.629052,12
1.630052,7
1.631052,3
1.632048,14
1.633052,4
1.634052,5
1.635048,13
1.636052,2
1.637052,8
1.638056,11
1.639056,1
1.640052,11
1.641056,8
1.642052,2
1.643056,13
1.644052,6
1.645056,4
1.646056,14
1.650056,1
1.651060,10
1.652052,10
1.653052,1
1.654056,12
1.655052,7
1.656056,3
1.657052,14
1.658056,4
1.659052,5
1.660056,13
1.661056,2
1.662056,8
1.663056,11
1.664060,1
1.665060,11
1.666056,8
1.667056,2
1.668060,13
1.669056,6
1.670056,4
1.671056,14
1.672060,3
1.673056,7
1.674056,12
1.675056,1
1.676060,10
1.677056,10
1.678056,1
1.679060,12
1.680060,7
1.681056,3
1.682056,14
1.683060,4
1.684060,5
1.685060,13
1.686056,2
1.687060,8
1.688060,11
1.689064,1
1.690060,11
1.691060,8
1.695060,4
1.696060,14
1.697060,3
1.698064,7
1.699064,12
1.700060,1
1.701064,10
1.702060,10
1.703064,1
1.704060,12
1.705060,7
1.706060,3
1.707064,14
1.708060,4
1.709064,5
1.710064,13
1.711060,2
1.712060,8
1.713064,11
1.714064,1
1.715068,11
1.716064,8
1.717064,2
1.718064,13
1.719060,6
1.720068,4
1.721064,14
1.722064,3
1.723064,7
1.724068,12
1.725064,1
1.726064,10
1.727068,10
1.728068,1
1.729064,12
1.730064,7
1.731068,3
1.732068,14
1.733064,4
1.734068,5
1.735064,13
1.739068,1
1.740064,11
1.741064,8
1.742068,2
1.743072,13
1.744068,6
1.745068,4
1.746068,14
1.747068,3
1.748072,7
1.749068,12
1.750068,1
1.751068,10
1.752068,10
1.753068,1
1.754068,12
1.755068,7
1.756068,3
1.757072,14
1.758072,4
1.759068,5
1.760068,13
1.761072,2
1.762072,8
1.763072,11
1.764072,1
1.765072,11
1.766072,8
1.767072,2
1.768072,13
1.769072,6
1.770072,4
1.771072,14
1.772068,3
1.773072,7
1.774072,12
1.775072,1
1.776072,10
1.777072,10
1.778072,1
1.779076,12
1.783072,4
1.784072,5
1.785076,13
1.786072,2
1.787076,8
1.788076,11
1.789072,1
1.790072,11
1.791076,8
1.792072,2
1.793072,13
1.794072,6
1.795076,4
1.796076,14
1.797076,3
1.798072,7
1.799076,12
1.800076,1
1.801076,10
1.802076,10
1.803076,1
1.804076,12
1.805080,7
1.806076,3
1.807080,14
1.808076,4
1.809076,5
1.810080,13
1.811076,2
1.812076,8
1.813076,11
1.814080,1
1.815076,11
1.816080,8
1.817080,2
1.818080,13
1.819076,6
1.820080,4
1.821076,14
1.822084,3
1.823076,7
1.824076,12
1.828080,1
1.829080,12
1.830080,7
1.831080,3
1.832080,14
1.833080,4
1.834084,5
1.835080,13
1.836080,2
1.837080,8
1.838080,11
1.839080,1
1.840080,11
1.841080,8
1.842080,2
1.843084,13
1.844084,6
1.845084,4
1.846080,14
1.847080,3
1.848080,7
1.849084,12
1.850084,1
1.851084,10
1.852084,10
1.853080,1
1.854084,12
1.855084,7
1.856084,3
1.857080,14
1.858088,4
1.859084,5
1.860084,13
1.861084,2
1.862088,8
1.863084,11
1.864084,1
1.865092,11
1.866092,8
1.867084,2
1.868084,13
1.872084,3
1.873088,7
1.874088,12
1.875084,1
1.876088,10
1.877088,10
1.878088,1
1.879084,12
1.880088,7
1.881088,3
1.882088,14
1.883088,4
1.884088,5
1.885092,13
1.886084,2
1.887084,8
1.888088,11
1.889088,1
1.890092,11
1.891088,8
1.892088,2
1.893088,13
1.894088,6
1.895088,4
1.896092,14
1.897088,3
1.898092,7
1.899092,12
1.900092,1
1.901088,10
1.902092,10
1.903092,1
1.904092,12
1.905088,7
1.906092,3
1.907092,14
1.908096,4
1.909092,5
1.910092,13
1.911092,2
1.912088,8
1.916092,8
1.917092,2
1.918092,13
1.919092,6
1.920096,4
1.921092,14
1.922092,3
1.923092,7
1.924092,12
1.925096,1
1.926092,10
1.927096,10
1.928092,1
1.929096,12
1.930092,7
1.931092,3
1.932096,14
1.933096,4
1.934092,5
1.935096,13
1.936096,2
1.937096,8
1.938096,11
1.939096,1
1.940092,11
1.941096,8
1.942100,2
1.943100,13
1.944096,6
1.945096,4
1.946096,14
1.947096,3
1.948100,7
1.949096,12
1.950096,1
1.951104,10
1.952096,10
1.953100,1
1.954096,12
1.955096,7
1.956096,3
1.960096,13
1.961096,2
1.962100,8
1.963100,11
1.964096,1
1.965100,11
1.966104,8
1.967096,2
1.968100,13
1.969100,6
1.970100,4
1.971100,14
1.972100,3
1.973100,7
1.974100,12
1.975100,1
1.976100,10
1.977100,10
1.978104,1
1.979100,12
1.980100,7
1.981100,3
1.982104,14
1.983100,4
1.984104,5
1.985100,13
1.986100,2
1.987104,8
1.988104,11
1.989104,1
1.990104,11
1.991104,8
1.992104,2
1.993104,13
1.994112,6
1.995108,4
1.996104,14
1.997104,3
1.998100,7
1.999104,12
2.000104,1
2.001104,10
2.005104,7
2.006108,3
2.007108,14
2.008104,4
2.009108,5
2.010104,13
2.011108,2
2.012104,8
2.013104,11
2.014108,1
2.015108,11
2.016104,8
2.017108,2
2.018108,13
2.019108,6
2.020108,4
2.021108,14
2.022108,3
2.023104,7
2.024108,12
2.025108,1
2.026108,10
2.027108,10
2.028108,1
2.029108,12
2.030108,7
2.031112,3
2.032108,14
2.033108,4
2.034108,5
2.035108,13
2.036108,2
2.037112,8
2.038112,11
2.039108,1
2.040112,11
2.041112,8
2.042112,2
2.043108,13
2.044112,6
2.045108,4
2.049112,12
2.050112,1
2.051112,10
2.052112,10
2.053112,1
2.054116,12
2.055112,7
2.056112,3
2.057112,14
2.058112,4
2.059116,5
2.060112,13
2.061112,2
2.062116,8
2.063116,11
2.064112,1
2.065112,11
2.066116,8
2.067112,2
2.068112,13
2.069116,6
2.070116,4
2.071116,14
2.072112,3
2.073116,7
2.074116,12
2.075116,1
2.076116,10
2.077116,10
2.078116,1
2.079112,12
2.080124,7
2.081116,3
2.082120,14
2.083116,4
2.084116,5
2.085120,13
2.086116,2
2.087116,8
2.088120,11
2.089120,1
2.093116,13
2.094116,6
2.095120,4
2.096116,14
2.097116,3
2.098116,7
2.099116,12
2.100120,1
2.101120,10
2.102116,10
2.103116,1
2.104120,12
2.105120,7
2.106124,3
2.107120,14
2.108120,4
2.109120,5
2.110120,13
2.111124,2
2.112120,8
2.113120,11
2.114120,1
2.115120,11
2.116120,8
2.117120,2
2.118124,13
2.119120,6
2.120120,4
2.121120,14
2.122120,3
2.123128,7
2.124124,12
2.125124,1
2.126124,10
2.127124,10
2.128120,1
2.129120,12
2.130124,7
2.131120,3
2.132124,14
2.133124,4
2.134124,5
2.138124,11
2.139124,1
2.140124,11
2.141124,8
2.142124,2
2.143124,13
2.144128,6
2.145124,4
2.146124,14
2.147124,3
2.148128,7
2.149128,12
2.150124,1
2.151128,10
2.152128,10
2.153128,1
2.154128,12
2.155124,7
2.156128,3
2.157124,14
2.158124,4
2.159128,5
2.160124,13
2.161128,2
2.162128,8
2.163128,11
2.164128,1
2.165128,11
2.166132,8
2.167128,2
2.168128,13
2.169128,6
2.170128,4
2.171132,14
2.172128,3
2.173128,7
2.174132,12
2.175128,1
2.176128,10
2.177128,10
2.178132,1
2.182132,14
2.183128,4
2.184128,5
2.185132,13
2.186132,2
2.187132,8
2.188132,11
2.189132,1
2.190132,11
2.191128,8
2.192132,2
2.193132,13
2.194128,6
2.195132,4
2.196132,14
2.197136,3
2.198132,7
2.199132,12
2.200136,1
2.201132,10
2.202132,10
2.203132,1
2.204136,12
2.205132,7
2.206136,3
2.207132,14
2.208136,4
2.209140,5
2.210132,13
2.211136,2
2.212136,8
2.213136,11
2.214136,1
2.215136,11
2.216136,8
2.217136,2
2.218136,13
2.219136,6
2.220132,4
2.221136,14
2.222140,3
2.227140,10
2.228136,1
2.229136,12
2.230140,7
2.231136,3
2.232136,14
2.233140,4
2.234140,5
2.235140,13
2.236136,2
2.237140,8
2.238136,11
2.239140,1
2.240140,11
2.241136,8
2.242136,2
2.243140,13
2.244140,6
2.245136,4
2.246140,14
2.247140,3
2.248140,7
2.249136,12
2.250140,1
2.251140,10
2.252148,10
2.253144,1
2.254140,12
2.255144,7
2.256140,3
2.257144,14
2.258140,4
2.259144,5
2.260144,13
2.261140,2
2.262140,8
2.263140,11
2.264144,1
2.265144,11
2.266144,8
2.267144,2
2.268144,13
2.272144,3
2.273144,7
2.274140,12
2.275148,1
2.276144,10
2.277144,10
2.278144,1
2.279144,12
2.280144,7
2.281144,3
2.282148,14
2.283144,4
2.284144,5
2.285144,13
2.286144,2
2.287148,8
2.288144,11
2.289144,1
2.290144,11
2.291144,8
2.292148,2
2.293144,13
2.294152,6
2.295152,4
2.296144,14
2.297148,3
2.298148,7
2.299144,12
2.300144,1
2.301148,10
2.302148,10
2.303148,1
2.304148,12
2.305148,7
2.306148,3
2.307152,14
2.308148,4
2.309148,5
2.310148,13
2.311148,2
2.312148,8
2.316148,8
2.317148,2
2.318148,13
2.319152,6
2.320152,4
2.321148,14
2.322148,3
2.323152,7
2.324152,12
2.325152,1
2.326152,10
2.327152,10
2.328152,1
2.329148,12
2.330152,7
2.331152,3
2.332152,14
2.333152,4
2.334152,5
2.335152,13
2.336152,2
2.337156,8
2.338152,11
2.339152,1
2.340152,11
2.341152,8
2.342156,2
2.343152,13
2.344152,6
2.345152,4
2.346156,14
2.347156,3
2.348156,7
2.349156,12
2.350156,1
2.351152,10
2.352156,10
2.353152,1
2.354156,12
2.355156,7
2.356160,3
2.360156,13
2.361160,2
2.362156,8
2.363160,11
2.364160,1
2.365156,11
2.366156,8
2.367156,2
2.368160,13
2.369156,6
2.370160,4
2.371160,14
2.372160,3
2.373156,7
2.374156,12
2.375160,1
2.376160,10
2.377156,10
2.378156,1
2.379160,12
2.380164,7
2.381156,3
2.382156,14
2.383160,4
2.384160,5
2.385164,13
2.386160,2
2.387160,8
2.388160,11
2.389160,1
2.390164,11
2.391160,8
2.392160,2
2.393160,13
2.394160,6
2.395160,4
2.396160,14
2.397160,3
2.398160,7
2.399164,12
2.400164,1
2.404164,12
2.405164,7
2.406160,3
2.407164,14
2.408164,4
2.409164,5
2.410164,13
2.411160,2
2.412160,8
2.413160,11
2.414164,1
2.415168,11
2.416164,8
2.417164,2
2.418164,13
2.419164,6
2.420164,4
2.421164,14
2.422164,3
2.423172,7
2.424164,12
2.425164,1
2.426164,10
2.427164,10
2.428168,1
2.429164,12
2.430168,7
2.431168,3
2.432164,14
2.433164,4
2.434168,5
2.435164,13
2.436168,2
2.437168,8
2.438168,11
2.439168,1
2.440164,11
2.441168,8
2.442168,2
2.443172,13
2.444164,6
2.445172,4
2.449168,12
2.450168,1
2.451168,10
2.452172,10
2.453172,1
2.454172,12
2.455168,7
2.456168,3
2.457168,14
2.458168,4
2.459168,5
2.460172,13
2.461172,2
2.462172,8
2.463168,11
2.464168,1
2.465172,11
2.466180,8
2.467172,2
2.468172,13
2.469168,6
2.470168,4
2.471172,14
2.472172,3
2.473172,7
2.474172,12
2.475172,1
2.476176,10
2.477172,10
2.478176,1
2.479176,12
2.480172,7
2.481176,3
2.482172,14
2.483176,4
2.484172,5
2.485172,13
2.486176,2
2.487176,8
2.488176,11
2.489172,1
2.493176,13
2.494172,6
2.495176,4
2.496172,14
2.497172,3
2.498176,7
2.499176,12
2.500176,1
2.501180,10
2.502176,10
2.503176,1
2.504176,12
2.505176,7
2.506176,3
2.507176,14
2.508176,4
2.509184,5
2.510180,13
2.511176,2
2.512180,8
2.513176,11
2.514176,1
2.515176,11
2.516180,8
2.517180,2
2.518176,13
2.519176,6
2.520180,4
2.521180,14
2.522180,3
2.523180,7
2.524180,12
2.525180,1
2.526184,10
2.527180,10
2.528184,1
2.529180,12
2.530184,7
2.531180,3
2.532184,14
2.533180,4
2.537184,8
2.538180,11
2.539184,1
2.540180,11
2.541180,8
2.542184,2
2.543184,13
2.544180,6
2.545180,4
2.546184,14
2.547184,3
2.548180,7
2.549184,12
2.550184,1
2.551184,10
2.552192,10
2.553180,1
2.554184,12
2.555184,7
2.556188,3
2.557188,14
2.558184,4
2.559184,5
2.560188,13
2.561184,2
2.562188,8
2.563184,11
2.564184,1
2.565184,11
2.566184,8
2.567188,2
2.568184,13
2.569184,6
2.570184,4
2.571184,14
2.572188,3
2.573188,7
2.574188,12
2.575188,1
2.576188,10
2.577188,10
2.578184,1
2.582188,14
2.583184,4
2.584188,5
2.585188,13
2.586188,2
2.587188,8
2.588188,11
2.589188,1
2.590188,11
2.591188,8
2.592188,2
2.593192,13
2.594192,6
2.595196,4
2.596188,14
2.597188,3
2.598192,7
2.599192,12
2.600188,1
2.601188,10
2.602192,10
2.603192,1
2.604188,12
2.605192,7
2.606192,3
2.607192,14
2.608192,4
2.609192,5
2.610192,13
2.611192,2
2.612188,8
2.613192,11
2.614192,1
2.615192,11
2.616192,8
2.617192,2
2.618196,13
2.619196,6
2.620196,4
2.621196,14
2.622192,3
2.626192,10
2.627192,10
2.628196,1
2.629196,12
2.630196,7
2.631196,3
2.632192,14
2.633196,4
2.634196,5
2.635196,13
2.636196,2
2.637192,8
2.638200,11
2.639192,1
2.640196,11
2.641196,8
2.642196,2
2.643200,13
2.644196,6
2.645196,4
2.646200,14
2.647200,3
2.648196,7
2.649196,12
2.650200,1
2.651200,10
2.652196,10
2.653196,1
2.654200,12
2.655196,7
2.656196,3
2.657196,14
2.658200,4
2.659196,5
2.660200,13
2.661200,2
2.662200,8
2.663196,11
2.664200,1
2.665200,11
2.666200,8
2.670200,4
2.671200,14
2.672204,3
2.673200,7
2.674200,12
2.675204,1
2.676204,10
2.677200,10
2.678200,1
2.679200,12
2.680200,7
2.681212,3
2.682200,14
2.683204,4
2.684200,5
2.685204,13
2.686200,2
2.687200,8
2.688200,11
2.689204,1
2.690204,11
2.691204,8
2.692200,2
2.693204,13
2.694200,6
2.695204,4
2.696208,14
2.697200,3
2.698208,7
2.699208,12
2.700204,1
2.701204,10
2.702204,10
2.703208,1
2.704204,12
2.705204,7
2.706204,3
2.707208,14
2.708204,4
2.709208,5
2.710208,13
2.714208,1
2.715208,11
2.716208,8
2.717208,2
2.718208,13
2.719208,6
2.720208,4
2.721208,14
2.722208,3
2.723208,7
2.724212,12
2.725208,1
2.726208,10
2.727208,10
2.728208,1
2.729208,12
2.730208,7
2.731212,3
2.732212,14
2.733212,4
2.734212,5
2.735208,13
2.736212,2
2.737212,8
2.738208,11
2.739208,1
2.740212,11
2.741208,8
2.742212,2
2.743208,13
2.744212,6
2.745208,4
2.746208,14
2.747212,3
2.748212,7
2.749212,12
2.750212,1
2.751212,10
2.752212,10
2.753212,1
2.754212,12
2.755216,7
2.759212,5
2.760216,13
2.761216,2
2.762216,8
2.763216,11
2.764212,1
2.765216,11
2.766216,8
2.767224,2
2.768212,13
2.769216,6
2.770216,4
2.771216,14
2.772216,3
2.773216,7
2.774216,12
2.775216,1
2.776212,10
2.777216,10
2.778216,1
2.779216,12
2.780216,7
2.781216,3
2.782216,14
2.783216,4
2.784216,5
2.785220,13
2.786216,2
2.787216,8
2.788220,11
2.789216,1
2.790216,11
2.791216,8
2.792216,2
2.793216,13
2.794216,6
2.795220,4
2.796220,14
2.797220,3
2.798220,7
2.799220,12
2.803216,1
2.804220,12
2.805220,7
2.806220,3
2.807224,14
2.808220,4
2.809224,5
2.810228,13
2.811224,2
2.812220,8
2.813220,11
2.814220,1
2.815224,11
2.816220,8
2.817220,2
2.818220,13
2.819220,6
2.820220,4
2.821220,14
2.822224,3
2.823220,7
2.824224,12
2.825224,1
2.826224,10
2.827224,10
2.828224,1
2.829224,12
2.830224,7
2.831224,3
2.832224,14
2.833224,4
2.834220,5
2.835224,13
2.836220,2
2.837224,8
2.838224,11
2.839224,1
2.840228,11
2.841224,8
2.842228,2
2.843224,13
2.856224,3
2.857228,14
2.858228,4
2.859228,5
2.860228,13
2.861228,2
2.862228,8
2.863228,11
2.864228,1
2.865232,11
2.866228,8
2.867228,2
2.868228,13
2.869232,6
2.870228,4
2.871232,14
2.872228,3
2.873232,7
2.874228,12
2.875228,1
2.876228,10
2.877232,10
2.878232,1
2.879228,12
2.880232,7
2.881232,3
2.882232,14
2.883232,4
2.884232,5
2.885228,13
2.886232,2
2.887228,8
2.888232,11
2.889232,1
2.890232,11
2.891236,8
2.892232,2
2.893232,13
2.894232,6
2.895236,4
2.896240,14
2.897236,3
2.901236,10
2.902236,10
2.903236,1
2.904236,12
2.905232,7
2.906236,3
2.907236,14
2.908236,4
2.909232,5
2.910232,13
2.911236,2
2.912236,8
2.913236,11
2.914236,1
2.915236,11
2.916236,8
2.917236,2
2.918232,13
2.919236,6
2.920236,4
2.921240,14
2.922236,3
2.923236,7
2.924240,12
2.925240,1
2.926240,10
2.927236,10
2.928236,1
2.929240,12
2.930236,7
2.931236,3
2.932236,14
2.933240,4
2.934236,5
2.935240,13
2.936240,2
2.937240,8
2.938248,11
2.939244,1
2.940236,11
2.941240,8
2.945240,4
2.946240,14
2.947240,3
2.948240,7
2.949240,12
2.950240,1
2.951244,10
2.952240,10
2.953244,1
2.954240,12
2.955240,7
2.956240,3
2.957244,14
2.958244,4
2.959244,5
2.960244,13
2.961240,2
2.962244,8
2.963240,11
2.964244,1
2.965240,11
2.966244,8
2.967244,2
2.968244,13
2.969244,6
2.970244,4
2.971244,14
2.972244,3
2.973248,7
2.974244,12
2.975248,1
2.976248,10
2.977244,10
2.978244,1
2.979244,12
2.980248,7
2.981248,3
2.982244,14
2.983244,4
2.984244,5
2.985244,13
2.989244,1
2.990248,11
2.991248,8
2.992248,2
2.993248,13
2.994248,6
2.995248,4
2.996248,14
2.997248,3
2.998248,7
2.999244,12
3.000248,1
3.001248,10
3.002248,10
3.003248,1
3.004248,12
3.005248,7
3.006252,3
3.007252,14
3.008248,4
3.009248,5
3.010248,13
3.011252,2
3.012248,8
3.013252,11
3.014248,1
3.015252,11
3.016248,8
3.017248,2
3.018252,13
3.019252,6
3.020248,4
3.021252,14
3.022252,3
3.023252,7
3.024256,12
3.025252,1
3.026252,10
3.027252,10
3.028248,1
3.029252,12
3.033252,4
3.034252,5
3.035252,13
3.036252,2
3.037252,8
3.038252,11
3.039252,1
3.040256,11
3.041256,8
3.042252,2
3.043252,13
3.044256,6
3.045256,4
3.046252,14
3.047252,3
3.048256,7
3.049252,12
3.050256,1
3.051256,10
3.052256,10
3.053256,1
3.054256,12
3.055260,7
3.056256,3
3.057256,14
3.058256,4
3.059256,5
3.060256,13
3.061256,2
3.062256,8
3.063256,11
3.064256,1
3.065256,11
3.066260,8
3.067264,2
3.068256,13
3.069256,6
3.070260,4
3.071260,14
3.072260,3
3.073256,7
3.074260,12
3.078260,1
3.079260,12
3.080260,7
3.081260,3
3.082260,14
3.083260,4
3.084260,5
3.085260,13
3.086260,2
3.087260,8
3.088260,11
3.089264,1
3.090260,11
3.091260,8
3.092264,2
3.093260,13
3.094264,6
3.095264,4
3.096260,14
3.097264,3
3.098260,7
3.099260,12
3.100260,1
3.101264,10
3.102260,10
3.103260,1
3.104260,12
3.105264,7
3.106264,3
3.107264,14
3.108264,4
3.109260,5
3.110268,13
3.111264,2
3.112264,8
3.113264,11
3.114264,1
3.115264,11
3.116264,8
3.117264,2
3.118264,13
3.122264,3
3.123268,7
3.124268,12
3.125264,1
3.126268,10
3.127264,10
3.128268,1
3.129264,12
3.130268,7
3.131264,3
3.132268,14
3.133268,4
3.134268,5
3.135268,13
3.136268,2
3.137268,8
3.138264,11
3.139268,1
3.140268,11
3.141268,8
3.142268,2
3.143268,13
3.144268,6
3.145272,4
3.146268,14
3.147268,3
3.148272,7
3.149272,12
3.150268,1
3.151268,10
3.152272,10
3.153276,1
3.154272,12
3.155272,7
3.156272,3
3.157272,14
3.158268,4
3.159272,5
3.160268,13
3.161272,2
3.162272,8
3.166272,8
3.167272,2
3.168276,13
3.169272,6
3.170272,4
3.171268,14
3.172272,3
3.173272,7
3.174272,12
3.175272,1
3.176276,10
3.177276,10
3.178276,1
3.179276,12
3.180272,7
3.181276,3
3.182276,14
3.183276,4
3.184272,5
3.185272,13
3.186276,2
3.187272,8
3.188276,11
3.189272,1
3.190276,11
3.191276,8
3.192276,2
3.193276,13
3.194276,6
3.195276,4
3.196284,14
3.197276,3
3.198272,7
3.199276,12
3.200276,1
3.201276,10
3.202276,10
3.203276,1
3.204276,12
3.205276,7
3.206276,3
3.207280,14
3.211280,2
3.212280,8
3.213280,11
3.214276,1
3.215276,11
3.216280,8
3.217276,2
3.218280,13
3.219280,6
3.220280,4
3.221280,14
3.222276,3
3.223280,7
3.224280,12
3.225280,1
3.226280,10
3.227284,10
3.228280,1
3.229280,12
3.230284,7
3.231280,3
3.232280,14
3.233280,4
3.234284,5
3.235284,13
3.236280,2
3.237280,8
3.238280,11
3.239288,1
3.240280,11
3.241280,8
3.242280,2
3.243284,13
3.244280,6
3.245284,4
3.246284,14
3.247284,3
3.248280,7
3.249280,12
3.250284,1
3.251284,10
3.255284,7
3.256288,3
3.257284,14
3.258284,4
3.259284,5
3.260288,13
3.261288,2
3.262284,8
3.263284,11
3.264288,1
3.265284,11
3.266284,8
3.267288,2
3.268288,13
3.269284,6
3.270284,4
3.271284,14
3.272288,3
3.273284,7
3.274288,12
3.275288,1
3.276288,10
3.277284,10
3.278288,1
3.279288,12
3.280288,7
3.281288,3
3.282292,14
3.283292,4
3.284288,5
3.285288,13
3.286288,2
3.287288,8
3.288292,11
3.289288,1
3.290288,11
3.291292,8
3.292292,2
3.293288,13
3.294292,6
3.295288,4
3.299292,12
3.300288,1
3.301292,10
3.302292,10
3.303292,1
3.304292,12
3.305288,7
3.306292,3
3.307288,14
3.308288,4
3.309292,5
3.310292,13
3.311292,2
3.312296,8
3.313296,11
3.314292,1
3.315292,11
3.316292,8
3.317292,2
3.318292,13
3.319292,6
3.320292,4
3.321296,14
3.322292,3
3.323296,7
3.324296,12
3.325300,1
3.326296,10
3.327296,10
3.328296,1
3.329296,12
3.330296,7
3.331296,3
3.332296,14
3.333296,4
3.334296,5
3.335300,13
3.336296,2
3.337296,8
3.338300,11
3.339300,1
3.340296,11
3.344300,6
3.345300,4
3.346296,14
3.347296,3
3.348296,7
3.349296,12
3.350300,1
3.351296,10
3.352296,10
3.353300,1
3.354300,12
3.355296,7
3.356296,3
3.357300,14
3.358300,4
3.359300,5
3.360300,13
3.361300,2
3.362300,8
3.363300,11
3.364300,1
3.365300,11
3.366300,8
3.367304,2
3.368308,13
3.369300,6
3.370300,4
3.371300,14
3.372300,3
3.373300,7
3.374304,12
3.375304,1
3.376304,10
3.377300,10
3.378300,1
3.379300,12
3.380304,7
3.381300,3
3.382300,14
3.383300,4
3.384304,5
3.388300,11
3.389304,1
3.390300,11
3.391304,8
3.392304,2
3.393300,13
3.394308,6
3.395304,4
3.396304,14
3.397308,3
3.398304,7
3.399304,12
3.400308,1
3.401304,10
3.402304,10
3.403308,1
3.404304,12
3.405308,7
3.406304,3
3.407308,14
3.408308,4
3.409308,5
3.410308,13
3.411312,2
3.412304,8
3.413304,11
3.414308,1
3.415304,11
3.416308,8
3.417308,2
3.418308,13
3.419308,6
3.420308,4
3.421308,14
3.422308,3
3.423308,7
3.424308,12
3.425312,1
3.426308,10
3.427308,10
3.428308,1
3.432308,14
3.433308,4
3.434308,5
3.435312,13
3.436312,2
3.437308,8
3.438312,11
3.439312,1
3.440312,11
3.441312,8
3.442312,2
3.443308,13
3.444312,6
3.445312,4
3.446312,14
3.447312,3
3.448312,7
3.449308,12
3.450316,1
3.451312,10
3.452312,10
3.453316,1
3.454320,12
3.455312,7
3.456312,3
3.457312,14
3.458312,4
3.459312,5
3.460312,13
3.461316,2
3.462316,8
3.463316,11
3.464316,1
3.465316,11
3.466316,8
3.467316,2
3.468312,13
3.469316,6
3.470316,4
3.471312,14
3.472316,3
3.476316,10
3.477316,10
3.478316,1
3.479316,12
3.480316,7
3.481316,3
3.482316,14
3.483320,4
3.484316,5
3.485320,13
3.486316,2
3.487316,8
3.488316,11
3.489316,1
3.490316,11
3.491320,8
3.492316,2
3.493316,13
3.494316,6
3.495320,4
3.496324,14
3.497316,3
3.498320,7
3.499316,12
3.500320,1
3.501316,10
3.502320,10
3.503324,1
3.504320,12
3.505320,7
3.506324,3
3.507320,14
3.508320,4
3.509324,5
3.510320,13
3.511324,2
3.512320,8
3.513320,11
3.514320,1
3.515324,11
3.516324,8
3.517324,2
3.521320,14
3.522320,3
3.523320,7
3.524324,12
3.525324,1
3.526324,10
3.527324,10
3.528320,1
3.529324,12
3.530324,7
3.531324,3
3.532328,14
3.533324,4
3.534328,5
3.535324,13
3.536324,2
3.537324,8
3.538324,11
3.539332,1
3.540324,11
3.541328,8
3.542328,2
3.543328,13
3.544328,6
3.545328,4
3.546324,14
3.547328,3
3.548324,7
3.549328,12
3.550328,1
3.551328,10
3.552328,10
3.553328,1
3.554324,12
3.555328,7
3.556324,3
3.557328,14
3.558328,4
3.559328,5
3.560328,13
3.561328,2
3.565328,11
3.566328,8
3.567328,2
3.568328,13
3.569328,6
3.570328,4
3.571332,14
3.572332,3
3.573332,7
3.574332,12
3.575328,1
3.576328,10
3.577328,10
3.578332,1
3.579328,12
3.580332,7
3.581332,3
3.582336,14
3.583332,4
3.584328,5
3.585332,13
3.586332,2
3.587332,8
3.588332,11
3.589332,1
3.590328,11
3.591336,8
3.592332,2
3.593332,13
3.594336,6
3.595332,4
3.596336,14
3.597332,3
3.598336,7
3.599332,12
3.600332,1
3.601332,10
3.602336,10
3.603336,1
3.604336,12
3.605336,7
3.609332,5
3.610336,13
3.611336,2
3.612336,8
3.613336,11
3.614336,1
3.615336,11
3.616332,8
3.617336,2
3.618336,13
3.619340,6
3.620340,4
3.621336,14
3.622336,3
3.623336,7
3.624336,12
3.625344,1
3.626336,10
3.627336,10
3.628340,1
3.629340,12
3.630340,7
3.631340,3
3.632340,14
3.633340,4
3.634340,5
3.635336,13
3.636340,2
3.637340,8
3.638340,11
3.639340,1
3.640340,11
3.641340,8
3.642344,2
3.643344,13
3.644340,6
3.645340,4
3.646340,14
3.647340,3
3.648340,7
3.649340,12
3.650344,1
3.655340,7
3.656340,3
3.657340,14
3.658344,4
3.659344,5
3.660340,13
3.661340,2
3.662340,8
3.663340,11
3.664340,1
3.665340,11
3.666344,8
3.667344,2
3.668352,13
3.669340,6
3.670344,4
3.671344,14
3.672344,3
3.673344,7
3.674344,12
3.675340,1
3.676344,10
3.677344,10
3.678348,1
3.679344,12
3.680344,7
3.681348,3
3.682344,14
3.683344,4
3.684348,5
3.685348,13
3.686344,2
3.687344,8
3.688348,11
3.689348,1
3.690348,11
3.691348,8
3.692348,2
3.693348,13
3.694348,6
3.695348,4
3.699348,12
3.700348,1
3.701348,10
3.702348,10
3.703348,1
3.704352,12
3.705348,7
3.706348,3
3.707352,14
3.708348,4
3.709348,5
3.710352,13
3.711356,2
3.712352,8
3.713348,11
3.714352,1
3.715352,11
3.716348,8
3.717352,2
3.718352,13
3.719352,6
3.720348,4
3.721348,14
3.722352,3
3.723352,7
3.724352,12
3.725352,1
3.726352,10
3.727352,10
3.728348,1
3.729356,12
3.730352,7
3.731356,3
3.732352,14
3.733352,4
3.734352,5
3.735352,13
3.736352,2
3.737352,8
3.738356,11
3.739352,1
3.743352,13
3.744356,6
3.745352,4
3.746356,14
3.747356,3
3.748356,7
3.749356,12
3.750352,1
3.751352,10
3.752356,10
3.753356,1
3.754364,12
3.755360,7
3.756356,3
3.757356,14
3.758356,4
3.759356,5
3.760360,13
3.761356,2
3.762360,8
3.763360,11
3.764356,1
3.765356,11
3.766356,8
3.767360,2
3.768356,13
3.769356,6
3.770356,4
3.771360,14
3.772360,3
3.773360,7
3.774360,12
3.775360,1
3.776356,10
3.777360,10
3.778356,1
3.779360,12
3.780360,7
3.781356,3
3.782360,14
3.783360,4
3.787364,8
3.788360,11
3.789360,1
3.790360,11
3.791360,8
3.792360,2
3.793364,13
3.794360,6
3.795360,4
3.796364,14
3.797368,3
3.798360,7
3.799360,12
3.800364,1
3.801360,10
3.802360,10
3.803360,1
3.804364,12
3.805364,7
3.806364,3
3.807364,14
3.808364,4
3.809364,5
3.810364,13
3.811364,2
3.812364,8
3.813364,11
3.814364,1
3.815364,11
3.816364,8
3.817368,2
3.818368,13
3.819364,6
3.820364,4
3.821364,14
3.822368,3
3.823364,7
3.824368,12
3.825364,1
3.826368,10
3.827364,10
3.828364,1
3.832364,14
3.833368,4
3.834368,5
3.835368,13
3.836364,2
3.837368,8
3.838364,11
3.839368,1
3.840376,11
3.841368,8
3.842368,2
3.843368,13
3.844368,6
3.845368,4
3.846372,14
3.847372,3
3.848372,7
3.849368,12
3.850372,1
3.851372,10
3.852368,10
3.853372,1
3.854368,12
3.855372,7
3.856372,3
3.857372,14
3.858372,4
3.859372,5
3.860372,13
3.861372,2
3.862368,8
3.863368,11
3.864372,1
3.865372,11
3.866372,8
3.867372,2
3.868372,13
3.869372,6
3.870372,4
3.871376,14
3.872372,3
3.876372,10
3.877372,10
3.878372,1
3.879372,12
3.880372,7
3.881372,3
3.882372,14
3.883376,4
3.884372,5
3.885372,13
3.886376,2
3.887372,8
3.888376,11
3.889376,1
3.890376,11
3.891376,8
3.892372,2
3.893376,13
3.894376,6
3.895372,4
3.896376,14
3.897376,3
3.898380,7
3.899376,12
3.900376,1
3.901380,10
3.902380,10
3.903376,1
3.904380,12
3.905376,7
3.906376,3
3.907380,14
3.908380,4
3.909376,5
3.910376,13
3.911380,2
3.912380,8
3.913380,11
3.914376,1
3.915380,11
3.916380,8
3.920380,4
3.921380,14
3.922384,3
3.923380,7
3.924380,12
3.925380,1
3.926388,10
3.927380,10
3.928380,1
3.929380,12
3.930380,7
3.931380,3
3.932380,14
3.933380,4
3.934380,5
3.935384,13
3.936380,2
3.937384,8
3.938384,11
3.939384,1
3.940384,11
3.941384,8
3.942384,2
3.943380,13
3.944380,6
3.945384,4
3.946384,14
3.947380,3
3.948384,7
3.949380,12
3.950384,1
3.951384,10
3.952384,10
3.953384,1
3.954384,12
3.955384,7
3.956384,3
3.957384,14
3.958384,4
3.959384,5
3.960384,13
3.961384,2
3.965384,11
3.966384,8
3.967384,2
3.968388,13
3.969392,6
3.970388,4
3.971388,14
3.972388,3
3.973388,7
3.974388,12
3.975388,1
3.976388,10
3.977388,10
3.978384,1
3.979388,12
3.980388,7
3.981388,3
3.982388,14
3.983388,4
3.984388,5
3.985388,13
3.986392,2
3.987388,8
3.988388,11
3.989392,1
3.990392,11
3.991388,8
3.992392,2
3.993392,13
3.994388,6
3.995388,4
3.996388,14
3.997392,3
3.998388,7
3.999392,12
4.000392,1
4.001392,10
4.002388,10
4.003388,1
4.004392,12
4.005392,7
4.009396,5
4.010392,13
4.011400,2
4.012396,8
4.013396,11
4.014392,1
4.015392,11
4.016392,8
4.017396,2
4.018392,13
4.019392,6
4.020392,4
4.021392,14
4.022396,3
4.023392,7
4.024396,12
4.025392,1
4.026396,10
4.027392,10
4.028396,1
4.029396,12
4.030396,7
4.031396,3
4.032396,14
4.033396,4
4.034392,5
4.035396,13
4.036396,2
4.037396,8
4.038396,11
4.039396,1
4.040396,11
4.041396,8
4.042396,2
4.043400,13
4.044396,6
4.045396,4
4.046396,14
4.047396,3
4.048400,7
4.049400,12
4.053396,1
4.054404,12
4.055404,7
4.056400,3
4.057396,14
4.058396,4
4.059400,5
4.060400,13
4.061400,2
