Record Length,2.500000e+03,,   0.039962800000,   0.16000,
Sample Interval,4.000000e-08,,   0.039962840000,   0.12000,
Trigger Point,-9.990700000000e+05,,   0.039962880000,   0.16000,
,,,   0.039962920000,   0.12000,
,,,   0.039962960000,   0.12000,
,,,   0.039963000000,   0.12000,
Source,CH2,,   0.039963040000,   0.12000,
Vertical Units,V,,   0.039963080000,   0.16000,
Vertical Scale,1.000000e+00,,   0.039963120000,   0.12000,
Vertical Offset,-2.960000e+00,,   0.039963160000,   0.16000,
Horizontal Units,s,,   0.039963200000,   0.16000,
Horizontal Scale,1.000000e-05,,   0.039963240000,   0.12000,
Pt Fmt,Y,,   0.039963280000,   0.16000,
Yzero,0.000000e+00,,   0.039963320000,   0.16000,
Probe Atten,1.000000e+01,,   0.039963360000,   0.16000,
Model Number,TBS1104,,   0.039963400000,   0.16000,
Serial Number,C014641,,   0.039963440000,   0.16000,
Firmware Version,FV:v26.05,,   0.039963480000,   0.20000,
,,,0.039963520000,   0.20000,
,,,0.039963560000,   0.16000,
,,,0.039963600000,   0.12000,
,,,0.039963640000,   0.12000,
,,,0.039963680000,   0.12000,
,,,0.039963720000,   0.16000,
,,,0.039963760000,   0.16000,
,,,0.039963800000,   0.16000,
,,,0.039963840000,   0.16000,
,,,0.039963880000,   0.16000,
,,,0.039963920000,   0.16000,
,,,0.039963960000,   0.16000,
,,,0.039964000000,   0.16000,
,,,0.039964040000,   0.16000,
,,,0.039964080000,   0.12000,
,,,0.039964120000,   0.12000,
,,,0.039964160000,   0.12000,
,,,0.039964200000,   0.16000,
,,,0.039964240000,   0.12000,
,,,0.039964280000,   0.20000,
,,,0.039964320000,   0.16000,
,,,0.039964360000,   0.12000,
,,,0.039964400000,   0.20000,
,,,0.039964440000,   0.12000,
,,,0.039964480000,   0.12000,
,,,0.039964520000,   0.12000,
,,,0.039964560000,   0.12000,
,,,0.039964600000,   0.16000,
,,,0.039964640000,   0.16000,
,,,0.039964680000,   0.20000,
,,,0.039964720000,   0.16000,
,,,0.039964760000,   0.16000,
,,,0.039964800000,   0.20000,
,,,0.039964840000,   0.16000,
,,,0.039964880000,   0.20000,
,,,0.039964920000,   0.16000,
,,,0.039964960000,   0.16000,
,,,0.039965000000,   0.12000,
,,,0.039965040000,   0.16000,
,,,0.039965080000,   0.12000,
,,,0.039965120000,   0.16000,
,,,0.039965160000,   0.12000,
,,,0.039965200000,   0.16000,
,,,0.039965240000,   0.12000,
,,,0.039965280000,   0.12000,
,,,0.039965320000,   0.12000,
,,,0.039965360000,   0.20000,
,,,0.039965400000,   0.12000,
,,,0.039965440000,   0.16000,
,,,0.039965480000,   0.12000,
,,,0.039965520000,   0.12000,
,,,0.039965560000,   0.16000,
,,,0.039965600000,   0.12000,
,,,0.039965640000,   0.12000,
,,,0.039965680000,   0.12000,
,,,0.039965720000,   0.16000,
,,,0.039965760000,   0.16000,
,,,0.039965800000,   0.20000,
,,,0.039965840000,   0.12000,
,,,0.039965880000,   0.16000,
,,,0.039965920000,   0.12000,
,,,0.039965960000,   0.16000,
,,,0.039966000000,   0.16000,
,,,0.039966040000,   0.16000,
,,,0.039966080000,   0.12000,
,,,0.039966120000,   0.12000,
,,,0.039966160000,   0.12000,
,,,0.039966200000,   0.12000,
,,,0.039966240000,   0.12000,
,,,0.039966280000,   0.12000,
,,,0.039966320000,   0.12000,
,,,0.039966360000,   0.20000,
,,,0.039966400000,   0.12000,
,,,0.039966440000,   0.20000,
,,,0.039966480000,   0.16000,
,,,0.039966520000,   0.12000,
,,,0.039966560000,   0.16000,
,,,0.039966600000,   0.12000,
,,,0.039966640000,   0.16000,
,,,0.039966680000,   0.16000,
,,,0.039966720000,   0.16000,
,,,0.039966760000,   0.12000,
,,,0.039966800000,   0.12000,
,,,0.039966840000,   0.16000,
,,,0.039966880000,   0.16000,
,,,0.039966920000,   0.20000,
,,,0.039966960000,   0.12000,
,,,0.039967000000,   0.12000,
,,,0.039967040000,   0.16000,
,,,0.039967080000,   0.12000,
,,,0.039967120000,   0.16000,
,,,0.039967160000,   0.12000,
,,,0.039967200000,   0.16000,
,,,0.039967240000,   0.12000,
,,,0.039967280000,   0.12000,
,,,0.039967320000,   0.12000,
,,,0.039967360000,   0.12000,
,,,0.039967400000,   0.12000,
,,,0.039967440000,   0.20000,
,,,0.039967480000,   0.16000,
,,,0.039967520000,   0.16000,
,,,0.039967560000,   0.12000,
,,,0.039967600000,   0.12000,
,,,0.039967640000,   0.08000,
,,,0.039967680000,   0.24000,
,,,0.039967720000,   0.12000,
,,,0.039967760000,   0.16000,
,,,0.039967800000,   0.12000,
,,,0.039967840000,   0.12000,
,,,0.039967880000,   0.16000,
,,,0.039967920000,   0.12000,
,,,0.039967960000,   0.20000,
,,,0.039968000000,   0.16000,
,,,0.039968040000,   0.16000,
,,,0.039968080000,   0.16000,
,,,0.039968120000,   0.16000,
,,,0.039968160000,   0.12000,
,,,0.039968200000,   0.16000,
,,,0.039968240000,   0.16000,
,,,0.039968280000,   0.16000,
,,,0.039968320000,   0.16000,
,,,0.039968360000,   0.16000,
,,,0.039968400000,   0.08000,
,,,0.039968440000,   0.16000,
,,,0.039968480000,   0.28000,
,,,0.039968520000,   0.24000,
,,,0.039968560000,   0.16000,
,,,0.039968600000,   0.12000,
,,,0.039968640000,   0.16000,
,,,0.039968680000,   0.12000,
,,,0.039968720000,   0.16000,
,,,0.039968760000,   0.16000,
,,,0.039968800000,   0.12000,
,,,0.039968840000,   0.12000,
,,,0.039968880000,   0.16000,
,,,0.039968920000,   0.08000,
,,,0.039968960000,   0.16000,
,,,0.039969000000,   0.16000,
,,,0.039969040000,   0.12000,
,,,0.039969080000,   0.16000,
,,,0.039969120000,   0.16000,
,,,0.039969160000,   0.12000,
,,,0.039969200000,   0.12000,
,,,0.039969240000,   0.16000,
,,,0.039969280000,   0.12000,
,,,0.039969320000,   0.16000,
,,,0.039969360000,   0.12000,
,,,0.039969400000,   0.20000,
,,,0.039969440000,   0.12000,
,,,0.039969480000,   0.20000,
,,,0.039969520000,   0.12000,
,,,0.039969560000,   0.12000,
,,,0.039969600000,   0.16000,
,,,0.039969640000,   0.12000,
,,,0.039969680000,   0.16000,
,,,0.039969720000,   0.12000,
,,,0.039969760000,   0.20000,
,,,0.039969800000,   0.12000,
,,,0.039969840000,   0.16000,
,,,0.039969880000,   0.16000,
,,,0.039969920000,   0.16000,
,,,0.039969960000,   0.20000,
,,,0.039970000000,   0.16000,
,,,0.039970040000,   0.16000,
,,,0.039970080000,   0.16000,
,,,0.039970120000,   0.16000,
,,,0.039970160000,   0.16000,
,,,0.039970200000,   0.20000,
,,,0.039970240000,   0.16000,
,,,0.039970280000,   0.12000,
,,,0.039970320000,   0.16000,
,,,0.039970360000,   0.16000,
,,,0.039970400000,   0.20000,
,,,0.039970440000,   0.20000,
,,,0.039970480000,   0.12000,
,,,0.039970520000,   0.16000,
,,,0.039970560000,   0.08000,
,,,0.039970600000,   0.20000,
,,,0.039970640000,   0.12000,
,,,0.039970680000,   0.12000,
,,,0.039970720000,   0.16000,
,,,0.039970760000,   0.12000,
,,,0.039970800000,   0.12000,
,,,0.039970840000,   0.12000,
,,,0.039970880000,   0.12000,
,,,0.039970920000,   0.12000,
,,,0.039970960000,   0.12000,
,,,0.039971000000,   0.16000,
,,,0.039971040000,   0.08000,
,,,0.039971080000,   0.16000,
,,,0.039971120000,   0.16000,
,,,0.039971160000,   0.16000,
,,,0.039971200000,   0.12000,
,,,0.039971240000,   0.16000,
,,,0.039971280000,   0.20000,
,,,0.039971320000,   0.16000,
,,,0.039971360000,   0.12000,
,,,0.039971400000,   0.16000,
,,,0.039971440000,   0.16000,
,,,0.039971480000,   0.20000,
,,,0.039971520000,   0.08000,
,,,0.039971560000,   0.12000,
,,,0.039971600000,   0.16000,
,,,0.039971640000,   0.16000,
,,,0.039971680000,   0.16000,
,,,0.039971720000,   0.20000,
,,,0.039971760000,   0.16000,
,,,0.039971800000,   0.08000,
,,,0.039971840000,   0.16000,
,,,0.039971880000,   0.16000,
,,,0.039971920000,   0.16000,
,,,0.039971960000,   0.16000,
,,,0.039972000000,   0.16000,
,,,0.039972040000,   0.16000,
,,,0.039972080000,   0.12000,
,,,0.039972120000,   0.12000,
,,,0.039972160000,   0.16000,
,,,0.039972200000,   0.16000,
,,,0.039972240000,   0.12000,
,,,0.039972280000,   0.16000,
,,,0.039972320000,   0.16000,
,,,0.039972360000,   0.16000,
,,,0.039972400000,   0.16000,
,,,0.039972440000,   0.16000,
,,,0.039972480000,   0.12000,
,,,0.039972520000,   0.16000,
,,,0.039972560000,   0.16000,
,,,0.039972600000,   0.20000,
,,,0.039972640000,   0.16000,
,,,0.039972680000,   0.20000,
,,,0.039972720000,   0.20000,
,,,0.039972760000,   0.12000,
,,,0.039972800000,   0.12000,
,,,0.039972840000,   0.16000,
,,,0.039972880000,   0.16000,
,,,0.039972920000,   0.16000,
,,,0.039972960000,   0.16000,
,,,0.039973000000,   0.16000,
,,,0.039973040000,   0.12000,
,,,0.039973080000,   0.16000,
,,,0.039973120000,   0.12000,
,,,0.039973160000,   0.12000,
,,,0.039973200000,   0.12000,
,,,0.039973240000,   0.16000,
,,,0.039973280000,   0.12000,
,,,0.039973320000,   0.12000,
,,,0.039973360000,   0.16000,
,,,0.039973400000,   0.12000,
,,,0.039973440000,   0.20000,
,,,0.039973480000,   0.08000,
,,,0.039973520000,   0.16000,
,,,0.039973560000,   0.12000,
,,,0.039973600000,   0.16000,
,,,0.039973640000,   0.16000,
,,,0.039973680000,   0.16000,
,,,0.039973720000,   0.24000,
,,,0.039973760000,   0.16000,
,,,0.039973800000,   0.16000,
,,,0.039973840000,   0.12000,
,,,0.039973880000,   0.16000,
,,,0.039973920000,   0.20000,
,,,0.039973960000,   0.16000,
,,,0.039974000000,   0.16000,
,,,0.039974040000,   0.16000,
,,,0.039974080000,   0.16000,
,,,0.039974120000,   0.16000,
,,,0.039974160000,   0.20000,
,,,0.039974200000,   0.16000,
,,,0.039974240000,   0.12000,
,,,0.039974280000,   0.20000,
,,,0.039974320000,   0.16000,
,,,0.039974360000,   0.16000,
,,,0.039974400000,   0.20000,
,,,0.039974440000,   0.16000,
,,,0.039974480000,   0.16000,
,,,0.039974520000,   0.12000,
,,,0.039974560000,   0.20000,
,,,0.039974600000,   0.16000,
,,,0.039974640000,   0.16000,
,,,0.039974680000,   0.24000,
,,,0.039974720000,   0.68000,
,,,0.039974760000,   1.28000,
,,,0.039974800000,   0.20000,
,,,0.039974840000,   1.16000,
,,,0.039974880000,   1.40000,
,,,0.039974920000,   0.28000,
,,,0.039974960000,   0.72000,
,,,0.039975000000,   1.68000,
,,,0.039975040000,   0.68000,
,,,0.039975080000,   0.24000,
,,,0.039975120000,   1.60000,
,,,0.039975160000,   1.20000,
,,,0.039975200000,   0.32000,
,,,0.039975240000,   0.88000,
,,,0.039975280000,   1.76000,
,,,0.039975320000,   0.68000,
,,,0.039975360000,   0.28000,
,,,0.039975400000,   1.60000,
,,,0.039975440000,   1.36000,
,,,0.039975480000,   0.36000,
,,,0.039975520000,   0.84000,
,,,0.039975560000,   1.88000,
,,,0.039975600000,   0.88000,
,,,0.039975640000,   0.72000,
,,,0.039975680000,   3.92000,
,,,0.039975720000,   4.08000,
,,,0.039975760000,   4.20000,
,,,0.039975800000,   4.28000,
,,,0.039975840000,   4.28000,
,,,0.039975880000,   4.36000,
,,,0.039975920000,   4.32000,
,,,0.039975960000,   4.36000,
,,,0.039976000000,   4.36000,
,,,0.039976040000,   4.36000,
,,,0.039976080000,   4.40000,
,,,0.039976120000,   4.40000,
,,,0.039976160000,   4.40000,
,,,0.039976200000,   4.40000,
,,,0.039976240000,   4.40000,
,,,0.039976280000,   4.36000,
,,,0.039976320000,   4.40000,
,,,0.039976360000,   4.40000,
,,,0.039976400000,   4.40000,
,,,0.039976440000,   4.40000,
,,,0.039976480000,   4.40000,
,,,0.039976520000,   4.36000,
,,,0.039976560000,   4.40000,
,,,0.039976600000,   4.40000,
,,,0.039976640000,   4.44000,
,,,0.039976680000,   4.36000,
,,,0.039976720000,   4.40000,
,,,0.039976760000,   4.40000,
,,,0.039976800000,   4.40000,
,,,0.039976840000,   4.36000,
,,,0.039976880000,   4.40000,
,,,0.039976920000,   4.44000,
,,,0.039976960000,   4.40000,
,,,0.039977000000,   4.40000,
,,,0.039977040000,   4.40000,
,,,0.039977080000,   4.44000,
,,,0.039977120000,   4.36000,
,,,0.039977160000,   4.44000,
,,,0.039977200000,   4.44000,
,,,0.039977240000,   4.40000,
,,,0.039977280000,   4.40000,
,,,0.039977320000,   4.44000,
,,,0.039977360000,   4.44000,
,,,0.039977400000,   4.40000,
,,,0.039977440000,   4.44000,
,,,0.039977480000,   4.40000,
,,,0.039977520000,   4.40000,
,,,0.039977560000,   4.40000,
,,,0.039977600000,   4.44000,
,,,0.039977640000,   4.44000,
,,,0.039977680000,   4.44000,
,,,0.039977720000,   4.40000,
,,,0.039977760000,   4.44000,
,,,0.039977800000,   4.40000,
,,,0.039977840000,   4.44000,
,,,0.039977880000,   4.40000,
,,,0.039977920000,   4.44000,
,,,0.039977960000,   4.44000,
,,,0.039978000000,   4.40000,
,,,0.039978040000,   4.48000,
,,,0.039978080000,   4.40000,
,,,0.039978120000,   4.40000,
,,,0.039978160000,   4.44000,
,,,0.039978200000,   4.44000,
,,,0.039978240000,   4.40000,
,,,0.039978280000,   4.40000,
,,,0.039978320000,   4.44000,
,,,0.039978360000,   4.44000,
,,,0.039978400000,   4.44000,
,,,0.039978440000,   4.40000,
,,,0.039978480000,   4.44000,
,,,0.039978520000,   4.48000,
,,,0.039978560000,   4.44000,
,,,0.039978600000,   4.44000,
,,,0.039978640000,   4.44000,
,,,0.039978680000,   4.44000,
,,,0.039978720000,   4.40000,
,,,0.039978760000,   4.44000,
,,,0.039978800000,   4.40000,
,,,0.039978840000,   4.40000,
,,,0.039978880000,   4.44000,
,,,0.039978920000,   4.44000,
,,,0.039978960000,   4.40000,
,,,0.039979000000,   4.40000,
,,,0.039979040000,   4.44000,
,,,0.039979080000,   4.36000,
,,,0.039979120000,   4.36000,
,,,0.039979160000,   4.40000,
,,,0.039979200000,   4.40000,
,,,0.039979240000,   4.44000,
,,,0.039979280000,   4.44000,
,,,0.039979320000,   4.40000,
,,,0.039979360000,   4.40000,
,,,0.039979400000,   4.44000,
,,,0.039979440000,   4.40000,
,,,0.039979480000,   4.40000,
,,,0.039979520000,   4.44000,
,,,0.039979560000,   4.44000,
,,,0.039979600000,   4.44000,
,,,0.039979640000,   4.44000,
,,,0.039979680000,   4.40000,
,,,0.039979720000,   4.44000,
,,,0.039979760000,   4.44000,
,,,0.039979800000,   4.44000,
,,,0.039979840000,   4.44000,
,,,0.039979880000,   4.40000,
,,,0.039979920000,   4.44000,
,,,0.039979960000,   4.44000,
,,,0.039980000000,   4.44000,
,,,0.039980040000,   4.40000,
,,,0.039980080000,   4.40000,
,,,0.039980120000,   4.40000,
,,,0.039980160000,   4.48000,
,,,0.039980200000,   4.44000,
,,,0.039980240000,   4.44000,
,,,0.039980280000,   4.44000,
,,,0.039980320000,   4.44000,
,,,0.039980360000,   4.44000,
,,,0.039980400000,   4.44000,
,,,0.039980440000,   4.44000,
,,,0.039980480000,   4.40000,
,,,0.039980520000,   4.44000,
,,,0.039980560000,   4.36000,
,,,0.039980600000,   4.44000,
,,,0.039980640000,   4.44000,
,,,0.039980680000,   4.44000,
,,,0.039980720000,   4.40000,
,,,0.039980760000,   4.44000,
,,,0.039980800000,   4.40000,
,,,0.039980840000,   4.44000,
,,,0.039980880000,   4.52000,
,,,0.039980920000,   4.44000,
,,,0.039980960000,   4.40000,
,,,0.039981000000,   4.40000,
,,,0.039981040000,   4.44000,
,,,0.039981080000,   4.40000,
,,,0.039981120000,   4.40000,
,,,0.039981160000,   4.40000,
,,,0.039981200000,   4.44000,
,,,0.039981240000,   4.44000,
,,,0.039981280000,   4.44000,
,,,0.039981320000,   4.44000,
,,,0.039981360000,   4.40000,
,,,0.039981400000,   4.44000,
,,,0.039981440000,   4.40000,
,,,0.039981480000,   4.40000,
,,,0.039981520000,   4.40000,
,,,0.039981560000,   4.40000,
,,,0.039981600000,   4.48000,
,,,0.039981640000,   4.48000,
,,,0.039981680000,   4.44000,
,,,0.039981720000,   4.48000,
,,,0.039981760000,   4.40000,
,,,0.039981800000,   4.48000,
,,,0.039981840000,   4.44000,
,,,0.039981880000,   4.44000,
,,,0.039981920000,   4.44000,
,,,0.039981960000,   4.40000,
,,,0.039982000000,   4.48000,
,,,0.039982040000,   4.44000,
,,,0.039982080000,   4.44000,
,,,0.039982120000,   4.40000,
,,,0.039982160000,   4.44000,
,,,0.039982200000,   4.44000,
,,,0.039982240000,   4.44000,
,,,0.039982280000,   4.44000,
,,,0.039982320000,   4.44000,
,,,0.039982360000,   4.44000,
,,,0.039982400000,   4.44000,
,,,0.039982440000,   4.44000,
,,,0.039982480000,   4.48000,
,,,0.039982520000,   4.44000,
,,,0.039982560000,   4.44000,
,,,0.039982600000,   4.40000,
,,,0.039982640000,   4.48000,
,,,0.039982680000,   4.44000,
,,,0.039982720000,   4.44000,
,,,0.039982760000,   4.44000,
,,,0.039982800000,   4.44000,
,,,0.039982840000,   4.44000,
,,,0.039982880000,   4.44000,
,,,0.039982920000,   4.44000,
,,,0.039982960000,   4.40000,
,,,0.039983000000,   4.48000,
,,,0.039983040000,   4.40000,
,,,0.039983080000,   4.36000,
,,,0.039983120000,   4.40000,
,,,0.039983160000,   4.44000,
,,,0.039983200000,   4.44000,
,,,0.039983240000,   4.44000,
,,,0.039983280000,   4.44000,
,,,0.039983320000,   4.44000,
,,,0.039983360000,   4.44000,
,,,0.039983400000,   4.40000,
,,,0.039983440000,   4.48000,
,,,0.039983480000,   4.48000,
,,,0.039983520000,   4.44000,
,,,0.039983560000,   4.44000,
,,,0.039983600000,   4.44000,
,,,0.039983640000,   4.44000,
,,,0.039983680000,   4.48000,
,,,0.039983720000,   4.44000,
,,,0.039983760000,   4.44000,
,,,0.039983800000,   4.44000,
,,,0.039983840000,   4.44000,
,,,0.039983880000,   4.44000,
,,,0.039983920000,   4.40000,
,,,0.039983960000,   4.48000,
,,,0.039984000000,   4.44000,
,,,0.039984040000,   4.44000,
,,,0.039984080000,   4.40000,
,,,0.039984120000,   4.44000,
,,,0.039984160000,   4.48000,
,,,0.039984200000,   4.44000,
,,,0.039984240000,   4.40000,
,,,0.039984280000,   4.44000,
,,,0.039984320000,   4.44000,
,,,0.039984360000,   4.44000,
,,,0.039984400000,   4.44000,
,,,0.039984440000,   4.44000,
,,,0.039984480000,   4.44000,
,,,0.039984520000,   4.48000,
,,,0.039984560000,   4.44000,
,,,0.039984600000,   4.44000,
,,,0.039984640000,   4.44000,
,,,0.039984680000,   4.44000,
,,,0.039984720000,   4.44000,
,,,0.039984760000,   4.44000,
,,,0.039984800000,   4.44000,
,,,0.039984840000,   4.48000,
,,,0.039984880000,   4.44000,
,,,0.039984920000,   4.44000,
,,,0.039984960000,   4.40000,
,,,0.039985000000,   4.44000,
,,,0.039985040000,   4.40000,
,,,0.039985080000,   4.44000,
,,,0.039985120000,   4.44000,
,,,0.039985160000,   4.44000,
,,,0.039985200000,   4.44000,
,,,0.039985240000,   4.44000,
,,,0.039985280000,   4.44000,
,,,0.039985320000,   4.40000,
,,,0.039985360000,   4.44000,
,,,0.039985400000,   4.40000,
,,,0.039985440000,   4.48000,
,,,0.039985480000,   4.40000,
,,,0.039985520000,   4.40000,
,,,0.039985560000,   4.48000,
,,,0.039985600000,   4.48000,
,,,0.039985640000,   4.44000,
,,,0.039985680000,   4.48000,
,,,0.039985720000,   4.40000,
,,,0.039985760000,   4.44000,
,,,0.039985800000,   4.44000,
,,,0.039985840000,   4.44000,
,,,0.039985880000,   4.40000,
,,,0.039985920000,   4.44000,
,,,0.039985960000,   4.40000,
,,,0.039986000000,   4.40000,
,,,0.039986040000,   4.44000,
,,,0.039986080000,   4.44000,
,,,0.039986120000,   4.44000,
,,,0.039986160000,   4.44000,
,,,0.039986200000,   4.44000,
,,,0.039986240000,   4.44000,
,,,0.039986280000,   4.48000,
,,,0.039986320000,   4.44000,
,,,0.039986360000,   4.44000,
,,,0.039986400000,   4.44000,
,,,0.039986440000,   4.48000,
,,,0.039986480000,   4.40000,
,,,0.039986520000,   4.40000,
,,,0.039986560000,   4.44000,
,,,0.039986600000,   4.44000,
,,,0.039986640000,   4.44000,
,,,0.039986680000,   4.52000,
,,,0.039986720000,   4.44000,
,,,0.039986760000,   4.44000,
,,,0.039986800000,   4.48000,
,,,0.039986840000,   4.44000,
,,,0.039986880000,   4.44000,
,,,0.039986920000,   4.40000,
,,,0.039986960000,   4.48000,
,,,0.039987000000,   4.44000,
,,,0.039987040000,   4.48000,
,,,0.039987080000,   4.44000,
,,,0.039987120000,   4.44000,
,,,0.039987160000,   4.44000,
,,,0.039987200000,   4.44000,
,,,0.039987240000,   4.44000,
,,,0.039987280000,   4.40000,
,,,0.039987320000,   4.44000,
,,,0.039987360000,   4.40000,
,,,0.039987400000,   4.44000,
,,,0.039987440000,   4.48000,
,,,0.039987480000,   4.44000,
,,,0.039987520000,   4.44000,
,,,0.039987560000,   4.40000,
,,,0.039987600000,   4.44000,
,,,0.039987640000,   4.44000,
,,,0.039987680000,   4.44000,
,,,0.039987720000,   4.44000,
,,,0.039987760000,   4.48000,
,,,0.039987800000,   4.40000,
,,,0.039987840000,   4.40000,
,,,0.039987880000,   4.44000,
,,,0.039987920000,   4.44000,
,,,0.039987960000,   4.48000,
,,,0.039988000000,   4.44000,
,,,0.039988040000,   4.48000,
,,,0.039988080000,   4.48000,
,,,0.039988120000,   4.44000,
,,,0.039988160000,   4.44000,
,,,0.039988200000,   4.44000,
,,,0.039988240000,   4.44000,
,,,0.039988280000,   4.44000,
,,,0.039988320000,   4.44000,
,,,0.039988360000,   4.44000,
,,,0.039988400000,   4.40000,
,,,0.039988440000,   4.44000,
,,,0.039988480000,   4.44000,
,,,0.039988520000,   4.48000,
,,,0.039988560000,   4.40000,
,,,0.039988600000,   4.44000,
,,,0.039988640000,   4.44000,
,,,0.039988680000,   4.44000,
,,,0.039988720000,   4.40000,
,,,0.039988760000,   4.44000,
,,,0.039988800000,   4.48000,
,,,0.039988840000,   4.44000,
,,,0.039988880000,   4.44000,
,,,0.039988920000,   4.40000,
,,,0.039988960000,   4.44000,
,,,0.039989000000,   4.40000,
,,,0.039989040000,   4.48000,
,,,0.039989080000,   4.48000,
,,,0.039989120000,   4.44000,
,,,0.039989160000,   4.44000,
,,,0.039989200000,   4.48000,
,,,0.039989240000,   4.44000,
,,,0.039989280000,   4.44000,
,,,0.039989320000,   4.44000,
,,,0.039989360000,   4.48000,
,,,0.039989400000,   4.44000,
,,,0.039989440000,   4.40000,
,,,0.039989480000,   4.56000,
,,,0.039989520000,   4.48000,
,,,0.039989560000,   4.44000,
,,,0.039989600000,   4.40000,
,,,0.039989640000,   4.48000,
,,,0.039989680000,   4.44000,
,,,0.039989720000,   4.48000,
,,,0.039989760000,   4.40000,
,,,0.039989800000,   4.44000,
,,,0.039989840000,   4.44000,
,,,0.039989880000,   4.40000,
,,,0.039989920000,   4.44000,
,,,0.039989960000,   4.44000,
,,,0.039990000000,   4.48000,
,,,0.039990040000,   4.48000,
,,,0.039990080000,   4.48000,
,,,0.039990120000,   4.44000,
,,,0.039990160000,   4.44000,
,,,0.039990200000,   4.48000,
,,,0.039990240000,   4.40000,
,,,0.039990280000,   4.44000,
,,,0.039990320000,   4.44000,
,,,0.039990360000,   4.44000,
,,,0.039990400000,   4.44000,
,,,0.039990440000,   4.44000,
,,,0.039990480000,   4.44000,
,,,0.039990520000,   4.40000,
,,,0.039990560000,   4.48000,
,,,0.039990600000,   4.44000,
,,,0.039990640000,   4.40000,
,,,0.039990680000,   4.44000,
,,,0.039990720000,   4.44000,
,,,0.039990760000,   4.44000,
,,,0.039990800000,   4.44000,
,,,0.039990840000,   4.44000,
,,,0.039990880000,   4.40000,
,,,0.039990920000,   4.44000,
,,,0.039990960000,   4.44000,
,,,0.039991000000,   4.40000,
,,,0.039991040000,   4.48000,
,,,0.039991080000,   4.48000,
,,,0.039991120000,   4.44000,
,,,0.039991160000,   4.48000,
,,,0.039991200000,   4.44000,
,,,0.039991240000,   4.44000,
,,,0.039991280000,   4.44000,
,,,0.039991320000,   4.40000,
,,,0.039991360000,   4.44000,
,,,0.039991400000,   4.48000,
,,,0.039991440000,   4.44000,
,,,0.039991480000,   4.48000,
,,,0.039991520000,   4.44000,
,,,0.039991560000,   4.44000,
,,,0.039991600000,   4.44000,
,,,0.039991640000,   4.48000,
,,,0.039991680000,   4.48000,
,,,0.039991720000,   4.48000,
,,,0.039991760000,   4.48000,
,,,0.039991800000,   4.40000,
,,,0.039991840000,   4.44000,
,,,0.039991880000,   4.44000,
,,,0.039991920000,   4.40000,
,,,0.039991960000,   4.44000,
,,,0.039992000000,   4.44000,
,,,0.039992040000,   4.44000,
,,,0.039992080000,   4.48000,
,,,0.039992120000,   4.44000,
,,,0.039992160000,   4.48000,
,,,0.039992200000,   4.44000,
,,,0.039992240000,   4.48000,
,,,0.039992280000,   4.44000,
,,,0.039992320000,   4.44000,
,,,0.039992360000,   4.40000,
,,,0.039992400000,   4.48000,
,,,0.039992440000,   4.44000,
,,,0.039992480000,   4.48000,
,,,0.039992520000,   4.44000,
,,,0.039992560000,   4.44000,
,,,0.039992600000,   4.44000,
,,,0.039992640000,   4.44000,
,,,0.039992680000,   4.44000,
,,,0.039992720000,   4.44000,
,,,0.039992760000,   4.48000,
,,,0.039992800000,   4.44000,
,,,0.039992840000,   4.44000,
,,,0.039992880000,   4.44000,
,,,0.039992920000,   4.48000,
,,,0.039992960000,   4.44000,
,,,0.039993000000,   4.48000,
,,,0.039993040000,   4.44000,
,,,0.039993080000,   4.44000,
,,,0.039993120000,   4.44000,
,,,0.039993160000,   4.40000,
,,,0.039993200000,   4.44000,
,,,0.039993240000,   4.40000,
,,,0.039993280000,   4.44000,
,,,0.039993320000,   4.40000,
,,,0.039993360000,   4.44000,
,,,0.039993400000,   4.44000,
,,,0.039993440000,   4.44000,
,,,0.039993480000,   4.48000,
,,,0.039993520000,   4.48000,
,,,0.039993560000,   4.40000,
,,,0.039993600000,   4.44000,
,,,0.039993640000,   4.48000,
,,,0.039993680000,   4.48000,
,,,0.039993720000,   4.48000,
,,,0.039993760000,   4.44000,
,,,0.039993800000,   4.48000,
,,,0.039993840000,   4.44000,
,,,0.039993880000,   4.44000,
,,,0.039993920000,   4.40000,
,,,0.039993960000,   4.44000,
,,,0.039994000000,   4.40000,
,,,0.039994040000,   4.44000,
,,,0.039994080000,   4.48000,
,,,0.039994120000,   4.44000,
,,,0.039994160000,   4.44000,
,,,0.039994200000,   4.48000,
,,,0.039994240000,   4.40000,
,,,0.039994280000,   4.44000,
,,,0.039994320000,   4.48000,
,,,0.039994360000,   4.44000,
,,,0.039994400000,   4.48000,
,,,0.039994440000,   4.44000,
,,,0.039994480000,   4.40000,
,,,0.039994520000,   4.52000,
,,,0.039994560000,   4.44000,
,,,0.039994600000,   4.44000,
,,,0.039994640000,   4.44000,
,,,0.039994680000,   4.48000,
,,,0.039994720000,   4.44000,
,,,0.039994760000,   4.48000,
,,,0.039994800000,   4.44000,
,,,0.039994840000,   4.44000,
,,,0.039994880000,   4.44000,
,,,0.039994920000,   4.44000,
,,,0.039994960000,   4.44000,
,,,0.039995000000,   4.40000,
,,,0.039995040000,   4.48000,
,,,0.039995080000,   4.44000,
,,,0.039995120000,   4.48000,
,,,0.039995160000,   4.40000,
,,,0.039995200000,   4.44000,
,,,0.039995240000,   4.44000,
,,,0.039995280000,   4.40000,
,,,0.039995320000,   4.44000,
,,,0.039995360000,   4.48000,
,,,0.039995400000,   4.48000,
,,,0.039995440000,   4.44000,
,,,0.039995480000,   4.48000,
,,,0.039995520000,   4.40000,
,,,0.039995560000,   4.44000,
,,,0.039995600000,   4.44000,
,,,0.039995640000,   4.44000,
,,,0.039995680000,   4.48000,
,,,0.039995720000,   4.48000,
,,,0.039995760000,   4.44000,
,,,0.039995800000,   4.48000,
,,,0.039995840000,   4.40000,
,,,0.039995880000,   4.44000,
,,,0.039995920000,   4.44000,
,,,0.039995960000,   4.44000,
,,,0.039996000000,   4.44000,
,,,0.039996040000,   4.44000,
,,,0.039996080000,   4.48000,
,,,0.039996120000,   4.44000,
,,,0.039996160000,   4.44000,
,,,0.039996200000,   4.48000,
,,,0.039996240000,   4.44000,
,,,0.039996280000,   4.48000,
,,,0.039996320000,   4.44000,
,,,0.039996360000,   4.44000,
,,,0.039996400000,   4.44000,
,,,0.039996440000,   4.48000,
,,,0.039996480000,   4.44000,
,,,0.039996520000,   4.44000,
,,,0.039996560000,   4.44000,
,,,0.039996600000,   4.44000,
,,,0.039996640000,   4.44000,
,,,0.039996680000,   4.44000,
,,,0.039996720000,   4.48000,
,,,0.039996760000,   4.48000,
,,,0.039996800000,   4.48000,
,,,0.039996840000,   4.40000,
,,,0.039996880000,   4.44000,
,,,0.039996920000,   4.44000,
,,,0.039996960000,   4.44000,
,,,0.039997000000,   4.44000,
,,,0.039997040000,   4.44000,
,,,0.039997080000,   4.44000,
,,,0.039997120000,   4.44000,
,,,0.039997160000,   4.48000,
,,,0.039997200000,   4.44000,
,,,0.039997240000,   4.48000,
,,,0.039997280000,   4.44000,
,,,0.039997320000,   4.40000,
,,,0.039997360000,   4.40000,
,,,0.039997400000,   4.44000,
,,,0.039997440000,   4.48000,
,,,0.039997480000,   4.48000,
,,,0.039997520000,   4.48000,
,,,0.039997560000,   4.44000,
,,,0.039997600000,   4.48000,
,,,0.039997640000,   4.44000,
,,,0.039997680000,   4.48000,
,,,0.039997720000,   4.40000,
,,,0.039997760000,   4.48000,
,,,0.039997800000,   4.40000,
,,,0.039997840000,   4.48000,
,,,0.039997880000,   4.44000,
,,,0.039997920000,   4.44000,
,,,0.039997960000,   4.48000,
,,,0.039998000000,   4.44000,
,,,0.039998040000,   4.48000,
,,,0.039998080000,   4.44000,
,,,0.039998120000,   4.44000,
,,,0.039998160000,   4.44000,
,,,0.039998200000,   4.44000,
,,,0.039998240000,   4.44000,
,,,0.039998280000,   4.48000,
,,,0.039998320000,   4.44000,
,,,0.039998360000,   4.44000,
,,,0.039998400000,   4.44000,
,,,0.039998440000,   4.44000,
,,,0.039998480000,   4.48000,
,,,0.039998520000,   4.48000,
,,,0.039998560000,   4.44000,
,,,0.039998600000,   4.40000,
,,,0.039998640000,   4.44000,
,,,0.039998680000,   4.44000,
,,,0.039998720000,   4.48000,
,,,0.039998760000,   4.44000,
,,,0.039998800000,   4.44000,
,,,0.039998840000,   4.48000,
,,,0.039998880000,   4.44000,
,,,0.039998920000,   4.44000,
,,,0.039998960000,   4.44000,
,,,0.039999000000,   4.48000,
,,,0.039999040000,   4.44000,
,,,0.039999080000,   4.44000,
,,,0.039999120000,   4.44000,
,,,0.039999160000,   4.44000,
,,,0.039999200000,   4.44000,
,,,0.039999240000,   4.44000,
,,,0.039999280000,   4.44000,
,,,0.039999320000,   4.48000,
,,,0.039999360000,   4.48000,
,,,0.039999400000,   4.44000,
,,,0.039999440000,   4.48000,
,,,0.039999480000,   4.48000,
,,,0.039999520000,   4.44000,
,,,0.039999560000,   4.44000,
,,,0.039999600000,   4.48000,
,,,0.039999640000,   4.44000,
,,,0.039999680000,   4.44000,
,,,0.039999720000,   4.44000,
,,,0.039999760000,   4.44000,
,,,0.039999800000,   4.44000,
,,,0.039999840000,   4.48000,
,,,0.039999880000,   4.44000,
,,,0.039999920000,   4.44000,
,,,0.039999960000,   4.48000,
,,,0.040000000000,   4.48000,
,,,0.040000040000,   4.40000,
,,,0.040000080000,   4.48000,
,,,0.040000120000,   4.44000,
,,,0.040000160000,   4.44000,
,,,0.040000200000,   4.44000,
,,,0.040000240000,   4.44000,
,,,0.040000280000,   4.40000,
,,,0.040000320000,   4.44000,
,,,0.040000360000,   4.48000,
,,,0.040000400000,   4.44000,
,,,0.040000440000,   4.52000,
,,,0.040000480000,   4.44000,
,,,0.040000520000,   4.48000,
,,,0.040000560000,   4.44000,
,,,0.040000600000,   4.44000,
,,,0.040000640000,   4.44000,
,,,0.040000680000,   4.48000,
,,,0.040000720000,   4.44000,
,,,0.040000760000,   4.44000,
,,,0.040000800000,   4.44000,
,,,0.040000840000,   4.44000,
,,,0.040000880000,   4.44000,
,,,0.040000920000,   4.44000,
,,,0.040000960000,   4.44000,
,,,0.040001000000,   4.40000,
,,,0.040001040000,   4.48000,
,,,0.040001080000,   4.44000,
,,,0.040001120000,   4.44000,
,,,0.040001160000,   4.40000,
,,,0.040001200000,   4.48000,
,,,0.040001240000,   4.44000,
,,,0.040001280000,   4.44000,
,,,0.040001320000,   4.40000,
,,,0.040001360000,   4.48000,
,,,0.040001400000,   4.48000,
,,,0.040001440000,   4.44000,
,,,0.040001480000,   4.44000,
,,,0.040001520000,   4.44000,
,,,0.040001560000,   4.44000,
,,,0.040001600000,   4.40000,
,,,0.040001640000,   4.48000,
,,,0.040001680000,   4.44000,
,,,0.040001720000,   4.44000,
,,,0.040001760000,   4.44000,
,,,0.040001800000,   4.44000,
,,,0.040001840000,   4.44000,
,,,0.040001880000,   4.44000,
,,,0.040001920000,   4.44000,
,,,0.040001960000,   4.48000,
,,,0.040002000000,   4.48000,
,,,0.040002040000,   4.44000,
,,,0.040002080000,   4.44000,
,,,0.040002120000,   4.44000,
,,,0.040002160000,   4.44000,
,,,0.040002200000,   4.44000,
,,,0.040002240000,   4.44000,
,,,0.040002280000,   4.48000,
,,,0.040002320000,   4.44000,
,,,0.040002360000,   4.44000,
,,,0.040002400000,   4.44000,
,,,0.040002440000,   4.44000,
,,,0.040002480000,   4.48000,
,,,0.040002520000,   4.48000,
,,,0.040002560000,   4.44000,
,,,0.040002600000,   4.44000,
,,,0.040002640000,   4.44000,
,,,0.040002680000,   4.48000,
,,,0.040002720000,   4.40000,
,,,0.040002760000,   4.44000,
,,,0.040002800000,   4.48000,
,,,0.040002840000,   4.44000,
,,,0.040002880000,   4.44000,
,,,0.040002920000,   4.44000,
,,,0.040002960000,   4.48000,
,,,0.040003000000,   4.40000,
,,,0.040003040000,   4.48000,
,,,0.040003080000,   4.44000,
,,,0.040003120000,   4.44000,
,,,0.040003160000,   4.44000,
,,,0.040003200000,   4.40000,
,,,0.040003240000,   4.44000,
,,,0.040003280000,   4.44000,
,,,0.040003320000,   4.48000,
,,,0.040003360000,   4.40000,
,,,0.040003400000,   4.44000,
,,,0.040003440000,   4.44000,
,,,0.040003480000,   4.40000,
,,,0.040003520000,   4.48000,
,,,0.040003560000,   4.44000,
,,,0.040003600000,   4.48000,
,,,0.040003640000,   4.44000,
,,,0.040003680000,   4.44000,
,,,0.040003720000,   4.40000,
,,,0.040003760000,   4.48000,
,,,0.040003800000,   4.44000,
,,,0.040003840000,   4.48000,
,,,0.040003880000,   4.48000,
,,,0.040003920000,   4.44000,
,,,0.040003960000,   4.48000,
,,,0.040004000000,   4.48000,
,,,0.040004040000,   4.44000,
,,,0.040004080000,   4.44000,
,,,0.040004120000,   4.48000,
,,,0.040004160000,   4.44000,
,,,0.040004200000,   4.48000,
,,,0.040004240000,   4.44000,
,,,0.040004280000,   4.44000,
,,,0.040004320000,   4.48000,
,,,0.040004360000,   4.48000,
,,,0.040004400000,   4.44000,
,,,0.040004440000,   4.44000,
,,,0.040004480000,   4.44000,
,,,0.040004520000,   4.48000,
,,,0.040004560000,   4.40000,
,,,0.040004600000,   4.44000,
,,,0.040004640000,   4.44000,
,,,0.040004680000,   4.44000,
,,,0.040004720000,   4.44000,
,,,0.040004760000,   4.40000,
,,,0.040004800000,   4.48000,
,,,0.040004840000,   4.44000,
,,,0.040004880000,   4.44000,
,,,0.040004920000,   4.44000,
,,,0.040004960000,   4.44000,
,,,0.040005000000,   4.44000,
,,,0.040005040000,   4.48000,
,,,0.040005080000,   4.44000,
,,,0.040005120000,   4.44000,
,,,0.040005160000,   4.48000,
,,,0.040005200000,   4.44000,
,,,0.040005240000,   4.44000,
,,,0.040005280000,   4.40000,
,,,0.040005320000,   4.44000,
,,,0.040005360000,   4.48000,
,,,0.040005400000,   4.48000,
,,,0.040005440000,   4.44000,
,,,0.040005480000,   4.40000,
,,,0.040005520000,   4.44000,
,,,0.040005560000,   4.48000,
,,,0.040005600000,   4.44000,
,,,0.040005640000,   4.44000,
,,,0.040005680000,   4.44000,
,,,0.040005720000,   4.44000,
,,,0.040005760000,   4.44000,
,,,0.040005800000,   4.48000,
,,,0.040005840000,   4.40000,
,,,0.040005880000,   4.48000,
,,,0.040005920000,   4.48000,
,,,0.040005960000,   4.48000,
,,,0.040006000000,   4.40000,
,,,0.040006040000,   4.44000,
,,,0.040006080000,   4.48000,
,,,0.040006120000,   4.44000,
,,,0.040006160000,   4.44000,
,,,0.040006200000,   4.48000,
,,,0.040006240000,   4.48000,
,,,0.040006280000,   4.44000,
,,,0.040006320000,   4.44000,
,,,0.040006360000,   4.44000,
,,,0.040006400000,   4.48000,
,,,0.040006440000,   4.40000,
,,,0.040006480000,   4.44000,
,,,0.040006520000,   4.44000,
,,,0.040006560000,   4.44000,
,,,0.040006600000,   4.44000,
,,,0.040006640000,   4.44000,
,,,0.040006680000,   4.44000,
,,,0.040006720000,   4.40000,
,,,0.040006760000,   4.48000,
,,,0.040006800000,   4.44000,
,,,0.040006840000,   4.48000,
,,,0.040006880000,   4.48000,
,,,0.040006920000,   4.44000,
,,,0.040006960000,   4.44000,
,,,0.040007000000,   4.40000,
,,,0.040007040000,   4.44000,
,,,0.040007080000,   4.44000,
,,,0.040007120000,   4.40000,
,,,0.040007160000,   4.40000,
,,,0.040007200000,   4.44000,
,,,0.040007240000,   4.48000,
,,,0.040007280000,   4.48000,
,,,0.040007320000,   4.44000,
,,,0.040007360000,   4.40000,
,,,0.040007400000,   4.40000,
,,,0.040007440000,   4.44000,
,,,0.040007480000,   4.44000,
,,,0.040007520000,   4.48000,
,,,0.040007560000,   4.48000,
,,,0.040007600000,   4.44000,
,,,0.040007640000,   4.44000,
,,,0.040007680000,   4.44000,
,,,0.040007720000,   4.44000,
,,,0.040007760000,   4.44000,
,,,0.040007800000,   4.48000,
,,,0.040007840000,   4.44000,
,,,0.040007880000,   4.48000,
,,,0.040007920000,   4.44000,
,,,0.040007960000,   4.40000,
,,,0.040008000000,   4.44000,
,,,0.040008040000,   4.40000,
,,,0.040008080000,   4.48000,
,,,0.040008120000,   4.44000,
,,,0.040008160000,   4.48000,
,,,0.040008200000,   4.44000,
,,,0.040008240000,   4.48000,
,,,0.040008280000,   4.48000,
,,,0.040008320000,   4.48000,
,,,0.040008360000,   4.44000,
,,,0.040008400000,   4.48000,
,,,0.040008440000,   4.40000,
,,,0.040008480000,   4.48000,
,,,0.040008520000,   4.44000,
,,,0.040008560000,   4.48000,
,,,0.040008600000,   4.48000,
,,,0.040008640000,   4.48000,
,,,0.040008680000,   4.48000,
,,,0.040008720000,   4.44000,
,,,0.040008760000,   4.44000,
,,,0.040008800000,   4.48000,
,,,0.040008840000,   4.44000,
,,,0.040008880000,   4.44000,
,,,0.040008920000,   4.44000,
,,,0.040008960000,   4.44000,
,,,0.040009000000,   4.48000,
,,,0.040009040000,   4.44000,
,,,0.040009080000,   4.44000,
,,,0.040009120000,   4.48000,
,,,0.040009160000,   4.44000,
,,,0.040009200000,   4.48000,
,,,0.040009240000,   4.44000,
,,,0.040009280000,   4.44000,
,,,0.040009320000,   4.48000,
,,,0.040009360000,   4.48000,
,,,0.040009400000,   4.44000,
,,,0.040009440000,   4.44000,
,,,0.040009480000,   4.44000,
,,,0.040009520000,   4.48000,
,,,0.040009560000,   4.44000,
,,,0.040009600000,   4.44000,
,,,0.040009640000,   4.44000,
,,,0.040009680000,   4.44000,
,,,0.040009720000,   4.44000,
,,,0.040009760000,   4.44000,
,,,0.040009800000,   4.48000,
,,,0.040009840000,   4.44000,
,,,0.040009880000,   4.44000,
,,,0.040009920000,   4.48000,
,,,0.040009960000,   4.44000,
,,,0.040010000000,   4.48000,
,,,0.040010040000,   4.48000,
,,,0.040010080000,   4.44000,
,,,0.040010120000,   4.44000,
,,,0.040010160000,   4.44000,
,,,0.040010200000,   4.44000,
,,,0.040010240000,   4.48000,
,,,0.040010280000,   4.44000,
,,,0.040010320000,   4.44000,
,,,0.040010360000,   4.48000,
,,,0.040010400000,   4.48000,
,,,0.040010440000,   4.48000,
,,,0.040010480000,   4.44000,
,,,0.040010520000,   4.44000,
,,,0.040010560000,   4.48000,
,,,0.040010600000,   4.48000,
,,,0.040010640000,   4.40000,
,,,0.040010680000,   4.44000,
,,,0.040010720000,   4.44000,
,,,0.040010760000,   4.44000,
,,,0.040010800000,   4.44000,
,,,0.040010840000,   4.44000,
,,,0.040010880000,   4.44000,
,,,0.040010920000,   4.44000,
,,,0.040010960000,   4.44000,
,,,0.040011000000,   4.40000,
,,,0.040011040000,   4.40000,
,,,0.040011080000,   4.44000,
,,,0.040011120000,   4.40000,
,,,0.040011160000,   4.44000,
,,,0.040011200000,   4.48000,
,,,0.040011240000,   4.48000,
,,,0.040011280000,   4.44000,
,,,0.040011320000,   4.44000,
,,,0.040011360000,   4.48000,
,,,0.040011400000,   4.44000,
,,,0.040011440000,   4.48000,
,,,0.040011480000,   4.44000,
,,,0.040011520000,   4.44000,
,,,0.040011560000,   4.44000,
,,,0.040011600000,   4.44000,
,,,0.040011640000,   4.44000,
,,,0.040011680000,   4.44000,
,,,0.040011720000,   4.40000,
,,,0.040011760000,   4.44000,
,,,0.040011800000,   4.48000,
,,,0.040011840000,   4.44000,
,,,0.040011880000,   4.48000,
,,,0.040011920000,   4.48000,
,,,0.040011960000,   4.44000,
,,,0.040012000000,   4.44000,
,,,0.040012040000,   4.48000,
,,,0.040012080000,   4.44000,
,,,0.040012120000,   4.44000,
,,,0.040012160000,   4.44000,
,,,0.040012200000,   4.48000,
,,,0.040012240000,   4.44000,
,,,0.040012280000,   4.48000,
,,,0.040012320000,   4.44000,
,,,0.040012360000,   4.40000,
,,,0.040012400000,   4.44000,
,,,0.040012440000,   4.40000,
,,,0.040012480000,   4.44000,
,,,0.040012520000,   4.48000,
,,,0.040012560000,   4.48000,
,,,0.040012600000,   4.44000,
,,,0.040012640000,   4.44000,
,,,0.040012680000,   4.36000,
,,,0.040012720000,   4.44000,
,,,0.040012760000,   4.44000,
,,,0.040012800000,   4.52000,
,,,0.040012840000,   4.44000,
,,,0.040012880000,   4.40000,
,,,0.040012920000,   4.44000,
,,,0.040012960000,   4.48000,
,,,0.040013000000,   4.44000,
,,,0.040013040000,   4.44000,
,,,0.040013080000,   4.44000,
,,,0.040013120000,   4.48000,
,,,0.040013160000,   4.44000,
,,,0.040013200000,   4.44000,
,,,0.040013240000,   4.44000,
,,,0.040013280000,   4.48000,
,,,0.040013320000,   4.48000,
,,,0.040013360000,   4.44000,
,,,0.040013400000,   4.48000,
,,,0.040013440000,   4.40000,
,,,0.040013480000,   4.44000,
,,,0.040013520000,   4.48000,
,,,0.040013560000,   4.44000,
,,,0.040013600000,   4.40000,
,,,0.040013640000,   4.40000,
,,,0.040013680000,   4.44000,
,,,0.040013720000,   4.44000,
,,,0.040013760000,   4.44000,
,,,0.040013800000,   4.48000,
,,,0.040013840000,   4.48000,
,,,0.040013880000,   4.48000,
,,,0.040013920000,   4.48000,
,,,0.040013960000,   4.48000,
,,,0.040014000000,   4.48000,
,,,0.040014040000,   4.48000,
,,,0.040014080000,   4.48000,
,,,0.040014120000,   4.44000,
,,,0.040014160000,   4.48000,
,,,0.040014200000,   4.48000,
,,,0.040014240000,   4.44000,
,,,0.040014280000,   4.44000,
,,,0.040014320000,   4.44000,
,,,0.040014360000,   4.44000,
,,,0.040014400000,   4.44000,
,,,0.040014440000,   4.40000,
,,,0.040014480000,   4.40000,
,,,0.040014520000,   4.44000,
,,,0.040014560000,   4.44000,
,,,0.040014600000,   4.44000,
,,,0.040014640000,   4.44000,
,,,0.040014680000,   4.44000,
,,,0.040014720000,   4.40000,
,,,0.040014760000,   4.44000,
,,,0.040014800000,   4.44000,
,,,0.040014840000,   4.48000,
,,,0.040014880000,   4.44000,
,,,0.040014920000,   4.44000,
,,,0.040014960000,   4.44000,
,,,0.040015000000,   4.44000,
,,,0.040015040000,   4.44000,
,,,0.040015080000,   4.40000,
,,,0.040015120000,   4.40000,
,,,0.040015160000,   4.44000,
,,,0.040015200000,   4.44000,
,,,0.040015240000,   4.44000,
,,,0.040015280000,   4.44000,
,,,0.040015320000,   4.40000,
,,,0.040015360000,   4.44000,
,,,0.040015400000,   4.40000,
,,,0.040015440000,   4.44000,
,,,0.040015480000,   4.44000,
,,,0.040015520000,   4.44000,
,,,0.040015560000,   4.44000,
,,,0.040015600000,   4.44000,
,,,0.040015640000,   4.44000,
,,,0.040015680000,   4.44000,
,,,0.040015720000,   4.48000,
,,,0.040015760000,   4.44000,
,,,0.040015800000,   4.44000,
,,,0.040015840000,   4.48000,
,,,0.040015880000,   4.48000,
,,,0.040015920000,   4.48000,
,,,0.040015960000,   4.40000,
,,,0.040016000000,   4.48000,
,,,0.040016040000,   4.44000,
,,,0.040016080000,   4.44000,
,,,0.040016120000,   4.44000,
,,,0.040016160000,   4.44000,
,,,0.040016200000,   4.44000,
,,,0.040016240000,   4.48000,
,,,0.040016280000,   4.40000,
,,,0.040016320000,   4.44000,
,,,0.040016360000,   4.44000,
,,,0.040016400000,   4.44000,
,,,0.040016440000,   4.44000,
,,,0.040016480000,   4.48000,
,,,0.040016520000,   4.44000,
,,,0.040016560000,   4.40000,
,,,0.040016600000,   4.44000,
,,,0.040016640000,   4.44000,
,,,0.040016680000,   4.44000,
,,,0.040016720000,   4.44000,
,,,0.040016760000,   4.44000,
,,,0.040016800000,   4.44000,
,,,0.040016840000,   4.48000,
,,,0.040016880000,   4.44000,
,,,0.040016920000,   4.40000,
,,,0.040016960000,   4.40000,
,,,0.040017000000,   4.44000,
,,,0.040017040000,   4.44000,
,,,0.040017080000,   4.44000,
,,,0.040017120000,   4.44000,
,,,0.040017160000,   4.44000,
,,,0.040017200000,   4.44000,
,,,0.040017240000,   4.44000,
,,,0.040017280000,   4.44000,
,,,0.040017320000,   4.40000,
,,,0.040017360000,   4.44000,
,,,0.040017400000,   4.44000,
,,,0.040017440000,   4.44000,
,,,0.040017480000,   4.44000,
,,,0.040017520000,   4.48000,
,,,0.040017560000,   4.44000,
,,,0.040017600000,   4.44000,
,,,0.040017640000,   4.40000,
,,,0.040017680000,   4.44000,
,,,0.040017720000,   4.44000,
,,,0.040017760000,   4.44000,
,,,0.040017800000,   4.44000,
,,,0.040017840000,   4.40000,
,,,0.040017880000,   4.44000,
,,,0.040017920000,   4.48000,
,,,0.040017960000,   4.44000,
,,,0.040018000000,   4.44000,
,,,0.040018040000,   4.44000,
,,,0.040018080000,   4.44000,
,,,0.040018120000,   4.52000,
,,,0.040018160000,   4.48000,
,,,0.040018200000,   4.44000,
,,,0.040018240000,   4.44000,
,,,0.040018280000,   4.48000,
,,,0.040018320000,   4.48000,
,,,0.040018360000,   4.48000,
,,,0.040018400000,   4.44000,
,,,0.040018440000,   4.44000,
,,,0.040018480000,   4.44000,
,,,0.040018520000,   4.44000,
,,,0.040018560000,   4.44000,
,,,0.040018600000,   4.40000,
,,,0.040018640000,   4.44000,
,,,0.040018680000,   4.44000,
,,,0.040018720000,   4.44000,
,,,0.040018760000,   4.44000,
,,,0.040018800000,   4.48000,
,,,0.040018840000,   4.44000,
,,,0.040018880000,   4.44000,
,,,0.040018920000,   4.40000,
,,,0.040018960000,   4.40000,
,,,0.040019000000,   4.44000,
,,,0.040019040000,   4.40000,
,,,0.040019080000,   4.48000,
,,,0.040019120000,   4.48000,
,,,0.040019160000,   4.48000,
,,,0.040019200000,   4.48000,
,,,0.040019240000,   4.44000,
,,,0.040019280000,   4.40000,
,,,0.040019320000,   4.44000,
,,,0.040019360000,   4.44000,
,,,0.040019400000,   4.48000,
,,,0.040019440000,   4.48000,
,,,0.040019480000,   4.44000,
,,,0.040019520000,   4.44000,
,,,0.040019560000,   4.44000,
,,,0.040019600000,   4.44000,
,,,0.040019640000,   4.48000,
,,,0.040019680000,   4.44000,
,,,0.040019720000,   4.40000,
,,,0.040019760000,   4.48000,
,,,0.040019800000,   4.48000,
,,,0.040019840000,   4.44000,
,,,0.040019880000,   4.48000,
,,,0.040019920000,   4.44000,
,,,0.040019960000,   4.48000,
,,,0.040020000000,   4.44000,
,,,0.040020040000,   4.40000,
,,,0.040020080000,   4.44000,
,,,0.040020120000,   4.44000,
,,,0.040020160000,   4.44000,
,,,0.040020200000,   4.44000,
,,,0.040020240000,   4.44000,
,,,0.040020280000,   4.44000,
,,,0.040020320000,   4.40000,
,,,0.040020360000,   4.44000,
,,,0.040020400000,   4.40000,
,,,0.040020440000,   4.48000,
,,,0.040020480000,   4.48000,
,,,0.040020520000,   4.44000,
,,,0.040020560000,   4.40000,
,,,0.040020600000,   4.44000,
,,,0.040020640000,   4.44000,
,,,0.040020680000,   4.40000,
,,,0.040020720000,   4.48000,
,,,0.040020760000,   4.44000,
,,,0.040020800000,   4.48000,
,,,0.040020840000,   4.48000,
,,,0.040020880000,   4.48000,
,,,0.040020920000,   4.44000,
,,,0.040020960000,   4.44000,
,,,0.040021000000,   4.48000,
,,,0.040021040000,   4.40000,
,,,0.040021080000,   4.44000,
,,,0.040021120000,   4.44000,
,,,0.040021160000,   4.44000,
,,,0.040021200000,   4.48000,
,,,0.040021240000,   4.48000,
,,,0.040021280000,   4.40000,
,,,0.040021320000,   4.40000,
,,,0.040021360000,   4.40000,
,,,0.040021400000,   4.44000,
,,,0.040021440000,   4.48000,
,,,0.040021480000,   4.44000,
,,,0.040021520000,   4.48000,
,,,0.040021560000,   4.48000,
,,,0.040021600000,   4.40000,
,,,0.040021640000,   4.40000,
,,,0.040021680000,   4.44000,
,,,0.040021720000,   4.48000,
,,,0.040021760000,   4.48000,
,,,0.040021800000,   4.48000,
,,,0.040021840000,   4.40000,
,,,0.040021880000,   4.48000,
,,,0.040021920000,   4.44000,
,,,0.040021960000,   4.48000,
,,,0.040022000000,   4.44000,
,,,0.040022040000,   4.44000,
,,,0.040022080000,   4.40000,
,,,0.040022120000,   4.48000,
,,,0.040022160000,   4.44000,
,,,0.040022200000,   4.40000,
,,,0.040022240000,   4.48000,
,,,0.040022280000,   4.44000,
,,,0.040022320000,   4.40000,
,,,0.040022360000,   4.44000,
,,,0.040022400000,   4.44000,
,,,0.040022440000,   4.44000,
,,,0.040022480000,   4.48000,
,,,0.040022520000,   4.48000,
,,,0.040022560000,   4.40000,
,,,0.040022600000,   4.44000,
,,,0.040022640000,   4.40000,
,,,0.040022680000,   4.44000,
,,,0.040022720000,   4.44000,
,,,0.040022760000,   4.44000,
,,,0.040022800000,   4.40000,
,,,0.040022840000,   4.44000,
,,,0.040022880000,   4.44000,
,,,0.040022920000,   4.44000,
,,,0.040022960000,   4.44000,
,,,0.040023000000,   4.40000,
,,,0.040023040000,   4.44000,
,,,0.040023080000,   4.48000,
,,,0.040023120000,   4.48000,
,,,0.040023160000,   4.44000,
,,,0.040023200000,   4.44000,
,,,0.040023240000,   4.48000,
,,,0.040023280000,   4.44000,
,,,0.040023320000,   4.44000,
,,,0.040023360000,   4.48000,
,,,0.040023400000,   4.48000,
,,,0.040023440000,   4.48000,
,,,0.040023480000,   4.44000,
,,,0.040023520000,   4.40000,
,,,0.040023560000,   4.44000,
,,,0.040023600000,   4.44000,
,,,0.040023640000,   4.48000,
,,,0.040023680000,   4.44000,
,,,0.040023720000,   4.48000,
,,,0.040023760000,   4.44000,
,,,0.040023800000,   4.48000,
,,,0.040023840000,   4.48000,
,,,0.040023880000,   4.48000,
,,,0.040023920000,   4.44000,
,,,0.040023960000,   4.44000,
,,,0.040024000000,   4.44000,
,,,0.040024040000,   4.44000,
,,,0.040024080000,   4.44000,
,,,0.040024120000,   4.48000,
,,,0.040024160000,   4.48000,
,,,0.040024200000,   4.44000,
,,,0.040024240000,   4.40000,
,,,0.040024280000,   4.40000,
,,,0.040024320000,   4.44000,
,,,0.040024360000,   4.40000,
,,,0.040024400000,   4.44000,
,,,0.040024440000,   4.48000,
,,,0.040024480000,   4.44000,
,,,0.040024520000,   4.48000,
,,,0.040024560000,   4.44000,
,,,0.040024600000,   4.44000,
,,,0.040024640000,   4.44000,
,,,0.040024680000,   4.44000,
,,,0.040024720000,   4.44000,
,,,0.040024760000,   4.44000,
,,,0.040024800000,   4.44000,
,,,0.040024840000,   4.44000,
,,,0.040024880000,   4.44000,
,,,0.040024920000,   4.44000,
,,,0.040024960000,   4.48000,
,,,0.040025000000,   4.44000,
,,,0.040025040000,   4.40000,
,,,0.040025080000,   4.44000,
,,,0.040025120000,   4.44000,
,,,0.040025160000,   4.44000,
,,,0.040025200000,   4.52000,
,,,0.040025240000,   4.44000,
,,,0.040025280000,   4.44000,
,,,0.040025320000,   4.40000,
,,,0.040025360000,   4.44000,
,,,0.040025400000,   4.44000,
,,,0.040025440000,   4.44000,
,,,0.040025480000,   4.48000,
,,,0.040025520000,   4.44000,
,,,0.040025560000,   4.44000,
,,,0.040025600000,   4.44000,
,,,0.040025640000,   4.40000,
,,,0.040025680000,   4.48000,
,,,0.040025720000,   4.44000,
,,,0.040025760000,   4.48000,
,,,0.040025800000,   4.44000,
,,,0.040025840000,   4.44000,
,,,0.040025880000,   4.44000,
,,,0.040025920000,   4.48000,
,,,0.040025960000,   4.44000,
,,,0.040026000000,   4.44000,
,,,0.040026040000,   4.48000,
,,,0.040026080000,   4.44000,
,,,0.040026120000,   4.48000,
,,,0.040026160000,   4.44000,
,,,0.040026200000,   4.48000,
,,,0.040026240000,   4.44000,
,,,0.040026280000,   4.44000,
,,,0.040026320000,   4.48000,
,,,0.040026360000,   4.44000,
,,,0.040026400000,   4.44000,
,,,0.040026440000,   4.48000,
,,,0.040026480000,   4.44000,
,,,0.040026520000,   4.48000,
,,,0.040026560000,   4.48000,
,,,0.040026600000,   4.40000,
,,,0.040026640000,   4.44000,
,,,0.040026680000,   4.40000,
,,,0.040026720000,   4.48000,
,,,0.040026760000,   4.44000,
,,,0.040026800000,   4.44000,
,,,0.040026840000,   4.44000,
,,,0.040026880000,   4.44000,
,,,0.040026920000,   4.44000,
,,,0.040026960000,   4.40000,
,,,0.040027000000,   4.44000,
,,,0.040027040000,   4.48000,
,,,0.040027080000,   4.48000,
,,,0.040027120000,   4.40000,
,,,0.040027160000,   4.40000,
,,,0.040027200000,   4.40000,
,,,0.040027240000,   4.44000,
,,,0.040027280000,   4.44000,
,,,0.040027320000,   4.48000,
,,,0.040027360000,   4.52000,
,,,0.040027400000,   4.44000,
,,,0.040027440000,   4.44000,
,,,0.040027480000,   4.40000,
,,,0.040027520000,   4.48000,
,,,0.040027560000,   4.48000,
,,,0.040027600000,   4.44000,
,,,0.040027640000,   4.48000,
,,,0.040027680000,   4.44000,
,,,0.040027720000,   4.48000,
,,,0.040027760000,   4.48000,
,,,0.040027800000,   4.44000,
,,,0.040027840000,   4.48000,
,,,0.040027880000,   4.44000,
,,,0.040027920000,   4.48000,
,,,0.040027960000,   4.44000,
,,,0.040028000000,   4.44000,
,,,0.040028040000,   4.44000,
,,,0.040028080000,   4.44000,
,,,0.040028120000,   4.48000,
,,,0.040028160000,   4.44000,
,,,0.040028200000,   4.40000,
,,,0.040028240000,   4.44000,
,,,0.040028280000,   4.48000,
,,,0.040028320000,   4.40000,
,,,0.040028360000,   4.48000,
,,,0.040028400000,   4.48000,
,,,0.040028440000,   4.40000,
,,,0.040028480000,   4.44000,
,,,0.040028520000,   4.44000,
,,,0.040028560000,   4.44000,
,,,0.040028600000,   4.44000,
,,,0.040028640000,   4.44000,
,,,0.040028680000,   4.48000,
,,,0.040028720000,   4.48000,
,,,0.040028760000,   4.44000,
,,,0.040028800000,   4.44000,
,,,0.040028840000,   4.44000,
,,,0.040028880000,   4.40000,
,,,0.040028920000,   4.44000,
,,,0.040028960000,   4.44000,
,,,0.040029000000,   4.40000,
,,,0.040029040000,   4.44000,
,,,0.040029080000,   4.44000,
,,,0.040029120000,   4.48000,
,,,0.040029160000,   4.48000,
,,,0.040029200000,   4.44000,
,,,0.040029240000,   4.48000,
,,,0.040029280000,   4.44000,
,,,0.040029320000,   4.44000,
,,,0.040029360000,   4.48000,
,,,0.040029400000,   4.48000,
,,,0.040029440000,   4.44000,
,,,0.040029480000,   4.40000,
,,,0.040029520000,   4.48000,
,,,0.040029560000,   4.44000,
,,,0.040029600000,   4.48000,
,,,0.040029640000,   4.44000,
,,,0.040029680000,   4.44000,
,,,0.040029720000,   4.44000,
,,,0.040029760000,   4.48000,
,,,0.040029800000,   4.44000,
,,,0.040029840000,   4.44000,
,,,0.040029880000,   4.44000,
,,,0.040029920000,   4.44000,
,,,0.040029960000,   4.44000,
,,,0.040030000000,   4.44000,
,,,0.040030040000,   4.44000,
,,,0.040030080000,   4.44000,
,,,0.040030120000,   4.44000,
,,,0.040030160000,   4.48000,
,,,0.040030200000,   4.44000,
,,,0.040030240000,   4.48000,
,,,0.040030280000,   4.44000,
,,,0.040030320000,   4.48000,
,,,0.040030360000,   4.44000,
,,,0.040030400000,   4.48000,
,,,0.040030440000,   4.44000,
,,,0.040030480000,   4.44000,
,,,0.040030520000,   4.48000,
,,,0.040030560000,   4.40000,
,,,0.040030600000,   4.40000,
,,,0.040030640000,   4.44000,
,,,0.040030680000,   4.40000,
,,,0.040030720000,   4.44000,
,,,0.040030760000,   4.44000,
,,,0.040030800000,   4.44000,
,,,0.040030840000,   4.40000,
,,,0.040030880000,   4.44000,
,,,0.040030920000,   4.40000,
,,,0.040030960000,   4.44000,
,,,0.040031000000,   4.48000,
,,,0.040031040000,   4.48000,
,,,0.040031080000,   4.44000,
,,,0.040031120000,   4.44000,
,,,0.040031160000,   4.44000,
,,,0.040031200000,   4.44000,
,,,0.040031240000,   4.44000,
,,,0.040031280000,   4.44000,
,,,0.040031320000,   4.48000,
,,,0.040031360000,   4.44000,
,,,0.040031400000,   4.44000,
,,,0.040031440000,   4.48000,
,,,0.040031480000,   4.44000,
,,,0.040031520000,   4.48000,
,,,0.040031560000,   4.48000,
,,,0.040031600000,   4.44000,
,,,0.040031640000,   4.48000,
,,,0.040031680000,   4.48000,
,,,0.040031720000,   4.44000,
,,,0.040031760000,   4.48000,
,,,0.040031800000,   4.40000,
,,,0.040031840000,   4.48000,
,,,0.040031880000,   4.40000,
,,,0.040031920000,   4.44000,
,,,0.040031960000,   4.44000,
,,,0.040032000000,   4.44000,
,,,0.040032040000,   4.40000,
,,,0.040032080000,   4.48000,
,,,0.040032120000,   4.44000,
,,,0.040032160000,   4.44000,
,,,0.040032200000,   4.44000,
,,,0.040032240000,   4.44000,
,,,0.040032280000,   4.44000,
,,,0.040032320000,   4.48000,
,,,0.040032360000,   4.48000,
,,,0.040032400000,   4.44000,
,,,0.040032440000,   4.44000,
,,,0.040032480000,   4.44000,
,,,0.040032520000,   4.44000,
,,,0.040032560000,   4.40000,
,,,0.040032600000,   4.44000,
,,,0.040032640000,   4.48000,
,,,0.040032680000,   4.40000,
,,,0.040032720000,   4.48000,
,,,0.040032760000,   4.44000,
,,,0.040032800000,   4.44000,
,,,0.040032840000,   4.44000,
,,,0.040032880000,   4.48000,
,,,0.040032920000,   4.44000,
,,,0.040032960000,   4.44000,
,,,0.040033000000,   4.44000,
,,,0.040033040000,   4.44000,
,,,0.040033080000,   4.44000,
,,,0.040033120000,   4.48000,
,,,0.040033160000,   4.44000,
,,,0.040033200000,   4.44000,
,,,0.040033240000,   4.44000,
,,,0.040033280000,   4.48000,
,,,0.040033320000,   4.44000,
,,,0.040033360000,   4.44000,
,,,0.040033400000,   4.44000,
,,,0.040033440000,   4.44000,
,,,0.040033480000,   4.48000,
,,,0.040033520000,   4.44000,
,,,0.040033560000,   4.44000,
,,,0.040033600000,   4.44000,
,,,0.040033640000,   4.44000,
,,,0.040033680000,   4.48000,
,,,0.040033720000,   4.44000,
,,,0.040033760000,   4.44000,
,,,0.040033800000,   4.44000,
,,,0.040033840000,   4.44000,
,,,0.040033880000,   4.44000,
,,,0.040033920000,   4.44000,
,,,0.040033960000,   4.48000,
,,,0.040034000000,   4.44000,
,,,0.040034040000,   4.44000,
,,,0.040034080000,   4.44000,
,,,0.040034120000,   4.48000,
,,,0.040034160000,   4.44000,
,,,0.040034200000,   4.44000,
,,,0.040034240000,   4.40000,
,,,0.040034280000,   4.44000,
,,,0.040034320000,   4.44000,
,,,0.040034360000,   4.48000,
,,,0.040034400000,   4.44000,
,,,0.040034440000,   4.40000,
,,,0.040034480000,   4.44000,
,,,0.040034520000,   4.44000,
,,,0.040034560000,   4.40000,
,,,0.040034600000,   4.44000,
,,,0.040034640000,   4.40000,
,,,0.040034680000,   4.48000,
,,,0.040034720000,   4.44000,
,,,0.040034760000,   4.44000,
,,,0.040034800000,   4.40000,
,,,0.040034840000,   4.40000,
,,,0.040034880000,   4.40000,
,,,0.040034920000,   4.44000,
,,,0.040034960000,   4.44000,
,,,0.040035000000,   4.48000,
,,,0.040035040000,   4.48000,
,,,0.040035080000,   4.44000,
,,,0.040035120000,   4.44000,
,,,0.040035160000,   4.44000,
,,,0.040035200000,   4.44000,
,,,0.040035240000,   4.48000,
,,,0.040035280000,   4.48000,
,,,0.040035320000,   4.44000,
,,,0.040035360000,   4.44000,
,,,0.040035400000,   4.44000,
,,,0.040035440000,   4.44000,
,,,0.040035480000,   4.44000,
,,,0.040035520000,   4.48000,
,,,0.040035560000,   4.48000,
,,,0.040035600000,   4.44000,
,,,0.040035640000,   4.48000,
,,,0.040035680000,   4.48000,
,,,0.040035720000,   4.44000,
,,,0.040035760000,   4.40000,
,,,0.040035800000,   4.48000,
,,,0.040035840000,   4.44000,
,,,0.040035880000,   4.44000,
,,,0.040035920000,   4.40000,
,,,0.040035960000,   4.44000,
,,,0.040036000000,   4.44000,
,,,0.040036040000,   4.48000,
,,,0.040036080000,   4.44000,
,,,0.040036120000,   4.40000,
,,,0.040036160000,   4.48000,
,,,0.040036200000,   4.44000,
,,,0.040036240000,   4.40000,
,,,0.040036280000,   4.44000,
,,,0.040036320000,   4.48000,
,,,0.040036360000,   4.44000,
,,,0.040036400000,   4.44000,
,,,0.040036440000,   4.40000,
,,,0.040036480000,   4.44000,
,,,0.040036520000,   4.44000,
,,,0.040036560000,   4.48000,
,,,0.040036600000,   4.44000,
,,,0.040036640000,   4.44000,
,,,0.040036680000,   4.40000,
,,,0.040036720000,   4.44000,
,,,0.040036760000,   4.44000,
,,,0.040036800000,   4.44000,
,,,0.040036840000,   4.44000,
,,,0.040036880000,   4.44000,
,,,0.040036920000,   4.44000,
,,,0.040036960000,   4.40000,
,,,0.040037000000,   4.44000,
,,,0.040037040000,   4.48000,
,,,0.040037080000,   4.44000,
,,,0.040037120000,   4.44000,
,,,0.040037160000,   4.44000,
,,,0.040037200000,   4.44000,
,,,0.040037240000,   4.48000,
,,,0.040037280000,   4.44000,
,,,0.040037320000,   4.48000,
,,,0.040037360000,   4.44000,
,,,0.040037400000,   4.44000,
,,,0.040037440000,   4.48000,
,,,0.040037480000,   4.44000,
,,,0.040037520000,   4.40000,
,,,0.040037560000,   4.44000,
,,,0.040037600000,   4.44000,
,,,0.040037640000,   4.52000,
,,,0.040037680000,   4.48000,
,,,0.040037720000,   4.44000,
,,,0.040037760000,   4.44000,
,,,0.040037800000,   4.44000,
,,,0.040037840000,   4.44000,
,,,0.040037880000,   4.44000,
,,,0.040037920000,   4.48000,
,,,0.040037960000,   4.44000,
,,,0.040038000000,   4.40000,
,,,0.040038040000,   4.40000,
,,,0.040038080000,   4.44000,
,,,0.040038120000,   4.48000,
,,,0.040038160000,   4.40000,
,,,0.040038200000,   4.44000,
,,,0.040038240000,   4.44000,
,,,0.040038280000,   4.44000,
,,,0.040038320000,   4.48000,
,,,0.040038360000,   4.40000,
,,,0.040038400000,   4.44000,
,,,0.040038440000,   4.44000,
,,,0.040038480000,   4.44000,
,,,0.040038520000,   4.44000,
,,,0.040038560000,   4.40000,
,,,0.040038600000,   4.44000,
,,,0.040038640000,   4.44000,
,,,0.040038680000,   4.44000,
,,,0.040038720000,   4.44000,
,,,0.040038760000,   4.44000,
,,,0.040038800000,   4.40000,
,,,0.040038840000,   4.44000,
,,,0.040038880000,   4.40000,
,,,0.040038920000,   4.48000,
,,,0.040038960000,   4.44000,
,,,0.040039000000,   4.44000,
,,,0.040039040000,   4.40000,
,,,0.040039080000,   4.48000,
,,,0.040039120000,   4.44000,
,,,0.040039160000,   4.44000,
,,,0.040039200000,   4.48000,
,,,0.040039240000,   4.48000,
,,,0.040039280000,   4.44000,
,,,0.040039320000,   4.44000,
,,,0.040039360000,   4.44000,
,,,0.040039400000,   4.44000,
,,,0.040039440000,   4.44000,
,,,0.040039480000,   4.36000,
,,,0.040039520000,   4.44000,
,,,0.040039560000,   4.48000,
,,,0.040039600000,   4.48000,
,,,0.040039640000,   4.44000,
,,,0.040039680000,   4.44000,
,,,0.040039720000,   4.44000,
,,,0.040039760000,   4.44000,
,,,0.040039800000,   4.44000,
,,,0.040039840000,   4.44000,
,,,0.040039880000,   4.44000,
,,,0.040039920000,   4.48000,
,,,0.040039960000,   4.44000,
,,,0.040040000000,   4.48000,
,,,0.040040040000,   4.44000,
,,,0.040040080000,   4.44000,
,,,0.040040120000,   4.44000,
,,,0.040040160000,   4.44000,
,,,0.040040200000,   4.40000,
,,,0.040040240000,   4.44000,
,,,0.040040280000,   4.48000,
,,,0.040040320000,   4.44000,
,,,0.040040360000,   4.44000,
,,,0.040040400000,   4.40000,
,,,0.040040440000,   4.48000,
,,,0.040040480000,   4.44000,
,,,0.040040520000,   4.44000,
,,,0.040040560000,   4.40000,
,,,0.040040600000,   4.44000,
,,,0.040040640000,   4.48000,
,,,0.040040680000,   4.44000,
,,,0.040040720000,   4.44000,
,,,0.040040760000,   4.40000,
,,,0.040040800000,   4.44000,
,,,0.040040840000,   4.44000,
,,,0.040040880000,   4.48000,
,,,0.040040920000,   4.40000,
,,,0.040040960000,   4.44000,
,,,0.040041000000,   4.48000,
,,,0.040041040000,   4.48000,
,,,0.040041080000,   4.44000,
,,,0.040041120000,   4.44000,
,,,0.040041160000,   4.40000,
,,,0.040041200000,   4.48000,
,,,0.040041240000,   4.44000,
,,,0.040041280000,   4.48000,
,,,0.040041320000,   4.44000,
,,,0.040041360000,   4.44000,
,,,0.040041400000,   4.44000,
,,,0.040041440000,   4.44000,
,,,0.040041480000,   4.44000,
,,,0.040041520000,   4.48000,
,,,0.040041560000,   4.48000,
,,,0.040041600000,   4.44000,
,,,0.040041640000,   4.44000,
,,,0.040041680000,   4.44000,
,,,0.040041720000,   4.44000,
,,,0.040041760000,   4.44000,
,,,0.040041800000,   4.40000,
,,,0.040041840000,   4.44000,
,,,0.040041880000,   4.44000,
,,,0.040041920000,   4.44000,
,,,0.040041960000,   4.44000,
,,,0.040042000000,   4.44000,
,,,0.040042040000,   4.44000,
,,,0.040042080000,   4.44000,
,,,0.040042120000,   4.48000,
,,,0.040042160000,   4.44000,
,,,0.040042200000,   4.44000,
,,,0.040042240000,   4.44000,
,,,0.040042280000,   4.44000,
,,,0.040042320000,   4.44000,
,,,0.040042360000,   4.48000,
,,,0.040042400000,   4.44000,
,,,0.040042440000,   4.44000,
,,,0.040042480000,   4.40000,
,,,0.040042520000,   4.48000,
,,,0.040042560000,   4.44000,
,,,0.040042600000,   4.48000,
,,,0.040042640000,   4.48000,
,,,0.040042680000,   4.40000,
,,,0.040042720000,   4.44000,
,,,0.040042760000,   4.44000,
,,,0.040042800000,   4.40000,
,,,0.040042840000,   4.44000,
,,,0.040042880000,   4.48000,
,,,0.040042920000,   4.48000,
,,,0.040042960000,   4.44000,
,,,0.040043000000,   4.44000,
,,,0.040043040000,   4.44000,
,,,0.040043080000,   4.44000,
,,,0.040043120000,   4.44000,
,,,0.040043160000,   4.40000,
,,,0.040043200000,   4.48000,
,,,0.040043240000,   4.44000,
,,,0.040043280000,   4.44000,
,,,0.040043320000,   4.44000,
,,,0.040043360000,   4.44000,
,,,0.040043400000,   4.44000,
,,,0.040043440000,   4.40000,
,,,0.040043480000,   4.40000,
,,,0.040043520000,   4.48000,
,,,0.040043560000,   4.48000,
,,,0.040043600000,   4.48000,
,,,0.040043640000,   4.48000,
,,,0.040043680000,   4.44000,
,,,0.040043720000,   4.44000,
,,,0.040043760000,   4.44000,
,,,0.040043800000,   4.44000,
,,,0.040043840000,   4.44000,
,,,0.040043880000,   4.44000,
,,,0.040043920000,   4.44000,
,,,0.040043960000,   4.48000,
,,,0.040044000000,   4.44000,
,,,0.040044040000,   4.44000,
,,,0.040044080000,   4.44000,
,,,0.040044120000,   4.40000,
,,,0.040044160000,   4.44000,
,,,0.040044200000,   4.48000,
,,,0.040044240000,   4.48000,
,,,0.040044280000,   4.44000,
,,,0.040044320000,   4.44000,
,,,0.040044360000,   4.40000,
,,,0.040044400000,   4.44000,
,,,0.040044440000,   4.48000,
,,,0.040044480000,   4.44000,
,,,0.040044520000,   4.40000,
,,,0.040044560000,   4.44000,
,,,0.040044600000,   4.44000,
,,,0.040044640000,   4.44000,
,,,0.040044680000,   4.44000,
,,,0.040044720000,   4.40000,
,,,0.040044760000,   4.44000,
,,,0.040044800000,   4.40000,
,,,0.040044840000,   4.44000,
,,,0.040044880000,   4.44000,
,,,0.040044920000,   4.48000,
,,,0.040044960000,   4.44000,
,,,0.040045000000,   4.52000,
,,,0.040045040000,   4.44000,
,,,0.040045080000,   4.48000,
,,,0.040045120000,   4.44000,
,,,0.040045160000,   4.48000,
,,,0.040045200000,   4.48000,
,,,0.040045240000,   4.44000,
,,,0.040045280000,   4.48000,
,,,0.040045320000,   4.44000,
,,,0.040045360000,   4.40000,
,,,0.040045400000,   4.40000,
,,,0.040045440000,   4.44000,
,,,0.040045480000,   4.40000,
,,,0.040045520000,   4.44000,
,,,0.040045560000,   4.44000,
,,,0.040045600000,   4.44000,
,,,0.040045640000,   4.44000,
,,,0.040045680000,   4.48000,
,,,0.040045720000,   4.44000,
,,,0.040045760000,   4.44000,
,,,0.040045800000,   4.44000,
,,,0.040045840000,   4.44000,
,,,0.040045880000,   4.40000,
,,,0.040045920000,   4.44000,
,,,0.040045960000,   4.40000,
,,,0.040046000000,   4.48000,
,,,0.040046040000,   4.44000,
,,,0.040046080000,   4.48000,
,,,0.040046120000,   4.44000,
,,,0.040046160000,   4.44000,
,,,0.040046200000,   4.44000,
,,,0.040046240000,   4.44000,
,,,0.040046280000,   4.40000,
,,,0.040046320000,   4.40000,
,,,0.040046360000,   4.48000,
,,,0.040046400000,   4.44000,
,,,0.040046440000,   4.40000,
,,,0.040046480000,   4.44000,
,,,0.040046520000,   4.44000,
,,,0.040046560000,   4.44000,
,,,0.040046600000,   4.48000,
,,,0.040046640000,   4.40000,
,,,0.040046680000,   4.40000,
,,,0.040046720000,   4.44000,
,,,0.040046760000,   4.40000,
,,,0.040046800000,   4.44000,
,,,0.040046840000,   4.44000,
,,,0.040046880000,   4.44000,
,,,0.040046920000,   4.48000,
,,,0.040046960000,   4.44000,
,,,0.040047000000,   4.44000,
,,,0.040047040000,   4.40000,
,,,0.040047080000,   4.44000,
,,,0.040047120000,   4.48000,
,,,0.040047160000,   4.48000,
,,,0.040047200000,   4.44000,
,,,0.040047240000,   4.44000,
,,,0.040047280000,   4.44000,
,,,0.040047320000,   4.44000,
,,,0.040047360000,   4.44000,
,,,0.040047400000,   4.44000,
,,,0.040047440000,   4.44000,
,,,0.040047480000,   4.44000,
,,,0.040047520000,   4.44000,
,,,0.040047560000,   4.44000,
,,,0.040047600000,   4.44000,
,,,0.040047640000,   4.44000,
,,,0.040047680000,   4.44000,
,,,0.040047720000,   4.44000,
,,,0.040047760000,   4.44000,
,,,0.040047800000,   4.44000,
,,,0.040047840000,   4.44000,
,,,0.040047880000,   4.44000,
,,,0.040047920000,   4.48000,
,,,0.040047960000,   4.44000,
,,,0.040048000000,   4.44000,
,,,0.040048040000,   4.44000,
,,,0.040048080000,   4.44000,
,,,0.040048120000,   4.44000,
,,,0.040048160000,   4.44000,
,,,0.040048200000,   4.48000,
,,,0.040048240000,   4.48000,
,,,0.040048280000,   4.44000,
,,,0.040048320000,   4.48000,
,,,0.040048360000,   4.44000,
,,,0.040048400000,   4.48000,
,,,0.040048440000,   4.44000,
,,,0.040048480000,   4.44000,
,,,0.040048520000,   4.44000,
,,,0.040048560000,   4.48000,
,,,0.040048600000,   4.48000,
,,,0.040048640000,   4.48000,
,,,0.040048680000,   4.44000,
,,,0.040048720000,   4.48000,
,,,0.040048760000,   4.44000,
,,,0.040048800000,   4.48000,
,,,0.040048840000,   4.44000,
,,,0.040048880000,   4.48000,
,,,0.040048920000,   4.52000,
,,,0.040048960000,   4.52000,
,,,0.040049000000,   4.48000,
,,,0.040049040000,   4.44000,
,,,0.040049080000,   4.44000,
,,,0.040049120000,   4.48000,
,,,0.040049160000,   4.44000,
,,,0.040049200000,   4.48000,
,,,0.040049240000,   4.44000,
,,,0.040049280000,   4.44000,
,,,0.040049320000,   4.44000,
,,,0.040049360000,   4.44000,
,,,0.040049400000,   4.40000,
,,,0.040049440000,   4.44000,
,,,0.040049480000,   4.48000,
,,,0.040049520000,   4.52000,
,,,0.040049560000,   4.44000,
,,,0.040049600000,   4.48000,
,,,0.040049640000,   4.44000,
,,,0.040049680000,   4.44000,
,,,0.040049720000,   4.48000,
,,,0.040049760000,   4.44000,
,,,0.040049800000,   4.48000,
,,,0.040049840000,   4.44000,
,,,0.040049880000,   4.48000,
,,,0.040049920000,   4.44000,
,,,0.040049960000,   4.52000,
,,,0.040050000000,   4.48000,
,,,0.040050040000,   4.52000,
,,,0.040050080000,   4.40000,
,,,0.040050120000,   4.44000,
,,,0.040050160000,   4.44000,
,,,0.040050200000,   4.44000,
,,,0.040050240000,   4.44000,
,,,0.040050280000,   4.40000,
,,,0.040050320000,   4.48000,
,,,0.040050360000,   4.44000,
,,,0.040050400000,   4.48000,
,,,0.040050440000,   4.44000,
,,,0.040050480000,   4.48000,
,,,0.040050520000,   4.48000,
,,,0.040050560000,   4.48000,
,,,0.040050600000,   4.44000,
,,,0.040050640000,   4.48000,
,,,0.040050680000,   4.40000,
,,,0.040050720000,   4.44000,
,,,0.040050760000,   4.40000,
,,,0.040050800000,   4.52000,
,,,0.040050840000,   4.48000,
,,,0.040050880000,   4.40000,
,,,0.040050920000,   4.44000,
,,,0.040050960000,   4.44000,
,,,0.040051000000,   4.40000,
,,,0.040051040000,   4.44000,
,,,0.040051080000,   4.48000,
,,,0.040051120000,   4.48000,
,,,0.040051160000,   4.44000,
,,,0.040051200000,   4.48000,
,,,0.040051240000,   4.44000,
,,,0.040051280000,   4.48000,
,,,0.040051320000,   4.44000,
,,,0.040051360000,   4.44000,
,,,0.040051400000,   4.40000,
,,,0.040051440000,   4.48000,
,,,0.040051480000,   4.52000,
,,,0.040051520000,   4.44000,
,,,0.040051560000,   4.48000,
,,,0.040051600000,   4.44000,
,,,0.040051640000,   4.44000,
,,,0.040051680000,   4.44000,
,,,0.040051720000,   4.44000,
,,,0.040051760000,   4.48000,
,,,0.040051800000,   4.44000,
,,,0.040051840000,   4.40000,
,,,0.040051880000,   4.48000,
,,,0.040051920000,   4.40000,
,,,0.040051960000,   4.44000,
,,,0.040052000000,   4.44000,
,,,0.040052040000,   4.44000,
,,,0.040052080000,   4.44000,
,,,0.040052120000,   4.44000,
,,,0.040052160000,   4.44000,
,,,0.040052200000,   4.44000,
,,,0.040052240000,   4.44000,
,,,0.040052280000,   4.40000,
,,,0.040052320000,   4.44000,
,,,0.040052360000,   4.44000,
,,,0.040052400000,   4.44000,
,,,0.040052440000,   4.44000,
,,,0.040052480000,   4.40000,
,,,0.040052520000,   4.44000,
,,,0.040052560000,   4.44000,
,,,0.040052600000,   4.44000,
,,,0.040052640000,   4.44000,
,,,0.040052680000,   4.44000,
,,,0.040052720000,   4.44000,
,,,0.040052760000,   4.44000,
,,,0.040052800000,   4.40000,
,,,0.040052840000,   4.44000,
,,,0.040052880000,   4.44000,
,,,0.040052920000,   4.48000,
,,,0.040052960000,   4.44000,
,,,0.040053000000,   4.44000,
,,,0.040053040000,   4.44000,
,,,0.040053080000,   4.48000,
,,,0.040053120000,   4.44000,
,,,0.040053160000,   4.48000,
,,,0.040053200000,   4.44000,
,,,0.040053240000,   4.44000,
,,,0.040053280000,   4.44000,
,,,0.040053320000,   4.40000,
,,,0.040053360000,   4.44000,
,,,0.040053400000,   4.44000,
,,,0.040053440000,   4.48000,
,,,0.040053480000,   4.48000,
,,,0.040053520000,   4.44000,
,,,0.040053560000,   4.44000,
,,,0.040053600000,   4.48000,
,,,0.040053640000,   4.44000,
,,,0.040053680000,   4.44000,
,,,0.040053720000,   4.44000,
,,,0.040053760000,   4.48000,
,,,0.040053800000,   4.40000,
,,,0.040053840000,   4.44000,
,,,0.040053880000,   4.40000,
,,,0.040053920000,   4.44000,
,,,0.040053960000,   4.44000,
,,,0.040054000000,   4.52000,
,,,0.040054040000,   4.44000,
,,,0.040054080000,   4.40000,
,,,0.040054120000,   4.44000,
,,,0.040054160000,   4.48000,
,,,0.040054200000,   4.44000,
,,,0.040054240000,   4.44000,
,,,0.040054280000,   4.40000,
,,,0.040054320000,   4.00000,
,,,0.040054360000,   0.16000,
,,,0.040054400000,   0.80000,
,,,0.040054440000,   0.44000,
,,,0.040054480000,   1.28000,
,,,0.040054520000,   1.12000,
,,,0.040054560000,   0.12000,
,,,0.040054600000,   1.04000,
,,,0.040054640000,   1.28000,
,,,0.040054680000,   0.20000,
,,,0.040054720000,   0.92000,
,,,0.040054760000,   1.36000,
,,,0.040054800000,   0.32000,
,,,0.040054840000,   0.84000,
,,,0.040054880000,   1.36000,
,,,0.040054920000,   0.24000,
,,,0.040054960000,   0.84000,
,,,0.040055000000,   1.28000,
,,,0.040055040000,   0.20000,
,,,0.040055080000,   0.96000,
,,,0.040055120000,   1.16000,
,,,0.040055160000,   0.24000,
,,,0.040055200000,   1.08000,
,,,0.040055240000,   0.96000,
,,,0.040055280000,   0.16000,
,,,0.040055320000,   1.28000,
,,,0.040055360000,   0.80000,
,,,0.040055400000,   0.20000,
,,,0.040055440000,   1.40000,
,,,0.040055480000,   0.68000,
,,,0.040055520000,   0.20000,
,,,0.040055560000,   1.44000,
,,,0.040055600000,   0.48000,
,,,0.040055640000,   0.24000,
,,,0.040055680000,   1.44000,
,,,0.040055720000,   0.44000,
,,,0.040055760000,   0.32000,
,,,0.040055800000,   1.40000,
,,,0.040055840000,   0.44000,
,,,0.040055880000,   0.28000,
,,,0.040055920000,   1.36000,
,,,0.040055960000,   0.40000,
,,,0.040056000000,   0.24000,
,,,0.040056040000,   1.32000,
,,,0.040056080000,   0.48000,
,,,0.040056120000,   0.12000,
,,,0.040056160000,   1.04000,
,,,0.040056200000,   0.80000,
,,,0.040056240000,   0.20000,
,,,0.040056280000,   0.20000,
,,,0.040056320000,   0.92000,
,,,0.040056360000,   0.76000,
,,,0.040056400000,   0.28000,
,,,0.040056440000,   0.04000,
,,,0.040056480000,   0.00000,
,,,0.040056520000,   0.08000,
,,,0.040056560000,   0.08000,
,,,0.040056600000,   0.08000,
,,,0.040056640000,   0.12000,
,,,0.040056680000,   0.12000,
,,,0.040056720000,   0.16000,
,,,0.040056760000,   0.16000,
,,,0.040056800000,   0.16000,
,,,0.040056840000,   0.12000,
,,,0.040056880000,   0.16000,
,,,0.040056920000,   0.16000,
,,,0.040056960000,   0.16000,
,,,0.040057000000,   0.12000,
,,,0.040057040000,   0.12000,
,,,0.040057080000,   0.12000,
,,,0.040057120000,   0.16000,
,,,0.040057160000,   0.12000,
,,,0.040057200000,   0.16000,
,,,0.040057240000,   0.16000,
,,,0.040057280000,   0.12000,
,,,0.040057320000,   0.20000,
,,,0.040057360000,   0.16000,
,,,0.040057400000,   0.16000,
,,,0.040057440000,   0.16000,
,,,0.040057480000,   0.16000,
,,,0.040057520000,   0.16000,
,,,0.040057560000,   0.20000,
,,,0.040057600000,   0.12000,
,,,0.040057640000,   0.24000,
,,,0.040057680000,   0.16000,
,,,0.040057720000,   0.24000,
,,,0.040057760000,   0.16000,
,,,0.040057800000,   0.16000,
,,,0.040057840000,   0.16000,
,,,0.040057880000,   0.16000,
,,,0.040057920000,   0.12000,
,,,0.040057960000,   0.08000,
,,,0.040058000000,   0.16000,
,,,0.040058040000,   0.12000,
,,,0.040058080000,   0.16000,
,,,0.040058120000,   0.16000,
,,,0.040058160000,   0.12000,
,,,0.040058200000,   0.20000,
,,,0.040058240000,   0.16000,
,,,0.040058280000,   0.12000,
,,,0.040058320000,   0.20000,
,,,0.040058360000,   0.16000,
,,,0.040058400000,   0.20000,
,,,0.040058440000,   0.16000,
,,,0.040058480000,   0.12000,
,,,0.040058520000,   0.16000,
,,,0.040058560000,   0.12000,
,,,0.040058600000,   0.24000,
,,,0.040058640000,   0.12000,
,,,0.040058680000,   0.12000,
,,,0.040058720000,   0.12000,
,,,0.040058760000,   0.20000,
,,,0.040058800000,   0.12000,
,,,0.040058840000,   0.16000,
,,,0.040058880000,   0.16000,
,,,0.040058920000,   0.12000,
,,,0.040058960000,   0.16000,
,,,0.040059000000,   0.16000,
,,,0.040059040000,   0.28000,
,,,0.040059080000,   0.20000,
,,,0.040059120000,   0.12000,
,,,0.040059160000,   0.12000,
,,,0.040059200000,   0.16000,
,,,0.040059240000,   0.16000,
,,,0.040059280000,   0.16000,
,,,0.040059320000,   0.12000,
,,,0.040059360000,   0.12000,
,,,0.040059400000,   0.16000,
,,,0.040059440000,   0.16000,
,,,0.040059480000,   0.12000,
,,,0.040059520000,   0.16000,
,,,0.040059560000,   0.16000,
,,,0.040059600000,   0.20000,
,,,0.040059640000,   0.20000,
,,,0.040059680000,   0.16000,
,,,0.040059720000,   0.20000,
,,,0.040059760000,   0.20000,
,,,0.040059800000,   0.20000,
,,,0.040059840000,   0.16000,
,,,0.040059880000,   0.16000,
,,,0.040059920000,   0.12000,
,,,0.040059960000,   0.16000,
,,,0.040060000000,   0.16000,
,,,0.040060040000,   0.16000,
,,,0.040060080000,   0.16000,
,,,0.040060120000,   0.08000,
,,,0.040060160000,   0.16000,
,,,0.040060200000,   0.12000,
,,,0.040060240000,   0.16000,
,,,0.040060280000,   0.12000,
,,,0.040060320000,   0.16000,
,,,0.040060360000,   0.20000,
,,,0.040060400000,   0.16000,
,,,0.040060440000,   0.16000,
,,,0.040060480000,   0.16000,
,,,0.040060520000,   0.08000,
,,,0.040060560000,   0.16000,
,,,0.040060600000,   0.16000,
,,,0.040060640000,   0.12000,
,,,0.040060680000,   0.16000,
,,,0.040060720000,   0.12000,
,,,0.040060760000,   0.20000,
,,,0.040060800000,   0.12000,
,,,0.040060840000,   0.24000,
,,,0.040060880000,   0.12000,
,,,0.040060920000,   0.12000,
,,,0.040060960000,   0.16000,
,,,0.040061000000,   0.12000,
,,,0.040061040000,   0.12000,
,,,0.040061080000,   0.16000,
,,,0.040061120000,   0.16000,
,,,0.040061160000,   0.16000,
,,,0.040061200000,   0.16000,
,,,0.040061240000,   0.16000,
,,,0.040061280000,   0.20000,
,,,0.040061320000,   0.20000,
,,,0.040061360000,   0.16000,
,,,0.040061400000,   0.16000,
,,,0.040061440000,   0.16000,
,,,0.040061480000,   0.16000,
,,,0.040061520000,   0.16000,
,,,0.040061560000,   0.12000,
,,,0.040061600000,   0.16000,
,,,0.040061640000,   0.12000,
,,,0.040061680000,   0.16000,
,,,0.040061720000,   0.16000,
,,,0.040061760000,   0.12000,
,,,0.040061800000,   0.16000,
,,,0.040061840000,   0.16000,
,,,0.040061880000,   0.16000,
,,,0.040061920000,   0.16000,
,,,0.040061960000,   0.16000,
,,,0.040062000000,   0.12000,
,,,0.040062040000,   0.20000,
,,,0.040062080000,   0.16000,
,,,0.040062120000,   0.08000,
,,,0.040062160000,   0.16000,
,,,0.040062200000,   0.12000,
,,,0.040062240000,   0.12000,
,,,0.040062280000,   0.20000,
,,,0.040062320000,   0.12000,
,,,0.040062360000,   0.16000,
,,,0.040062400000,   0.12000,
,,,0.040062440000,   0.16000,
,,,0.040062480000,   0.20000,
,,,0.040062520000,   0.12000,
,,,0.040062560000,   0.16000,
,,,0.040062600000,   0.16000,
,,,0.040062640000,   0.12000,
,,,0.040062680000,   0.16000,
,,,0.040062720000,   0.16000,
,,,0.040062760000,   0.12000,
