Record Length,2.500000e+03,,   1.773680000000,  -0.12000,
Sample Interval,2.000000e-05,,   1.773700000000,  -0.12000,
Trigger Point,-8.868400000000e+04,,   1.773720000000,  -0.12000,
,,,   1.773740000000,  -0.12000,
,,,   1.773760000000,  -0.12000,
,,,   1.773780000000,  -0.12000,
Source,MATH,,   1.773800000000,  -0.12000,
Vertical Units,VV,,   1.773820000000,  -0.12000,
Vertical Scale,1.000000e+00,,   1.773840000000,  -0.12000,
Vertical Offset,4.000000e-02,,   1.773860000000,  -0.12000,
Horizontal Units,s,,   1.773880000000,  -0.12000,
Horizontal Scale,5.000000e-03,,   1.773900000000,  -0.12000,
Pt Fmt,Y,,   1.773920000000,  -0.12000,
Yzero,0.000000e+00,,   1.773940000000,  -0.12000,
Probe Atten,1.000000e+00,,   1.773960000000,  -0.12000,
Model Number,TBS1104,,   1.773980000000,  -0.12000,
Serial Number,C014641,,   1.774000000000,  -2.52000,
Firmware Version,FV:v26.05,,   1.774020000000,  -2.52000,
,,,1.774040000000,  -2.52000,
,,,1.774060000000,  -2.52000,
,,,1.774080000000,  -2.52000,
,,,1.774100000000,  -2.52000,
,,,1.774120000000,  -0.04000,
,,,1.774140000000,  -0.04000,
,,,1.774160000000,  -0.04000,
,,,1.774180000000,  -0.04000,
,,,1.774200000000,  -0.04000,
,,,1.774220000000,  -0.04000,
,,,1.774240000000,  -0.04000,
,,,1.774260000000,  -0.04000,
,,,1.774280000000,  -0.04000,
,,,1.774300000000,  -0.04000,
,,,1.774320000000,  -0.08000,
,,,1.774340000000,  -0.08000,
,,,1.774360000000,  -0.08000,
,,,1.774380000000,  -0.08000,
,,,1.774400000000,  -0.08000,
,,,1.774420000000,  -0.08000,
,,,1.774440000000,  -0.12000,
,,,1.774460000000,  -0.12000,
,,,1.774480000000,  -0.12000,
,,,1.774500000000,  -0.12000,
,,,1.774520000000,  -0.12000,
,,,1.774540000000,  -0.12000,
,,,1.774560000000,  -0.12000,
,,,1.774580000000,  -0.12000,
,,,1.774600000000,  -0.12000,
,,,1.774620000000,  -0.12000,
,,,1.774640000000,  -0.12000,
,,,1.774660000000,  -0.12000,
,,,1.774680000000,  -0.12000,
,,,1.774700000000,  -0.12000,
,,,1.774720000000,  -0.12000,
,,,1.774740000000,  -0.12000,
,,,1.774760000000,  -0.12000,
,,,1.774780000000,  -0.12000,
,,,1.774800000000,  -0.12000,
,,,1.774820000000,  -0.12000,
,,,1.774840000000,   0.00000,
,,,1.774860000000,  -0.12000,
,,,1.774880000000,  -0.12000,
,,,1.774900000000,  -0.12000,
,,,1.774920000000,  -0.12000,
,,,1.774940000000,  -0.12000,
,,,1.774960000000,  -0.12000,
,,,1.774980000000,  -0.12000,
,,,1.775000000000,  -2.08000,
,,,1.775020000000,  -2.12000,
,,,1.775040000000,  -2.12000,
,,,1.775060000000,  -2.12000,
,,,1.775080000000,  -2.08000,
,,,1.775100000000,  -2.08000,
,,,1.775120000000,  -0.04000,
,,,1.775140000000,  -0.04000,
,,,1.775160000000,  -0.04000,
,,,1.775180000000,  -0.04000,
,,,1.775200000000,  -0.04000,
,,,1.775220000000,  -0.04000,
,,,1.775240000000,  -0.04000,
,,,1.775260000000,  -0.04000,
,,,1.775280000000,  -0.04000,
,,,1.775300000000,  -0.04000,
,,,1.775320000000,  -0.08000,
,,,1.775340000000,  -0.08000,
,,,1.775360000000,  -0.08000,
,,,1.775380000000,  -0.08000,
,,,1.775400000000,  -0.08000,
,,,1.775420000000,  -0.08000,
,,,1.775440000000,  -0.12000,
,,,1.775460000000,  -0.12000,
,,,1.775480000000,  -0.12000,
,,,1.775500000000,  -0.12000,
,,,1.775520000000,  -0.12000,
,,,1.775540000000,  -0.12000,
,,,1.775560000000,  -0.12000,
,,,1.775580000000,  -0.12000,
,,,1.775600000000,  -0.12000,
,,,1.775620000000,  -0.12000,
,,,1.775640000000,  -0.20000,
,,,1.775660000000,  -0.12000,
,,,1.775680000000,  -0.08000,
,,,1.775700000000,  -0.08000,
,,,1.775720000000,  -0.08000,
,,,1.775740000000,  -0.08000,
,,,1.775760000000,  -0.08000,
,,,1.775780000000,  -0.08000,
,,,1.775800000000,  -0.08000,
,,,1.775820000000,   0.00000,
,,,1.775840000000,  -0.08000,
,,,1.775860000000,  -0.08000,
,,,1.775880000000,  -0.08000,
,,,1.775900000000,  -0.08000,
,,,1.775920000000,  -0.08000,
,,,1.775940000000,  -0.12000,
,,,1.775960000000,  -0.08000,
,,,1.775980000000,  -0.08000,
,,,1.776000000000,  -1.92000,
,,,1.776020000000,  -1.92000,
,,,1.776040000000,  -1.92000,
,,,1.776060000000,  -1.96000,
,,,1.776080000000,  -1.92000,
,,,1.776100000000,  -2.00000,
,,,1.776120000000,  -0.04000,
,,,1.776140000000,  -0.04000,
,,,1.776160000000,  -0.04000,
,,,1.776180000000,  -0.04000,
,,,1.776200000000,  -0.04000,
,,,1.776220000000,  -0.04000,
,,,1.776240000000,  -0.04000,
,,,1.776260000000,  -0.04000,
,,,1.776280000000,  -0.04000,
,,,1.776300000000,  -0.04000,
,,,1.776320000000,  -0.08000,
,,,1.776340000000,  -0.08000,
,,,1.776360000000,  -0.08000,
,,,1.776380000000,  -0.08000,
,,,1.776400000000,  -0.16000,
,,,1.776420000000,  -0.08000,
,,,1.776440000000,  -0.12000,
,,,1.776460000000,  -0.12000,
,,,1.776480000000,  -0.12000,
,,,1.776500000000,  -0.12000,
,,,1.776520000000,  -0.12000,
,,,1.776540000000,  -0.12000,
,,,1.776560000000,  -0.12000,
,,,1.776580000000,  -0.12000,
,,,1.776600000000,  -0.12000,
,,,1.776620000000,  -0.12000,
,,,1.776640000000,  -0.12000,
,,,1.776660000000,  -0.12000,
,,,1.776680000000,  -0.08000,
,,,1.776700000000,  -0.08000,
,,,1.776720000000,  -0.08000,
,,,1.776740000000,  -0.08000,
,,,1.776760000000,  -0.08000,
,,,1.776780000000,  -0.08000,
,,,1.776800000000,  -0.08000,
,,,1.776820000000,  -0.08000,
,,,1.776840000000,  -0.08000,
,,,1.776860000000,  -0.08000,
,,,1.776880000000,  -0.08000,
,,,1.776900000000,  -0.08000,
,,,1.776920000000,  -0.08000,
,,,1.776940000000,   0.00000,
,,,1.776960000000,  -0.08000,
,,,1.776980000000,  -0.08000,
,,,1.777000000000,  -1.68000,
,,,1.777020000000,  -1.72000,
,,,1.777040000000,  -1.76000,
,,,1.777060000000,  -1.72000,
,,,1.777080000000,  -1.80000,
,,,1.777100000000,  -1.80000,
,,,1.777120000000,  -0.04000,
,,,1.777140000000,  -0.04000,
,,,1.777160000000,  -0.04000,
,,,1.777180000000,  -0.04000,
,,,1.777200000000,  -0.04000,
,,,1.777220000000,  -0.04000,
,,,1.777240000000,  -0.04000,
,,,1.777260000000,  -0.04000,
,,,1.777280000000,  -0.04000,
,,,1.777300000000,  -0.04000,
,,,1.777320000000,  -0.08000,
,,,1.777340000000,  -0.08000,
,,,1.777360000000,  -0.08000,
,,,1.777380000000,  -0.08000,
,,,1.777400000000,  -0.08000,
,,,1.777420000000,  -0.08000,
,,,1.777440000000,  -0.04000,
,,,1.777460000000,  -0.04000,
,,,1.777480000000,  -0.04000,
,,,1.777500000000,  -0.04000,
,,,1.777520000000,  -0.04000,
,,,1.777540000000,  -0.04000,
,,,1.777560000000,  -0.08000,
,,,1.777580000000,  -0.08000,
,,,1.777600000000,  -0.08000,
,,,1.777620000000,  -0.08000,
,,,1.777640000000,  -0.08000,
,,,1.777660000000,  -0.08000,
,,,1.777680000000,  -0.08000,
,,,1.777700000000,  -0.08000,
,,,1.777720000000,  -0.08000,
,,,1.777740000000,  -0.08000,
,,,1.777760000000,  -0.08000,
,,,1.777780000000,  -0.08000,
,,,1.777800000000,  -0.08000,
,,,1.777820000000,  -0.08000,
,,,1.777840000000,  -0.08000,
,,,1.777860000000,  -0.08000,
,,,1.777880000000,  -0.08000,
,,,1.777900000000,  -0.08000,
,,,1.777920000000,  -0.08000,
,,,1.777940000000,  -0.08000,
,,,1.777960000000,  -0.08000,
,,,1.777980000000,  -0.08000,
,,,1.778000000000,  -1.28000,
,,,1.778020000000,  -1.28000,
,,,1.778040000000,  -1.28000,
,,,1.778060000000,  -1.28000,
,,,1.778080000000,  -1.32000,
,,,1.778100000000,  -1.36000,
,,,1.778120000000,  -0.04000,
,,,1.778140000000,  -0.04000,
,,,1.778160000000,  -0.04000,
,,,1.778180000000,  -0.04000,
,,,1.778200000000,  -0.04000,
,,,1.778220000000,  -0.04000,
,,,1.778240000000,  -0.04000,
,,,1.778260000000,  -0.04000,
,,,1.778280000000,  -0.04000,
,,,1.778300000000,  -0.04000,
,,,1.778320000000,  -0.08000,
,,,1.778340000000,  -0.08000,
,,,1.778360000000,  -0.08000,
,,,1.778380000000,  -0.08000,
,,,1.778400000000,  -0.08000,
,,,1.778420000000,  -0.08000,
,,,1.778440000000,  -0.04000,
,,,1.778460000000,  -0.04000,
,,,1.778480000000,  -0.04000,
,,,1.778500000000,  -0.04000,
,,,1.778520000000,  -0.04000,
,,,1.778540000000,  -0.04000,
,,,1.778560000000,  -0.08000,
,,,1.778580000000,  -0.08000,
,,,1.778600000000,  -0.08000,
,,,1.778620000000,  -0.08000,
,,,1.778640000000,  -0.08000,
,,,1.778660000000,  -0.08000,
,,,1.778680000000,  -0.08000,
,,,1.778700000000,  -0.08000,
,,,1.778720000000,  -0.08000,
,,,1.778740000000,  -0.08000,
,,,1.778760000000,  -0.08000,
,,,1.778780000000,  -0.08000,
,,,1.778800000000,  -0.08000,
,,,1.778820000000,  -0.04000,
,,,1.778840000000,  -0.04000,
,,,1.778860000000,  -0.04000,
,,,1.778880000000,  -0.08000,
,,,1.778900000000,  -0.04000,
,,,1.778920000000,  -0.08000,
,,,1.778940000000,  -0.04000,
,,,1.778960000000,  -0.04000,
,,,1.778980000000,  -0.04000,
,,,1.779000000000,  -0.92000,
,,,1.779020000000,  -0.92000,
,,,1.779040000000,  -0.96000,
,,,1.779060000000,  -0.92000,
,,,1.779080000000,  -0.92000,
,,,1.779100000000,  -0.96000,
,,,1.779120000000,  -0.04000,
,,,1.779140000000,  -0.04000,
,,,1.779160000000,  -0.04000,
,,,1.779180000000,  -0.04000,
,,,1.779200000000,  -0.04000,
,,,1.779220000000,  -0.04000,
,,,1.779240000000,  -0.04000,
,,,1.779260000000,  -0.04000,
,,,1.779280000000,  -0.04000,
,,,1.779300000000,  -0.04000,
,,,1.779320000000,  -0.08000,
,,,1.779340000000,  -0.08000,
,,,1.779360000000,  -0.08000,
,,,1.779380000000,  -0.08000,
,,,1.779400000000,  -0.08000,
,,,1.779420000000,  -0.08000,
,,,1.779440000000,  -0.04000,
,,,1.779460000000,  -0.04000,
,,,1.779480000000,  -0.04000,
,,,1.779500000000,  -0.04000,
,,,1.779520000000,  -0.04000,
,,,1.779540000000,  -0.04000,
,,,1.779560000000,  -0.04000,
,,,1.779580000000,  -0.04000,
,,,1.779600000000,  -0.04000,
,,,1.779620000000,  -0.04000,
,,,1.779640000000,  -0.04000,
,,,1.779660000000,  -0.04000,
,,,1.779680000000,  -0.04000,
,,,1.779700000000,  -0.04000,
,,,1.779720000000,  -0.04000,
,,,1.779740000000,  -0.04000,
,,,1.779760000000,  -0.04000,
,,,1.779780000000,  -0.04000,
,,,1.779800000000,  -0.04000,
,,,1.779820000000,  -0.04000,
,,,1.779840000000,  -0.04000,
,,,1.779860000000,  -0.04000,
,,,1.779880000000,  -0.04000,
,,,1.779900000000,  -0.04000,
,,,1.779920000000,  -0.04000,
,,,1.779940000000,  -0.04000,
,,,1.779960000000,  -0.04000,
,,,1.779980000000,  -0.04000,
,,,1.780000000000,  -0.72000,
,,,1.780020000000,  -0.68000,
,,,1.780040000000,  -0.72000,
,,,1.780060000000,  -0.68000,
,,,1.780080000000,  -0.72000,
,,,1.780100000000,  -0.72000,
,,,1.780120000000,  -0.04000,
,,,1.780140000000,  -0.04000,
,,,1.780160000000,  -0.04000,
,,,1.780180000000,  -0.04000,
,,,1.780200000000,  -0.04000,
,,,1.780220000000,  -0.04000,
,,,1.780240000000,  -0.04000,
,,,1.780260000000,  -0.04000,
,,,1.780280000000,  -0.04000,
,,,1.780300000000,  -0.04000,
,,,1.780320000000,  -0.08000,
,,,1.780340000000,  -0.08000,
,,,1.780360000000,  -0.08000,
,,,1.780380000000,  -0.08000,
,,,1.780400000000,  -0.08000,
,,,1.780420000000,  -0.08000,
,,,1.780440000000,  -0.04000,
,,,1.780460000000,  -0.04000,
,,,1.780480000000,  -0.04000,
,,,1.780500000000,  -0.04000,
,,,1.780520000000,  -0.04000,
,,,1.780540000000,  -0.04000,
,,,1.780560000000,  -0.04000,
,,,1.780580000000,  -0.04000,
,,,1.780600000000,  -0.04000,
,,,1.780620000000,  -0.04000,
,,,1.780640000000,  -0.04000,
,,,1.780660000000,  -0.04000,
,,,1.780680000000,  -0.04000,
,,,1.780700000000,  -0.04000,
,,,1.780720000000,  -0.04000,
,,,1.780740000000,  -0.04000,
,,,1.780760000000,  -0.04000,
,,,1.780780000000,  -0.04000,
,,,1.780800000000,  -0.04000,
,,,1.780820000000,  -0.04000,
,,,1.780840000000,  -0.04000,
,,,1.780860000000,  -0.04000,
,,,1.780880000000,  -0.04000,
,,,1.780900000000,  -0.04000,
,,,1.780920000000,  -0.04000,
,,,1.780940000000,  -0.04000,
,,,1.780960000000,  -0.04000,
,,,1.780980000000,  -0.04000,
,,,1.781000000000,  -0.28000,
,,,1.781020000000,  -0.32000,
,,,1.781040000000,  -0.28000,
,,,1.781060000000,  -0.28000,
,,,1.781080000000,  -0.32000,
,,,1.781100000000,  -0.28000,
,,,1.781120000000,  -0.04000,
,,,1.781140000000,  -0.04000,
,,,1.781160000000,  -0.04000,
,,,1.781180000000,  -0.04000,
,,,1.781200000000,  -0.04000,
,,,1.781220000000,  -0.04000,
,,,1.781240000000,  -0.04000,
,,,1.781260000000,  -0.04000,
,,,1.781280000000,  -0.04000,
,,,1.781300000000,  -0.04000,
,,,1.781320000000,  -0.08000,
,,,1.781340000000,  -0.08000,
,,,1.781360000000,  -0.08000,
,,,1.781380000000,  -0.08000,
,,,1.781400000000,  -0.08000,
,,,1.781420000000,  -0.08000,
,,,1.781440000000,  -0.04000,
,,,1.781460000000,  -0.04000,
,,,1.781480000000,  -0.04000,
,,,1.781500000000,  -0.04000,
,,,1.781520000000,  -0.04000,
,,,1.781540000000,  -0.04000,
,,,1.781560000000,  -0.04000,
,,,1.781580000000,  -0.04000,
,,,1.781600000000,  -0.04000,
,,,1.781620000000,  -0.04000,
,,,1.781640000000,  -0.04000,
,,,1.781660000000,  -0.04000,
,,,1.781680000000,  -0.04000,
,,,1.781700000000,  -0.04000,
,,,1.781720000000,  -0.04000,
,,,1.781740000000,  -0.04000,
,,,1.781760000000,  -0.04000,
,,,1.781780000000,  -0.04000,
,,,1.781800000000,  -0.04000,
,,,1.781820000000,   0.00000,
,,,1.781840000000,  -0.04000,
,,,1.781860000000,  -0.04000,
,,,1.781880000000,  -0.04000,
,,,1.781900000000,  -0.04000,
,,,1.781920000000,  -0.04000,
,,,1.781940000000,  -0.04000,
,,,1.781960000000,  -0.04000,
,,,1.781980000000,  -0.04000,
,,,1.782000000000,  -0.08000,
,,,1.782020000000,  -0.12000,
,,,1.782040000000,  -0.08000,
,,,1.782060000000,  -0.08000,
,,,1.782080000000,  -0.08000,
,,,1.782100000000,  -0.08000,
,,,1.782120000000,  -0.04000,
,,,1.782140000000,  -0.04000,
,,,1.782160000000,  -0.04000,
,,,1.782180000000,  -0.04000,
,,,1.782200000000,  -0.04000,
,,,1.782220000000,  -0.04000,
,,,1.782240000000,  -0.04000,
,,,1.782260000000,  -0.04000,
,,,1.782280000000,  -0.04000,
,,,1.782300000000,  -0.04000,
,,,1.782320000000,  -0.08000,
,,,1.782340000000,  -0.08000,
,,,1.782360000000,  -0.08000,
,,,1.782380000000,  -0.08000,
,,,1.782400000000,  -0.08000,
,,,1.782420000000,  -0.08000,
,,,1.782440000000,  -0.04000,
,,,1.782460000000,  -0.04000,
,,,1.782480000000,  -0.04000,
,,,1.782500000000,  -0.04000,
,,,1.782520000000,  -0.04000,
,,,1.782540000000,  -0.04000,
,,,1.782560000000,  -0.04000,
,,,1.782580000000,  -0.04000,
,,,1.782600000000,  -0.04000,
,,,1.782620000000,  -0.04000,
,,,1.782640000000,  -0.04000,
,,,1.782660000000,  -0.04000,
,,,1.782680000000,  -0.04000,
,,,1.782700000000,  -0.04000,
,,,1.782720000000,  -0.04000,
,,,1.782740000000,  -0.04000,
,,,1.782760000000,  -0.04000,
,,,1.782780000000,  -0.04000,
,,,1.782800000000,  -0.04000,
,,,1.782820000000,  -0.04000,
,,,1.782840000000,  -0.04000,
,,,1.782860000000,  -0.04000,
,,,1.782880000000,  -0.04000,
,,,1.782900000000,  -0.04000,
,,,1.782920000000,  -0.04000,
,,,1.782940000000,  -0.04000,
,,,1.782960000000,  -0.04000,
,,,1.782980000000,  -0.04000,
,,,1.783000000000,  -0.08000,
,,,1.783020000000,  -0.12000,
,,,1.783040000000,  -0.08000,
,,,1.783060000000,  -0.12000,
,,,1.783080000000,  -0.08000,
,,,1.783100000000,  -0.08000,
,,,1.783120000000,  -0.04000,
,,,1.783140000000,  -0.04000,
,,,1.783160000000,  -0.04000,
,,,1.783180000000,  -0.04000,
,,,1.783200000000,  -0.04000,
,,,1.783220000000,  -0.04000,
,,,1.783240000000,  -0.04000,
,,,1.783260000000,  -0.04000,
,,,1.783280000000,  -0.04000,
,,,1.783300000000,  -0.04000,
,,,1.783320000000,  -0.08000,
,,,1.783340000000,  -0.08000,
,,,1.783360000000,  -0.08000,
,,,1.783380000000,  -0.08000,
,,,1.783400000000,   0.00000,
,,,1.783420000000,  -0.08000,
,,,1.783440000000,  -0.04000,
,,,1.783460000000,  -0.04000,
,,,1.783480000000,  -0.04000,
,,,1.783500000000,  -0.04000,
,,,1.783520000000,  -0.04000,
,,,1.783540000000,  -0.04000,
,,,1.783560000000,  -0.04000,
,,,1.783580000000,  -0.04000,
,,,1.783600000000,  -0.04000,
,,,1.783620000000,  -0.04000,
,,,1.783640000000,  -0.04000,
,,,1.783660000000,  -0.04000,
,,,1.783680000000,  -0.04000,
,,,1.783700000000,  -0.04000,
,,,1.783720000000,  -0.04000,
,,,1.783740000000,  -0.04000,
,,,1.783760000000,  -0.04000,
,,,1.783780000000,  -0.04000,
,,,1.783800000000,  -0.04000,
,,,1.783820000000,  -0.04000,
,,,1.783840000000,  -0.04000,
,,,1.783860000000,  -0.04000,
,,,1.783880000000,  -0.04000,
,,,1.783900000000,  -0.04000,
,,,1.783920000000,  -0.04000,
,,,1.783940000000,  -0.04000,
,,,1.783960000000,  -0.04000,
,,,1.783980000000,  -0.04000,
,,,1.784000000000,  -0.48000,
,,,1.784020000000,  -0.52000,
,,,1.784040000000,  -0.52000,
,,,1.784060000000,  -0.52000,
,,,1.784080000000,  -0.56000,
,,,1.784100000000,  -0.56000,
,,,1.784120000000,  -0.04000,
,,,1.784140000000,  -0.04000,
,,,1.784160000000,  -0.04000,
,,,1.784180000000,  -0.04000,
,,,1.784200000000,  -0.04000,
,,,1.784220000000,  -0.04000,
,,,1.784240000000,  -0.04000,
,,,1.784260000000,  -0.04000,
,,,1.784280000000,  -0.04000,
,,,1.784300000000,  -0.04000,
,,,1.784320000000,  -0.08000,
,,,1.784340000000,  -0.08000,
,,,1.784360000000,  -0.08000,
,,,1.784380000000,  -0.08000,
,,,1.784400000000,  -0.08000,
,,,1.784420000000,  -0.16000,
,,,1.784440000000,  -0.04000,
,,,1.784460000000,  -0.04000,
,,,1.784480000000,  -0.04000,
,,,1.784500000000,  -0.04000,
,,,1.784520000000,  -0.04000,
,,,1.784540000000,  -0.04000,
,,,1.784560000000,  -0.04000,
,,,1.784580000000,  -0.04000,
,,,1.784600000000,  -0.04000,
,,,1.784620000000,  -0.04000,
,,,1.784640000000,  -0.04000,
,,,1.784660000000,  -0.04000,
,,,1.784680000000,  -0.04000,
,,,1.784700000000,  -0.04000,
,,,1.784720000000,  -0.04000,
,,,1.784740000000,  -0.04000,
,,,1.784760000000,  -0.04000,
,,,1.784780000000,  -0.04000,
,,,1.784800000000,  -0.04000,
,,,1.784820000000,  -0.04000,
,,,1.784840000000,  -0.04000,
,,,1.784860000000,  -0.04000,
,,,1.784880000000,  -0.04000,
,,,1.784900000000,   0.00000,
,,,1.784920000000,  -0.08000,
,,,1.784940000000,  -0.04000,
,,,1.784960000000,  -0.04000,
,,,1.784980000000,  -0.04000,
,,,1.785000000000,  -0.72000,
,,,1.785020000000,  -0.68000,
,,,1.785040000000,  -0.72000,
,,,1.785060000000,  -0.72000,
,,,1.785080000000,  -0.76000,
,,,1.785100000000,  -0.72000,
,,,1.785120000000,  -0.04000,
,,,1.785140000000,  -0.04000,
,,,1.785160000000,  -0.04000,
,,,1.785180000000,  -0.04000,
,,,1.785200000000,  -0.04000,
,,,1.785220000000,  -0.04000,
,,,1.785240000000,  -0.04000,
,,,1.785260000000,  -0.04000,
,,,1.785280000000,  -0.04000,
,,,1.785300000000,  -0.04000,
,,,1.785320000000,  -0.08000,
,,,1.785340000000,  -0.08000,
,,,1.785360000000,  -0.08000,
,,,1.785380000000,  -0.08000,
,,,1.785400000000,  -0.08000,
,,,1.785420000000,  -0.08000,
,,,1.785440000000,  -0.04000,
,,,1.785460000000,  -0.04000,
,,,1.785480000000,  -0.04000,
,,,1.785500000000,  -0.04000,
,,,1.785520000000,  -0.04000,
,,,1.785540000000,  -0.04000,
,,,1.785560000000,  -0.08000,
,,,1.785580000000,  -0.08000,
,,,1.785600000000,  -0.08000,
,,,1.785620000000,  -0.08000,
,,,1.785640000000,  -0.08000,
,,,1.785660000000,  -0.08000,
,,,1.785680000000,  -0.08000,
,,,1.785700000000,  -0.08000,
,,,1.785720000000,  -0.08000,
,,,1.785740000000,  -0.08000,
,,,1.785760000000,  -0.08000,
,,,1.785780000000,  -0.08000,
,,,1.785800000000,  -0.08000,
,,,1.785820000000,  -0.08000,
,,,1.785840000000,  -0.08000,
,,,1.785860000000,  -0.08000,
,,,1.785880000000,  -0.08000,
,,,1.785900000000,  -0.08000,
,,,1.785920000000,  -0.08000,
,,,1.785940000000,  -0.08000,
,,,1.785960000000,  -0.08000,
,,,1.785980000000,  -0.08000,
,,,1.786000000000,  -1.08000,
,,,1.786020000000,  -1.08000,
,,,1.786040000000,  -1.08000,
,,,1.786060000000,  -1.12000,
,,,1.786080000000,  -1.16000,
,,,1.786100000000,  -1.12000,
,,,1.786120000000,   0.00000,
,,,1.786140000000,  -0.04000,
,,,1.786160000000,  -0.04000,
,,,1.786180000000,  -0.04000,
,,,1.786200000000,  -0.04000,
,,,1.786220000000,  -0.04000,
,,,1.786240000000,  -0.04000,
,,,1.786260000000,  -0.04000,
,,,1.786280000000,  -0.04000,
,,,1.786300000000,  -0.04000,
,,,1.786320000000,  -0.08000,
,,,1.786340000000,  -0.08000,
,,,1.786360000000,  -0.08000,
,,,1.786380000000,  -0.08000,
,,,1.786400000000,  -0.08000,
,,,1.786420000000,  -0.08000,
,,,1.786440000000,  -0.04000,
,,,1.786460000000,  -0.04000,
,,,1.786480000000,  -0.04000,
,,,1.786500000000,  -0.04000,
,,,1.786520000000,  -0.04000,
,,,1.786540000000,  -0.04000,
,,,1.786560000000,  -0.08000,
,,,1.786580000000,  -0.08000,
,,,1.786600000000,  -0.08000,
,,,1.786620000000,  -0.08000,
,,,1.786640000000,  -0.12000,
,,,1.786660000000,  -0.08000,
,,,1.786680000000,  -0.08000,
,,,1.786700000000,  -0.08000,
,,,1.786720000000,  -0.08000,
,,,1.786740000000,  -0.08000,
,,,1.786760000000,  -0.08000,
,,,1.786780000000,  -0.08000,
,,,1.786800000000,  -0.08000,
,,,1.786820000000,  -0.08000,
,,,1.786840000000,  -0.08000,
,,,1.786860000000,  -0.08000,
,,,1.786880000000,  -0.08000,
,,,1.786900000000,  -0.08000,
,,,1.786920000000,  -0.08000,
,,,1.786940000000,  -0.08000,
,,,1.786960000000,  -0.08000,
,,,1.786980000000,  -0.08000,
,,,1.787000000000,  -1.52000,
,,,1.787020000000,  -1.52000,
,,,1.787040000000,  -1.60000,
,,,1.787060000000,  -1.52000,
,,,1.787080000000,  -1.52000,
,,,1.787100000000,  -1.60000,
,,,1.787120000000,  -0.04000,
,,,1.787140000000,  -0.04000,
,,,1.787160000000,  -0.04000,
,,,1.787180000000,  -0.04000,
,,,1.787200000000,  -0.04000,
,,,1.787220000000,  -0.04000,
,,,1.787240000000,  -0.04000,
,,,1.787260000000,  -0.04000,
,,,1.787280000000,  -0.04000,
,,,1.787300000000,  -0.04000,
,,,1.787320000000,  -0.08000,
,,,1.787340000000,  -0.08000,
,,,1.787360000000,  -0.08000,
,,,1.787380000000,  -0.16000,
,,,1.787400000000,  -0.08000,
,,,1.787420000000,  -0.08000,
,,,1.787440000000,  -0.12000,
,,,1.787460000000,  -0.12000,
,,,1.787480000000,  -0.12000,
,,,1.787500000000,  -0.12000,
,,,1.787520000000,  -0.12000,
,,,1.787540000000,  -0.12000,
,,,1.787560000000,  -0.12000,
,,,1.787580000000,  -0.12000,
,,,1.787600000000,  -0.12000,
,,,1.787620000000,  -0.12000,
,,,1.787640000000,  -0.12000,
,,,1.787660000000,  -0.12000,
,,,1.787680000000,  -0.08000,
,,,1.787700000000,  -0.08000,
,,,1.787720000000,  -0.08000,
,,,1.787740000000,  -0.08000,
,,,1.787760000000,  -0.08000,
,,,1.787780000000,  -0.08000,
,,,1.787800000000,  -0.08000,
,,,1.787820000000,  -0.08000,
,,,1.787840000000,  -0.08000,
,,,1.787860000000,  -0.08000,
,,,1.787880000000,  -0.08000,
,,,1.787900000000,  -0.08000,
,,,1.787920000000,  -0.08000,
,,,1.787940000000,  -0.08000,
,,,1.787960000000,  -0.08000,
,,,1.787980000000,  -0.08000,
,,,1.788000000000,  -1.72000,
,,,1.788020000000,  -1.72000,
,,,1.788040000000,  -1.76000,
,,,1.788060000000,  -1.72000,
,,,1.788080000000,  -1.68000,
,,,1.788100000000,  -1.72000,
,,,1.788120000000,  -0.04000,
,,,1.788140000000,  -0.04000,
,,,1.788160000000,  -0.04000,
,,,1.788180000000,  -0.04000,
,,,1.788200000000,  -0.04000,
,,,1.788220000000,  -0.04000,
,,,1.788240000000,  -0.04000,
,,,1.788260000000,  -0.04000,
,,,1.788280000000,  -0.04000,
,,,1.788300000000,  -0.04000,
,,,1.788320000000,  -0.08000,
,,,1.788340000000,   0.00000,
,,,1.788360000000,  -0.08000,
,,,1.788380000000,  -0.08000,
,,,1.788400000000,  -0.08000,
,,,1.788420000000,  -0.08000,
,,,1.788440000000,  -0.12000,
,,,1.788460000000,  -0.12000,
,,,1.788480000000,  -0.12000,
,,,1.788500000000,  -0.24000,
,,,1.788520000000,  -0.12000,
,,,1.788540000000,  -0.12000,
,,,1.788560000000,  -0.12000,
,,,1.788580000000,  -0.12000,
,,,1.788600000000,  -0.12000,
,,,1.788620000000,  -0.12000,
,,,1.788640000000,  -0.12000,
,,,1.788660000000,  -0.12000,
,,,1.788680000000,  -0.08000,
,,,1.788700000000,  -0.08000,
,,,1.788720000000,  -0.08000,
,,,1.788740000000,  -0.08000,
,,,1.788760000000,  -0.08000,
,,,1.788780000000,  -0.08000,
,,,1.788800000000,  -0.08000,
,,,1.788820000000,  -0.08000,
,,,1.788840000000,  -0.08000,
,,,1.788860000000,  -0.08000,
,,,1.788880000000,  -0.08000,
,,,1.788900000000,  -0.08000,
,,,1.788920000000,  -0.08000,
,,,1.788940000000,  -0.08000,
,,,1.788960000000,  -0.08000,
,,,1.788980000000,  -0.08000,
,,,1.789000000000,  -1.92000,
,,,1.789020000000,  -1.92000,
,,,1.789040000000,  -1.92000,
,,,1.789060000000,  -1.92000,
,,,1.789080000000,  -1.92000,
,,,1.789100000000,  -1.92000,
,,,1.789120000000,  -0.04000,
,,,1.789140000000,  -0.04000,
,,,1.789160000000,  -0.04000,
,,,1.789180000000,  -0.04000,
,,,1.789200000000,  -0.04000,
,,,1.789220000000,  -0.04000,
,,,1.789240000000,  -0.04000,
,,,1.789260000000,  -0.04000,
,,,1.789280000000,  -0.04000,
,,,1.789300000000,  -0.04000,
,,,1.789320000000,  -0.08000,
,,,1.789340000000,  -0.08000,
,,,1.789360000000,  -0.08000,
,,,1.789380000000,  -0.08000,
,,,1.789400000000,  -0.08000,
,,,1.789420000000,  -0.08000,
,,,1.789440000000,  -0.12000,
,,,1.789460000000,  -0.12000,
,,,1.789480000000,  -0.12000,
,,,1.789500000000,  -0.12000,
,,,1.789520000000,  -0.12000,
,,,1.789540000000,  -0.12000,
,,,1.789560000000,  -0.12000,
,,,1.789580000000,  -0.12000,
,,,1.789600000000,  -0.12000,
,,,1.789620000000,  -0.12000,
,,,1.789640000000,  -0.12000,
,,,1.789660000000,  -0.12000,
,,,1.789680000000,  -0.12000,
,,,1.789700000000,  -0.12000,
,,,1.789720000000,  -0.12000,
,,,1.789740000000,  -0.12000,
,,,1.789760000000,  -0.12000,
,,,1.789780000000,  -0.12000,
,,,1.789800000000,  -0.12000,
,,,1.789820000000,  -0.20000,
,,,1.789840000000,  -0.12000,
,,,1.789860000000,  -0.12000,
,,,1.789880000000,  -0.12000,
,,,1.789900000000,  -0.12000,
,,,1.789920000000,   0.00000,
,,,1.789940000000,  -0.12000,
,,,1.789960000000,  -0.12000,
,,,1.789980000000,  -0.12000,
,,,1.790000000000,  -2.44000,
,,,1.790020000000,  -2.32000,
,,,1.790040000000,  -2.28000,
,,,1.790060000000,  -2.28000,
,,,1.790080000000,  -2.32000,
,,,1.790100000000,  -2.32000,
,,,1.790120000000,  -0.04000,
,,,1.790140000000,  -0.04000,
,,,1.790160000000,  -0.04000,
,,,1.790180000000,  -0.04000,
,,,1.790200000000,  -0.04000,
,,,1.790220000000,  -0.04000,
,,,1.790240000000,  -0.04000,
,,,1.790260000000,  -0.04000,
,,,1.790280000000,  -0.04000,
,,,1.790300000000,  -0.04000,
,,,1.790320000000,  -0.08000,
,,,1.790340000000,  -0.08000,
,,,1.790360000000,  -0.08000,
,,,1.790380000000,  -0.08000,
,,,1.790400000000,  -0.16000,
,,,1.790420000000,  -0.08000,
,,,1.790440000000,  -0.12000,
,,,1.790460000000,  -0.12000,
,,,1.790480000000,   0.00000,
,,,1.790500000000,  -0.24000,
,,,1.790520000000,  -0.12000,
,,,1.790540000000,  -0.12000,
,,,1.790560000000,  -0.16000,
,,,1.790580000000,  -0.16000,
,,,1.790600000000,  -0.16000,
,,,1.790620000000,  -0.16000,
,,,1.790640000000,  -0.16000,
,,,1.790660000000,  -0.12000,
,,,1.790680000000,  -0.12000,
,,,1.790700000000,  -0.12000,
,,,1.790720000000,  -0.12000,
,,,1.790740000000,  -0.24000,
,,,1.790760000000,  -0.12000,
,,,1.790780000000,  -0.12000,
,,,1.790800000000,  -0.24000,
,,,1.790820000000,  -0.12000,
,,,1.790840000000,  -0.12000,
,,,1.790860000000,  -0.12000,
,,,1.790880000000,  -0.12000,
,,,1.790900000000,  -0.12000,
,,,1.790920000000,  -0.12000,
,,,1.790940000000,  -0.12000,
,,,1.790960000000,  -0.12000,
,,,1.790980000000,  -0.12000,
,,,1.791000000000,  -2.72000,
,,,1.791020000000,  -2.72000,
,,,1.791040000000,  -2.84000,
,,,1.791060000000,  -2.76000,
,,,1.791080000000,  -2.88000,
,,,1.791100000000,  -2.84000,
,,,1.791120000000,  -0.04000,
,,,1.791140000000,  -0.04000,
,,,1.791160000000,  -0.04000,
,,,1.791180000000,  -0.04000,
,,,1.791200000000,  -0.04000,
,,,1.791220000000,  -0.04000,
,,,1.791240000000,  -0.04000,
,,,1.791260000000,  -0.04000,
,,,1.791280000000,  -0.04000,
,,,1.791300000000,  -0.04000,
,,,1.791320000000,  -0.08000,
,,,1.791340000000,  -0.08000,
,,,1.791360000000,  -0.08000,
,,,1.791380000000,  -0.08000,
,,,1.791400000000,  -0.08000,
,,,1.791420000000,  -0.08000,
,,,1.791440000000,  -0.12000,
,,,1.791460000000,  -0.12000,
,,,1.791480000000,  -0.12000,
,,,1.791500000000,  -0.12000,
,,,1.791520000000,  -0.12000,
,,,1.791540000000,  -0.12000,
,,,1.791560000000,  -0.16000,
,,,1.791580000000,  -0.16000,
,,,1.791600000000,  -0.16000,
,,,1.791620000000,  -0.16000,
,,,1.791640000000,  -0.16000,
,,,1.791660000000,  -0.16000,
,,,1.791680000000,  -0.16000,
,,,1.791700000000,  -0.16000,
,,,1.791720000000,  -0.16000,
,,,1.791740000000,  -0.16000,
,,,1.791760000000,  -0.16000,
,,,1.791780000000,  -0.16000,
,,,1.791800000000,  -0.16000,
,,,1.791820000000,  -0.16000,
,,,1.791840000000,  -0.16000,
,,,1.791860000000,  -0.16000,
,,,1.791880000000,  -0.16000,
,,,1.791900000000,  -0.16000,
,,,1.791920000000,  -0.16000,
,,,1.791940000000,  -0.16000,
,,,1.791960000000,  -0.16000,
,,,1.791980000000,  -0.16000,
,,,1.792000000000,  -3.04000,
,,,1.792020000000,  -2.92000,
,,,1.792040000000,  -3.04000,
,,,1.792060000000,  -3.04000,
,,,1.792080000000,  -3.04000,
,,,1.792100000000,  -3.04000,
,,,1.792120000000,  -0.04000,
,,,1.792140000000,  -0.04000,
,,,1.792160000000,  -0.04000,
,,,1.792180000000,  -0.04000,
,,,1.792200000000,  -0.04000,
,,,1.792220000000,  -0.04000,
,,,1.792240000000,  -0.04000,
,,,1.792260000000,  -0.04000,
,,,1.792280000000,  -0.04000,
,,,1.792300000000,  -0.04000,
,,,1.792320000000,  -0.08000,
,,,1.792340000000,  -0.08000,
,,,1.792360000000,  -0.08000,
,,,1.792380000000,  -0.08000,
,,,1.792400000000,  -0.08000,
,,,1.792420000000,  -0.16000,
,,,1.792440000000,  -0.12000,
,,,1.792460000000,  -0.12000,
,,,1.792480000000,  -0.12000,
,,,1.792500000000,  -0.12000,
,,,1.792520000000,  -0.12000,
,,,1.792540000000,  -0.12000,
,,,1.792560000000,  -0.16000,
,,,1.792580000000,  -0.16000,
,,,1.792600000000,  -0.16000,
,,,1.792620000000,  -0.16000,
,,,1.792640000000,  -0.12000,
,,,1.792660000000,  -0.16000,
,,,1.792680000000,  -0.16000,
,,,1.792700000000,  -0.16000,
,,,1.792720000000,  -0.16000,
,,,1.792740000000,  -0.16000,
,,,1.792760000000,  -0.16000,
,,,1.792780000000,  -0.16000,
,,,1.792800000000,  -0.16000,
,,,1.792820000000,  -0.16000,
,,,1.792840000000,  -0.16000,
,,,1.792860000000,  -0.16000,
,,,1.792880000000,  -0.16000,
,,,1.792900000000,  -0.16000,
,,,1.792920000000,  -0.16000,
,,,1.792940000000,  -0.16000,
,,,1.792960000000,  -0.16000,
,,,1.792980000000,  -0.16000,
,,,1.793000000000,  -3.04000,
,,,1.793020000000,  -2.92000,
,,,1.793040000000,  -3.08000,
,,,1.793060000000,  -2.92000,
,,,1.793080000000,  -3.04000,
,,,1.793100000000,  -3.04000,
,,,1.793120000000,  -0.04000,
,,,1.793140000000,  -0.04000,
,,,1.793160000000,  -0.04000,
,,,1.793180000000,  -0.04000,
,,,1.793200000000,  -0.04000,
,,,1.793220000000,  -0.04000,
,,,1.793240000000,  -0.04000,
,,,1.793260000000,  -0.04000,
,,,1.793280000000,  -0.04000,
,,,1.793300000000,  -0.04000,
,,,1.793320000000,  -0.08000,
,,,1.793340000000,  -0.08000,
,,,1.793360000000,  -0.08000,
,,,1.793380000000,  -0.08000,
,,,1.793400000000,  -0.08000,
,,,1.793420000000,  -0.16000,
,,,1.793440000000,  -0.12000,
,,,1.793460000000,  -0.12000,
,,,1.793480000000,  -0.12000,
,,,1.793500000000,  -0.12000,
,,,1.793520000000,  -0.12000,
,,,1.793540000000,  -0.12000,
,,,1.793560000000,  -0.16000,
,,,1.793580000000,  -0.16000,
,,,1.793600000000,  -0.16000,
,,,1.793620000000,  -0.16000,
,,,1.793640000000,  -0.16000,
,,,1.793660000000,  -0.16000,
,,,1.793680000000,  -0.12000,
,,,1.793700000000,  -0.12000,
,,,1.793720000000,  -0.12000,
,,,1.793740000000,  -0.12000,
,,,1.793760000000,  -0.12000,
,,,1.793780000000,  -0.12000,
,,,1.793800000000,  -0.12000,
,,,1.793820000000,  -0.12000,
,,,1.793840000000,  -0.12000,
,,,1.793860000000,   0.00000,
,,,1.793880000000,  -0.12000,
,,,1.793900000000,  -0.12000,
,,,1.793920000000,  -0.24000,
,,,1.793940000000,  -0.12000,
,,,1.793960000000,  -0.12000,
,,,1.793980000000,  -0.12000,
,,,1.794000000000,  -2.52000,
,,,1.794020000000,  -2.52000,
,,,1.794040000000,  -2.52000,
,,,1.794060000000,  -2.56000,
,,,1.794080000000,  -2.52000,
,,,1.794100000000,  -2.52000,
,,,1.794120000000,  -0.04000,
,,,1.794140000000,  -0.04000,
,,,1.794160000000,  -0.04000,
,,,1.794180000000,  -0.04000,
,,,1.794200000000,  -0.04000,
,,,1.794220000000,  -0.04000,
,,,1.794240000000,  -0.04000,
,,,1.794260000000,  -0.04000,
,,,1.794280000000,  -0.04000,
,,,1.794300000000,  -0.04000,
,,,1.794320000000,  -0.08000,
,,,1.794340000000,  -0.08000,
,,,1.794360000000,  -0.16000,
,,,1.794380000000,  -0.08000,
,,,1.794400000000,  -0.08000,
,,,1.794420000000,  -0.08000,
,,,1.794440000000,  -0.12000,
,,,1.794460000000,  -0.12000,
,,,1.794480000000,  -0.12000,
,,,1.794500000000,  -0.12000,
,,,1.794520000000,  -0.12000,
,,,1.794540000000,  -0.12000,
,,,1.794560000000,  -0.12000,
,,,1.794580000000,  -0.12000,
,,,1.794600000000,  -0.12000,
,,,1.794620000000,  -0.12000,
,,,1.794640000000,  -0.12000,
,,,1.794660000000,  -0.12000,
,,,1.794680000000,  -0.12000,
,,,1.794700000000,  -0.12000,
,,,1.794720000000,  -0.12000,
,,,1.794740000000,  -0.12000,
,,,1.794760000000,  -0.12000,
,,,1.794780000000,  -0.12000,
,,,1.794800000000,  -0.12000,
,,,1.794820000000,  -0.12000,
,,,1.794840000000,  -0.12000,
,,,1.794860000000,  -0.12000,
,,,1.794880000000,  -0.12000,
,,,1.794900000000,  -0.12000,
,,,1.794920000000,  -0.12000,
,,,1.794940000000,  -0.12000,
,,,1.794960000000,  -0.12000,
,,,1.794980000000,  -0.12000,
,,,1.795000000000,  -2.12000,
,,,1.795020000000,  -2.20000,
,,,1.795040000000,  -2.12000,
,,,1.795060000000,  -2.08000,
,,,1.795080000000,  -2.08000,
,,,1.795100000000,  -2.12000,
,,,1.795120000000,  -0.04000,
,,,1.795140000000,  -0.04000,
,,,1.795160000000,  -0.04000,
,,,1.795180000000,  -0.04000,
,,,1.795200000000,  -0.04000,
,,,1.795220000000,  -0.04000,
,,,1.795240000000,  -0.04000,
,,,1.795260000000,  -0.04000,
,,,1.795280000000,  -0.04000,
,,,1.795300000000,  -0.04000,
,,,1.795320000000,  -0.08000,
,,,1.795340000000,  -0.08000,
,,,1.795360000000,  -0.08000,
,,,1.795380000000,  -0.08000,
,,,1.795400000000,  -0.08000,
,,,1.795420000000,  -0.08000,
,,,1.795440000000,  -0.12000,
,,,1.795460000000,  -0.12000,
,,,1.795480000000,  -0.12000,
,,,1.795500000000,   0.08000,
,,,1.795520000000,  -0.12000,
,,,1.795540000000,  -0.12000,
,,,1.795560000000,  -0.12000,
,,,1.795580000000,  -0.12000,
,,,1.795600000000,  -0.12000,
,,,1.795620000000,  -0.12000,
,,,1.795640000000,  -0.12000,
,,,1.795660000000,  -0.12000,
,,,1.795680000000,  -0.08000,
,,,1.795700000000,  -0.08000,
,,,1.795720000000,  -0.08000,
,,,1.795740000000,  -0.08000,
,,,1.795760000000,  -0.08000,
,,,1.795780000000,  -0.08000,
,,,1.795800000000,  -0.08000,
,,,1.795820000000,  -0.08000,
,,,1.795840000000,  -0.08000,
,,,1.795860000000,  -0.08000,
,,,1.795880000000,  -0.08000,
,,,1.795900000000,  -0.08000,
,,,1.795920000000,  -0.08000,
,,,1.795940000000,  -0.08000,
,,,1.795960000000,  -0.08000,
,,,1.795980000000,  -0.08000,
,,,1.796000000000,  -1.88000,
,,,1.796020000000,  -1.92000,
,,,1.796040000000,  -1.92000,
,,,1.796060000000,  -1.92000,
,,,1.796080000000,  -1.92000,
,,,1.796100000000,  -1.92000,
,,,1.796120000000,   0.00000,
,,,1.796140000000,  -0.04000,
,,,1.796160000000,  -0.04000,
,,,1.796180000000,  -0.04000,
,,,1.796200000000,  -0.04000,
,,,1.796220000000,  -0.04000,
,,,1.796240000000,  -0.04000,
,,,1.796260000000,  -0.04000,
,,,1.796280000000,  -0.04000,
,,,1.796300000000,  -0.04000,
,,,1.796320000000,  -0.08000,
,,,1.796340000000,  -0.08000,
,,,1.796360000000,  -0.08000,
,,,1.796380000000,  -0.08000,
,,,1.796400000000,  -0.08000,
,,,1.796420000000,  -0.08000,
,,,1.796440000000,  -0.12000,
,,,1.796460000000,  -0.12000,
,,,1.796480000000,  -0.12000,
,,,1.796500000000,  -0.12000,
,,,1.796520000000,  -0.12000,
,,,1.796540000000,  -0.12000,
,,,1.796560000000,  -0.12000,
,,,1.796580000000,  -0.12000,
,,,1.796600000000,   0.00000,
,,,1.796620000000,   0.00000,
,,,1.796640000000,  -0.12000,
,,,1.796660000000,  -0.12000,
,,,1.796680000000,  -0.08000,
,,,1.796700000000,  -0.08000,
,,,1.796720000000,  -0.08000,
,,,1.796740000000,  -0.08000,
,,,1.796760000000,  -0.08000,
,,,1.796780000000,  -0.08000,
,,,1.796800000000,  -0.08000,
,,,1.796820000000,  -0.08000,
,,,1.796840000000,  -0.08000,
,,,1.796860000000,  -0.08000,
,,,1.796880000000,  -0.16000,
,,,1.796900000000,  -0.08000,
,,,1.796920000000,  -0.08000,
,,,1.796940000000,  -0.08000,
,,,1.796960000000,  -0.08000,
,,,1.796980000000,  -0.08000,
,,,1.797000000000,  -1.68000,
,,,1.797020000000,  -1.68000,
,,,1.797040000000,  -1.68000,
,,,1.797060000000,  -1.72000,
,,,1.797080000000,  -1.72000,
,,,1.797100000000,  -1.76000,
,,,1.797120000000,  -0.04000,
,,,1.797140000000,  -0.04000,
,,,1.797160000000,  -0.04000,
,,,1.797180000000,  -0.04000,
,,,1.797200000000,  -0.04000,
,,,1.797220000000,  -0.04000,
,,,1.797240000000,  -0.04000,
,,,1.797260000000,  -0.04000,
,,,1.797280000000,  -0.04000,
,,,1.797300000000,  -0.04000,
,,,1.797320000000,  -0.16000,
,,,1.797340000000,  -0.08000,
,,,1.797360000000,  -0.08000,
,,,1.797380000000,  -0.08000,
,,,1.797400000000,  -0.08000,
,,,1.797420000000,  -0.08000,
,,,1.797440000000,  -0.04000,
,,,1.797460000000,  -0.04000,
,,,1.797480000000,  -0.04000,
,,,1.797500000000,  -0.04000,
,,,1.797520000000,  -0.04000,
,,,1.797540000000,  -0.04000,
,,,1.797560000000,  -0.08000,
,,,1.797580000000,  -0.08000,
,,,1.797600000000,  -0.08000,
,,,1.797620000000,  -0.08000,
,,,1.797640000000,  -0.08000,
,,,1.797660000000,  -0.08000,
,,,1.797680000000,  -0.08000,
,,,1.797700000000,   0.00000,
,,,1.797720000000,  -0.08000,
,,,1.797740000000,  -0.08000,
,,,1.797760000000,  -0.08000,
,,,1.797780000000,  -0.08000,
,,,1.797800000000,  -0.08000,
,,,1.797820000000,  -0.08000,
,,,1.797840000000,  -0.08000,
,,,1.797860000000,  -0.08000,
,,,1.797880000000,  -0.08000,
,,,1.797900000000,  -0.08000,
,,,1.797920000000,  -0.08000,
,,,1.797940000000,  -0.08000,
,,,1.797960000000,  -0.08000,
,,,1.797980000000,  -0.08000,
,,,1.798000000000,  -1.28000,
,,,1.798020000000,  -1.28000,
,,,1.798040000000,  -1.28000,
,,,1.798060000000,  -1.32000,
,,,1.798080000000,  -1.28000,
,,,1.798100000000,  -1.32000,
,,,1.798120000000,  -0.04000,
,,,1.798140000000,  -0.04000,
,,,1.798160000000,  -0.04000,
,,,1.798180000000,  -0.04000,
,,,1.798200000000,  -0.04000,
,,,1.798220000000,   0.00000,
,,,1.798240000000,  -0.04000,
,,,1.798260000000,  -0.04000,
,,,1.798280000000,  -0.04000,
,,,1.798300000000,  -0.04000,
,,,1.798320000000,  -0.08000,
,,,1.798340000000,  -0.08000,
,,,1.798360000000,  -0.08000,
,,,1.798380000000,  -0.08000,
,,,1.798400000000,  -0.08000,
,,,1.798420000000,   0.00000,
,,,1.798440000000,  -0.04000,
,,,1.798460000000,  -0.04000,
,,,1.798480000000,  -0.04000,
,,,1.798500000000,  -0.04000,
,,,1.798520000000,  -0.04000,
,,,1.798540000000,  -0.04000,
,,,1.798560000000,  -0.08000,
,,,1.798580000000,  -0.08000,
,,,1.798600000000,  -0.08000,
,,,1.798620000000,  -0.08000,
,,,1.798640000000,  -0.08000,
,,,1.798660000000,  -0.08000,
,,,1.798680000000,  -0.08000,
,,,1.798700000000,  -0.08000,
,,,1.798720000000,  -0.08000,
,,,1.798740000000,  -0.08000,
,,,1.798760000000,  -0.08000,
,,,1.798780000000,  -0.08000,
,,,1.798800000000,  -0.08000,
,,,1.798820000000,  -0.04000,
,,,1.798840000000,  -0.04000,
,,,1.798860000000,  -0.04000,
,,,1.798880000000,  -0.04000,
,,,1.798900000000,  -0.04000,
,,,1.798920000000,  -0.04000,
,,,1.798940000000,  -0.04000,
,,,1.798960000000,  -0.04000,
,,,1.798980000000,  -0.04000,
,,,1.799000000000,  -0.92000,
,,,1.799020000000,  -0.92000,
,,,1.799040000000,  -0.92000,
,,,1.799060000000,  -0.92000,
,,,1.799080000000,  -0.92000,
,,,1.799100000000,  -0.92000,
,,,1.799120000000,  -0.04000,
,,,1.799140000000,  -0.04000,
,,,1.799160000000,  -0.04000,
,,,1.799180000000,  -0.04000,
,,,1.799200000000,  -0.04000,
,,,1.799220000000,  -0.04000,
,,,1.799240000000,  -0.04000,
,,,1.799260000000,  -0.04000,
,,,1.799280000000,  -0.04000,
,,,1.799300000000,  -0.04000,
,,,1.799320000000,  -0.08000,
,,,1.799340000000,  -0.08000,
,,,1.799360000000,  -0.08000,
,,,1.799380000000,  -0.08000,
,,,1.799400000000,  -0.08000,
,,,1.799420000000,  -0.08000,
,,,1.799440000000,  -0.04000,
,,,1.799460000000,  -0.04000,
,,,1.799480000000,  -0.04000,
,,,1.799500000000,  -0.04000,
,,,1.799520000000,  -0.04000,
,,,1.799540000000,  -0.04000,
,,,1.799560000000,  -0.04000,
,,,1.799580000000,  -0.04000,
,,,1.799600000000,  -0.04000,
,,,1.799620000000,  -0.04000,
,,,1.799640000000,  -0.04000,
,,,1.799660000000,  -0.04000,
,,,1.799680000000,  -0.04000,
,,,1.799700000000,  -0.04000,
,,,1.799720000000,  -0.04000,
,,,1.799740000000,  -0.04000,
,,,1.799760000000,  -0.04000,
,,,1.799780000000,  -0.04000,
,,,1.799800000000,  -0.04000,
,,,1.799820000000,  -0.04000,
,,,1.799840000000,  -0.04000,
,,,1.799860000000,  -0.04000,
,,,1.799880000000,  -0.04000,
,,,1.799900000000,  -0.04000,
,,,1.799920000000,  -0.04000,
,,,1.799940000000,  -0.04000,
,,,1.799960000000,  -0.04000,
,,,1.799980000000,  -0.04000,
,,,1.800000000000,  -0.72000,
,,,1.800020000000,  -0.72000,
,,,1.800040000000,  -0.72000,
,,,1.800060000000,  -0.68000,
,,,1.800080000000,  -0.72000,
,,,1.800100000000,  -0.72000,
,,,1.800120000000,  -0.04000,
,,,1.800140000000,  -0.04000,
,,,1.800160000000,  -0.04000,
,,,1.800180000000,  -0.04000,
,,,1.800200000000,  -0.04000,
,,,1.800220000000,  -0.04000,
,,,1.800240000000,  -0.04000,
,,,1.800260000000,  -0.04000,
,,,1.800280000000,  -0.04000,
,,,1.800300000000,  -0.04000,
,,,1.800320000000,  -0.08000,
,,,1.800340000000,  -0.08000,
,,,1.800360000000,  -0.08000,
,,,1.800380000000,  -0.08000,
,,,1.800400000000,  -0.08000,
,,,1.800420000000,  -0.08000,
,,,1.800440000000,  -0.04000,
,,,1.800460000000,  -0.04000,
,,,1.800480000000,  -0.04000,
,,,1.800500000000,  -0.04000,
,,,1.800520000000,  -0.04000,
,,,1.800540000000,  -0.04000,
,,,1.800560000000,  -0.04000,
,,,1.800580000000,  -0.04000,
,,,1.800600000000,  -0.04000,
,,,1.800620000000,  -0.04000,
,,,1.800640000000,  -0.04000,
,,,1.800660000000,  -0.04000,
,,,1.800680000000,  -0.04000,
,,,1.800700000000,  -0.04000,
,,,1.800720000000,  -0.04000,
,,,1.800740000000,  -0.04000,
,,,1.800760000000,  -0.04000,
,,,1.800780000000,  -0.04000,
,,,1.800800000000,  -0.04000,
,,,1.800820000000,  -0.04000,
,,,1.800840000000,  -0.04000,
,,,1.800860000000,  -0.04000,
,,,1.800880000000,  -0.04000,
,,,1.800900000000,  -0.04000,
,,,1.800920000000,  -0.04000,
,,,1.800940000000,  -0.04000,
,,,1.800960000000,  -0.04000,
,,,1.800980000000,  -0.04000,
,,,1.801000000000,  -0.28000,
,,,1.801020000000,  -0.28000,
,,,1.801040000000,  -0.28000,
,,,1.801060000000,  -0.28000,
,,,1.801080000000,  -0.28000,
,,,1.801100000000,  -0.28000,
,,,1.801120000000,  -0.04000,
,,,1.801140000000,  -0.04000,
,,,1.801160000000,  -0.04000,
,,,1.801180000000,  -0.04000,
,,,1.801200000000,  -0.04000,
,,,1.801220000000,  -0.04000,
,,,1.801240000000,  -0.04000,
,,,1.801260000000,  -0.04000,
,,,1.801280000000,  -0.04000,
,,,1.801300000000,  -0.04000,
,,,1.801320000000,  -0.08000,
,,,1.801340000000,  -0.08000,
,,,1.801360000000,  -0.08000,
,,,1.801380000000,  -0.08000,
,,,1.801400000000,  -0.08000,
,,,1.801420000000,  -0.08000,
,,,1.801440000000,  -0.04000,
,,,1.801460000000,  -0.04000,
,,,1.801480000000,  -0.04000,
,,,1.801500000000,  -0.04000,
,,,1.801520000000,  -0.04000,
,,,1.801540000000,   0.00000,
,,,1.801560000000,  -0.04000,
,,,1.801580000000,  -0.04000,
,,,1.801600000000,  -0.04000,
,,,1.801620000000,  -0.04000,
,,,1.801640000000,  -0.04000,
,,,1.801660000000,  -0.04000,
,,,1.801680000000,   0.00000,
,,,1.801700000000,  -0.04000,
,,,1.801720000000,  -0.04000,
,,,1.801740000000,  -0.04000,
,,,1.801760000000,  -0.04000,
,,,1.801780000000,  -0.04000,
,,,1.801800000000,  -0.04000,
,,,1.801820000000,  -0.04000,
,,,1.801840000000,  -0.04000,
,,,1.801860000000,  -0.04000,
,,,1.801880000000,  -0.04000,
,,,1.801900000000,   0.00000,
,,,1.801920000000,  -0.04000,
,,,1.801940000000,  -0.04000,
,,,1.801960000000,  -0.04000,
,,,1.801980000000,  -0.04000,
,,,1.802000000000,  -0.08000,
,,,1.802020000000,  -0.08000,
,,,1.802040000000,  -0.08000,
,,,1.802060000000,  -0.08000,
,,,1.802080000000,  -0.12000,
,,,1.802100000000,  -0.08000,
,,,1.802120000000,  -0.04000,
,,,1.802140000000,  -0.04000,
,,,1.802160000000,  -0.04000,
,,,1.802180000000,  -0.04000,
,,,1.802200000000,  -0.04000,
,,,1.802220000000,  -0.04000,
,,,1.802240000000,  -0.04000,
,,,1.802260000000,  -0.04000,
,,,1.802280000000,  -0.04000,
,,,1.802300000000,  -0.04000,
,,,1.802320000000,  -0.08000,
,,,1.802340000000,  -0.08000,
,,,1.802360000000,  -0.08000,
,,,1.802380000000,  -0.08000,
,,,1.802400000000,  -0.08000,
,,,1.802420000000,  -0.08000,
,,,1.802440000000,  -0.04000,
,,,1.802460000000,  -0.04000,
,,,1.802480000000,  -0.04000,
,,,1.802500000000,  -0.04000,
,,,1.802520000000,  -0.04000,
,,,1.802540000000,  -0.04000,
,,,1.802560000000,  -0.04000,
,,,1.802580000000,  -0.04000,
,,,1.802600000000,  -0.04000,
,,,1.802620000000,  -0.04000,
,,,1.802640000000,  -0.04000,
,,,1.802660000000,  -0.04000,
,,,1.802680000000,  -0.04000,
,,,1.802700000000,  -0.04000,
,,,1.802720000000,  -0.04000,
,,,1.802740000000,  -0.04000,
,,,1.802760000000,  -0.04000,
,,,1.802780000000,  -0.04000,
,,,1.802800000000,  -0.04000,
,,,1.802820000000,  -0.04000,
,,,1.802840000000,  -0.04000,
,,,1.802860000000,  -0.04000,
,,,1.802880000000,  -0.04000,
,,,1.802900000000,  -0.04000,
,,,1.802920000000,  -0.04000,
,,,1.802940000000,  -0.04000,
,,,1.802960000000,  -0.04000,
,,,1.802980000000,  -0.04000,
,,,1.803000000000,  -0.08000,
,,,1.803020000000,  -0.04000,
,,,1.803040000000,  -0.04000,
,,,1.803060000000,  -0.08000,
,,,1.803080000000,  -0.08000,
,,,1.803100000000,  -0.08000,
,,,1.803120000000,  -0.04000,
,,,1.803140000000,  -0.04000,
,,,1.803160000000,  -0.04000,
,,,1.803180000000,  -0.04000,
,,,1.803200000000,  -0.04000,
,,,1.803220000000,  -0.04000,
,,,1.803240000000,  -0.04000,
,,,1.803260000000,  -0.04000,
,,,1.803280000000,  -0.04000,
,,,1.803300000000,  -0.04000,
,,,1.803320000000,  -0.16000,
,,,1.803340000000,  -0.08000,
,,,1.803360000000,  -0.08000,
,,,1.803380000000,  -0.08000,
,,,1.803400000000,  -0.08000,
,,,1.803420000000,  -0.08000,
,,,1.803440000000,  -0.04000,
,,,1.803460000000,  -0.04000,
,,,1.803480000000,  -0.04000,
,,,1.803500000000,  -0.04000,
,,,1.803520000000,  -0.04000,
,,,1.803540000000,  -0.04000,
,,,1.803560000000,  -0.04000,
,,,1.803580000000,  -0.04000,
,,,1.803600000000,  -0.04000,
,,,1.803620000000,  -0.04000,
,,,1.803640000000,  -0.04000,
,,,1.803660000000,  -0.04000,
,,,1.803680000000,  -0.04000,
,,,1.803700000000,  -0.04000,
,,,1.803720000000,  -0.04000,
,,,1.803740000000,  -0.04000,
,,,1.803760000000,  -0.04000,
,,,1.803780000000,  -0.04000,
,,,1.803800000000,  -0.04000,
,,,1.803820000000,  -0.04000,
,,,1.803840000000,  -0.04000,
,,,1.803860000000,  -0.04000,
,,,1.803880000000,  -0.04000,
,,,1.803900000000,  -0.04000,
,,,1.803920000000,  -0.04000,
,,,1.803940000000,  -0.04000,
,,,1.803960000000,  -0.04000,
,,,1.803980000000,  -0.04000,
,,,1.804000000000,  -0.48000,
,,,1.804020000000,  -0.48000,
,,,1.804040000000,  -0.48000,
,,,1.804060000000,  -0.52000,
,,,1.804080000000,  -0.48000,
,,,1.804100000000,  -0.52000,
,,,1.804120000000,  -0.04000,
,,,1.804140000000,  -0.04000,
,,,1.804160000000,  -0.04000,
,,,1.804180000000,  -0.04000,
,,,1.804200000000,  -0.04000,
,,,1.804220000000,  -0.04000,
,,,1.804240000000,  -0.04000,
,,,1.804260000000,  -0.04000,
,,,1.804280000000,  -0.04000,
,,,1.804300000000,  -0.04000,
,,,1.804320000000,  -0.08000,
,,,1.804340000000,  -0.08000,
,,,1.804360000000,  -0.08000,
,,,1.804380000000,  -0.08000,
,,,1.804400000000,  -0.08000,
,,,1.804420000000,  -0.08000,
,,,1.804440000000,  -0.04000,
,,,1.804460000000,  -0.04000,
,,,1.804480000000,  -0.04000,
,,,1.804500000000,  -0.04000,
,,,1.804520000000,  -0.04000,
,,,1.804540000000,  -0.04000,
,,,1.804560000000,  -0.04000,
,,,1.804580000000,  -0.04000,
,,,1.804600000000,  -0.04000,
,,,1.804620000000,  -0.04000,
,,,1.804640000000,  -0.04000,
,,,1.804660000000,  -0.04000,
,,,1.804680000000,  -0.04000,
,,,1.804700000000,  -0.04000,
,,,1.804720000000,  -0.04000,
,,,1.804740000000,  -0.04000,
,,,1.804760000000,  -0.04000,
,,,1.804780000000,  -0.04000,
,,,1.804800000000,  -0.04000,
,,,1.804820000000,  -0.04000,
,,,1.804840000000,  -0.04000,
,,,1.804860000000,  -0.04000,
,,,1.804880000000,  -0.04000,
,,,1.804900000000,  -0.04000,
,,,1.804920000000,  -0.04000,
,,,1.804940000000,  -0.04000,
,,,1.804960000000,  -0.04000,
,,,1.804980000000,  -0.04000,
,,,1.805000000000,  -0.76000,
,,,1.805020000000,  -0.72000,
,,,1.805040000000,  -0.72000,
,,,1.805060000000,  -0.72000,
,,,1.805080000000,  -0.72000,
,,,1.805100000000,  -0.72000,
,,,1.805120000000,  -0.04000,
,,,1.805140000000,  -0.04000,
,,,1.805160000000,  -0.04000,
,,,1.805180000000,  -0.04000,
,,,1.805200000000,  -0.04000,
,,,1.805220000000,  -0.04000,
,,,1.805240000000,  -0.04000,
,,,1.805260000000,  -0.04000,
,,,1.805280000000,  -0.04000,
,,,1.805300000000,  -0.04000,
,,,1.805320000000,  -0.08000,
,,,1.805340000000,  -0.08000,
,,,1.805360000000,  -0.08000,
,,,1.805380000000,  -0.08000,
,,,1.805400000000,  -0.08000,
,,,1.805420000000,  -0.08000,
,,,1.805440000000,  -0.04000,
,,,1.805460000000,  -0.04000,
,,,1.805480000000,  -0.04000,
,,,1.805500000000,  -0.04000,
,,,1.805520000000,  -0.04000,
,,,1.805540000000,  -0.04000,
,,,1.805560000000,  -0.08000,
,,,1.805580000000,  -0.08000,
,,,1.805600000000,  -0.08000,
,,,1.805620000000,  -0.08000,
,,,1.805640000000,  -0.08000,
,,,1.805660000000,  -0.08000,
,,,1.805680000000,  -0.08000,
,,,1.805700000000,  -0.08000,
,,,1.805720000000,  -0.08000,
,,,1.805740000000,  -0.08000,
,,,1.805760000000,  -0.08000,
,,,1.805780000000,  -0.08000,
,,,1.805800000000,  -0.08000,
,,,1.805820000000,  -0.08000,
,,,1.805840000000,  -0.08000,
,,,1.805860000000,  -0.08000,
,,,1.805880000000,  -0.08000,
,,,1.805900000000,  -0.08000,
,,,1.805920000000,  -0.08000,
,,,1.805940000000,  -0.08000,
,,,1.805960000000,  -0.08000,
,,,1.805980000000,  -0.08000,
,,,1.806000000000,  -1.08000,
,,,1.806020000000,  -1.08000,
,,,1.806040000000,  -1.12000,
,,,1.806060000000,  -1.12000,
,,,1.806080000000,  -1.16000,
,,,1.806100000000,  -1.16000,
,,,1.806120000000,  -0.04000,
,,,1.806140000000,  -0.04000,
,,,1.806160000000,  -0.04000,
,,,1.806180000000,  -0.04000,
,,,1.806200000000,  -0.04000,
,,,1.806220000000,  -0.04000,
,,,1.806240000000,  -0.04000,
,,,1.806260000000,  -0.04000,
,,,1.806280000000,  -0.04000,
,,,1.806300000000,  -0.04000,
,,,1.806320000000,  -0.08000,
,,,1.806340000000,  -0.08000,
,,,1.806360000000,  -0.08000,
,,,1.806380000000,  -0.08000,
,,,1.806400000000,  -0.08000,
,,,1.806420000000,  -0.08000,
,,,1.806440000000,  -0.04000,
,,,1.806460000000,  -0.04000,
,,,1.806480000000,  -0.04000,
,,,1.806500000000,  -0.04000,
,,,1.806520000000,  -0.04000,
,,,1.806540000000,  -0.04000,
,,,1.806560000000,  -0.08000,
,,,1.806580000000,  -0.08000,
,,,1.806600000000,  -0.08000,
,,,1.806620000000,  -0.08000,
,,,1.806640000000,  -0.08000,
,,,1.806660000000,  -0.08000,
,,,1.806680000000,  -0.08000,
,,,1.806700000000,  -0.08000,
,,,1.806720000000,  -0.08000,
,,,1.806740000000,  -0.08000,
,,,1.806760000000,  -0.08000,
,,,1.806780000000,  -0.16000,
,,,1.806800000000,  -0.08000,
,,,1.806820000000,  -0.08000,
,,,1.806840000000,  -0.08000,
,,,1.806860000000,  -0.08000,
,,,1.806880000000,  -0.08000,
,,,1.806900000000,  -0.08000,
,,,1.806920000000,  -0.08000,
,,,1.806940000000,  -0.08000,
,,,1.806960000000,  -0.08000,
,,,1.806980000000,  -0.08000,
,,,1.807000000000,  -1.48000,
,,,1.807020000000,  -1.60000,
,,,1.807040000000,  -1.52000,
,,,1.807060000000,  -1.52000,
,,,1.807080000000,  -1.60000,
,,,1.807100000000,  -1.52000,
,,,1.807120000000,  -0.04000,
,,,1.807140000000,  -0.04000,
,,,1.807160000000,  -0.04000,
,,,1.807180000000,  -0.04000,
,,,1.807200000000,  -0.04000,
,,,1.807220000000,  -0.04000,
,,,1.807240000000,  -0.04000,
,,,1.807260000000,  -0.04000,
,,,1.807280000000,  -0.04000,
,,,1.807300000000,  -0.04000,
,,,1.807320000000,  -0.08000,
,,,1.807340000000,  -0.08000,
,,,1.807360000000,  -0.08000,
,,,1.807380000000,  -0.08000,
,,,1.807400000000,  -0.08000,
,,,1.807420000000,  -0.08000,
,,,1.807440000000,  -0.12000,
,,,1.807460000000,  -0.12000,
,,,1.807480000000,  -0.12000,
,,,1.807500000000,  -0.12000,
,,,1.807520000000,  -0.12000,
,,,1.807540000000,  -0.12000,
,,,1.807560000000,  -0.12000,
,,,1.807580000000,  -0.12000,
,,,1.807600000000,  -0.12000,
,,,1.807620000000,  -0.12000,
,,,1.807640000000,  -0.12000,
,,,1.807660000000,  -0.12000,
,,,1.807680000000,  -0.08000,
,,,1.807700000000,  -0.08000,
,,,1.807720000000,  -0.08000,
,,,1.807740000000,  -0.08000,
,,,1.807760000000,  -0.08000,
,,,1.807780000000,  -0.16000,
,,,1.807800000000,  -0.08000,
,,,1.807820000000,  -0.08000,
,,,1.807840000000,  -0.08000,
,,,1.807860000000,  -0.08000,
,,,1.807880000000,  -0.08000,
,,,1.807900000000,  -0.08000,
,,,1.807920000000,  -0.08000,
,,,1.807940000000,  -0.08000,
,,,1.807960000000,  -0.08000,
,,,1.807980000000,  -0.08000,
,,,1.808000000000,  -1.72000,
,,,1.808020000000,  -1.72000,
,,,1.808040000000,  -1.72000,
,,,1.808060000000,  -1.80000,
,,,1.808080000000,  -1.72000,
,,,1.808100000000,  -1.72000,
,,,1.808120000000,  -0.04000,
,,,1.808140000000,  -0.04000,
,,,1.808160000000,  -0.04000,
,,,1.808180000000,  -0.04000,
,,,1.808200000000,  -0.04000,
,,,1.808220000000,  -0.04000,
,,,1.808240000000,  -0.04000,
,,,1.808260000000,  -0.04000,
,,,1.808280000000,  -0.04000,
,,,1.808300000000,  -0.04000,
,,,1.808320000000,  -0.08000,
,,,1.808340000000,  -0.08000,
,,,1.808360000000,  -0.08000,
,,,1.808380000000,  -0.08000,
,,,1.808400000000,  -0.08000,
,,,1.808420000000,  -0.08000,
,,,1.808440000000,  -0.12000,
,,,1.808460000000,  -0.12000,
,,,1.808480000000,  -0.12000,
,,,1.808500000000,  -0.12000,
,,,1.808520000000,  -0.12000,
,,,1.808540000000,  -0.12000,
,,,1.808560000000,  -0.12000,
,,,1.808580000000,  -0.12000,
,,,1.808600000000,  -0.12000,
,,,1.808620000000,  -0.12000,
,,,1.808640000000,  -0.12000,
,,,1.808660000000,  -0.12000,
,,,1.808680000000,  -0.08000,
,,,1.808700000000,  -0.08000,
,,,1.808720000000,  -0.08000,
,,,1.808740000000,  -0.08000,
,,,1.808760000000,  -0.08000,
,,,1.808780000000,  -0.08000,
,,,1.808800000000,  -0.08000,
,,,1.808820000000,  -0.08000,
,,,1.808840000000,  -0.08000,
,,,1.808860000000,  -0.08000,
,,,1.808880000000,  -0.08000,
,,,1.808900000000,  -0.08000,
,,,1.808920000000,  -0.08000,
,,,1.808940000000,  -0.08000,
,,,1.808960000000,  -0.08000,
,,,1.808980000000,  -0.08000,
,,,1.809000000000,  -1.92000,
,,,1.809020000000,  -1.92000,
,,,1.809040000000,  -1.92000,
,,,1.809060000000,  -1.92000,
,,,1.809080000000,  -1.92000,
,,,1.809100000000,  -1.92000,
,,,1.809120000000,  -0.04000,
,,,1.809140000000,  -0.04000,
,,,1.809160000000,  -0.04000,
,,,1.809180000000,  -0.04000,
,,,1.809200000000,  -0.04000,
,,,1.809220000000,  -0.04000,
,,,1.809240000000,  -0.04000,
,,,1.809260000000,  -0.04000,
,,,1.809280000000,  -0.04000,
,,,1.809300000000,  -0.04000,
,,,1.809320000000,  -0.08000,
,,,1.809340000000,  -0.08000,
,,,1.809360000000,  -0.08000,
,,,1.809380000000,  -0.08000,
,,,1.809400000000,  -0.08000,
,,,1.809420000000,  -0.08000,
,,,1.809440000000,  -0.12000,
,,,1.809460000000,  -0.12000,
,,,1.809480000000,  -0.12000,
,,,1.809500000000,  -0.12000,
,,,1.809520000000,  -0.12000,
,,,1.809540000000,  -0.12000,
,,,1.809560000000,  -0.12000,
,,,1.809580000000,  -0.12000,
,,,1.809600000000,  -0.12000,
,,,1.809620000000,  -0.12000,
,,,1.809640000000,  -0.12000,
,,,1.809660000000,  -0.12000,
,,,1.809680000000,  -0.12000,
,,,1.809700000000,  -0.12000,
,,,1.809720000000,  -0.12000,
,,,1.809740000000,  -0.12000,
,,,1.809760000000,  -0.12000,
,,,1.809780000000,  -0.12000,
,,,1.809800000000,  -0.12000,
,,,1.809820000000,  -0.12000,
,,,1.809840000000,  -0.12000,
,,,1.809860000000,  -0.12000,
,,,1.809880000000,  -0.12000,
,,,1.809900000000,  -0.20000,
,,,1.809920000000,  -0.12000,
,,,1.809940000000,   0.00000,
,,,1.809960000000,  -0.12000,
,,,1.809980000000,  -0.12000,
,,,1.810000000000,  -2.32000,
,,,1.810020000000,  -2.32000,
,,,1.810040000000,  -2.32000,
,,,1.810060000000,  -2.32000,
,,,1.810080000000,  -2.32000,
,,,1.810100000000,  -2.28000,
,,,1.810120000000,  -0.04000,
,,,1.810140000000,  -0.04000,
,,,1.810160000000,  -0.04000,
,,,1.810180000000,  -0.04000,
,,,1.810200000000,  -0.04000,
,,,1.810220000000,  -0.04000,
,,,1.810240000000,  -0.04000,
,,,1.810260000000,  -0.04000,
,,,1.810280000000,  -0.04000,
,,,1.810300000000,  -0.04000,
,,,1.810320000000,  -0.08000,
,,,1.810340000000,  -0.08000,
,,,1.810360000000,  -0.08000,
,,,1.810380000000,  -0.16000,
,,,1.810400000000,  -0.08000,
,,,1.810420000000,  -0.08000,
,,,1.810440000000,  -0.12000,
,,,1.810460000000,  -0.12000,
,,,1.810480000000,  -0.12000,
,,,1.810500000000,  -0.12000,
,,,1.810520000000,  -0.12000,
,,,1.810540000000,  -0.12000,
,,,1.810560000000,  -0.16000,
,,,1.810580000000,  -0.16000,
,,,1.810600000000,  -0.28000,
,,,1.810620000000,  -0.16000,
,,,1.810640000000,  -0.16000,
,,,1.810660000000,  -0.16000,
,,,1.810680000000,  -0.12000,
,,,1.810700000000,  -0.12000,
,,,1.810720000000,  -0.12000,
,,,1.810740000000,  -0.12000,
,,,1.810760000000,  -0.12000,
,,,1.810780000000,  -0.12000,
,,,1.810800000000,  -0.12000,
,,,1.810820000000,  -0.12000,
,,,1.810840000000,  -0.12000,
,,,1.810860000000,  -0.12000,
,,,1.810880000000,  -0.12000,
,,,1.810900000000,  -0.12000,
,,,1.810920000000,  -0.12000,
,,,1.810940000000,  -0.12000,
,,,1.810960000000,  -0.12000,
,,,1.810980000000,  -0.12000,
,,,1.811000000000,  -2.72000,
,,,1.811020000000,  -2.72000,
,,,1.811040000000,  -2.72000,
,,,1.811060000000,  -2.84000,
,,,1.811080000000,  -2.72000,
,,,1.811100000000,  -2.72000,
,,,1.811120000000,  -0.04000,
,,,1.811140000000,  -0.04000,
,,,1.811160000000,  -0.04000,
,,,1.811180000000,  -0.04000,
,,,1.811200000000,  -0.04000,
,,,1.811220000000,  -0.04000,
,,,1.811240000000,  -0.04000,
,,,1.811260000000,  -0.04000,
,,,1.811280000000,  -0.04000,
,,,1.811300000000,  -0.04000,
,,,1.811320000000,  -0.08000,
,,,1.811340000000,  -0.08000,
,,,1.811360000000,  -0.08000,
,,,1.811380000000,  -0.08000,
,,,1.811400000000,  -0.16000,
,,,1.811420000000,  -0.08000,
,,,1.811440000000,  -0.12000,
,,,1.811460000000,  -0.12000,
,,,1.811480000000,  -0.12000,
,,,1.811500000000,  -0.12000,
,,,1.811520000000,  -0.12000,
,,,1.811540000000,  -0.12000,
,,,1.811560000000,  -0.16000,
,,,1.811580000000,  -0.16000,
,,,1.811600000000,  -0.16000,
,,,1.811620000000,  -0.16000,
,,,1.811640000000,  -0.16000,
,,,1.811660000000,  -0.16000,
,,,1.811680000000,  -0.16000,
,,,1.811700000000,  -0.16000,
,,,1.811720000000,  -0.16000,
,,,1.811740000000,  -0.16000,
,,,1.811760000000,  -0.16000,
,,,1.811780000000,  -0.16000,
,,,1.811800000000,  -0.16000,
,,,1.811820000000,  -0.28000,
,,,1.811840000000,  -0.16000,
,,,1.811860000000,  -0.16000,
,,,1.811880000000,  -0.16000,
,,,1.811900000000,  -0.16000,
,,,1.811920000000,  -0.16000,
,,,1.811940000000,  -0.28000,
,,,1.811960000000,  -0.16000,
,,,1.811980000000,  -0.16000,
,,,1.812000000000,  -2.92000,
,,,1.812020000000,  -2.92000,
,,,1.812040000000,  -2.92000,
,,,1.812060000000,  -2.92000,
,,,1.812080000000,  -2.92000,
,,,1.812100000000,  -2.92000,
,,,1.812120000000,  -0.04000,
,,,1.812140000000,  -0.04000,
,,,1.812160000000,  -0.04000,
,,,1.812180000000,  -0.04000,
,,,1.812200000000,  -0.04000,
,,,1.812220000000,  -0.04000,
,,,1.812240000000,  -0.04000,
,,,1.812260000000,  -0.04000,
,,,1.812280000000,  -0.04000,
,,,1.812300000000,  -0.04000,
,,,1.812320000000,  -0.08000,
,,,1.812340000000,  -0.08000,
,,,1.812360000000,  -0.08000,
,,,1.812380000000,  -0.08000,
,,,1.812400000000,  -0.08000,
,,,1.812420000000,  -0.08000,
,,,1.812440000000,  -0.12000,
,,,1.812460000000,  -0.12000,
,,,1.812480000000,  -0.12000,
,,,1.812500000000,  -0.12000,
,,,1.812520000000,  -0.24000,
,,,1.812540000000,  -0.12000,
,,,1.812560000000,  -0.28000,
,,,1.812580000000,  -0.16000,
,,,1.812600000000,  -0.16000,
,,,1.812620000000,  -0.16000,
,,,1.812640000000,  -0.16000,
,,,1.812660000000,  -0.16000,
,,,1.812680000000,  -0.16000,
,,,1.812700000000,  -0.16000,
,,,1.812720000000,  -0.16000,
,,,1.812740000000,  -0.16000,
,,,1.812760000000,  -0.16000,
,,,1.812780000000,  -0.16000,
,,,1.812800000000,  -0.28000,
,,,1.812820000000,  -0.16000,
,,,1.812840000000,  -0.16000,
,,,1.812860000000,  -0.16000,
,,,1.812880000000,  -0.28000,
,,,1.812900000000,  -0.28000,
,,,1.812920000000,  -0.16000,
,,,1.812940000000,  -0.16000,
,,,1.812960000000,  -0.16000,
,,,1.812980000000,  -0.16000,
,,,1.813000000000,  -3.04000,
,,,1.813020000000,  -2.92000,
,,,1.813040000000,  -2.92000,
,,,1.813060000000,  -3.04000,
,,,1.813080000000,  -2.92000,
,,,1.813100000000,  -2.92000,
,,,1.813120000000,  -0.04000,
,,,1.813140000000,  -0.04000,
,,,1.813160000000,  -0.04000,
,,,1.813180000000,  -0.04000,
,,,1.813200000000,  -0.04000,
,,,1.813220000000,  -0.04000,
,,,1.813240000000,  -0.04000,
,,,1.813260000000,  -0.04000,
,,,1.813280000000,  -0.04000,
,,,1.813300000000,  -0.04000,
,,,1.813320000000,  -0.16000,
,,,1.813340000000,  -0.08000,
,,,1.813360000000,  -0.08000,
,,,1.813380000000,  -0.08000,
,,,1.813400000000,  -0.08000,
,,,1.813420000000,  -0.08000,
,,,1.813440000000,  -0.12000,
,,,1.813460000000,  -0.12000,
,,,1.813480000000,  -0.12000,
,,,1.813500000000,  -0.12000,
,,,1.813520000000,  -0.12000,
,,,1.813540000000,  -0.12000,
,,,1.813560000000,  -0.16000,
,,,1.813580000000,  -0.16000,
,,,1.813600000000,  -0.16000,
,,,1.813620000000,  -0.16000,
,,,1.813640000000,  -0.16000,
,,,1.813660000000,  -0.12000,
,,,1.813680000000,  -0.12000,
,,,1.813700000000,  -0.12000,
,,,1.813720000000,  -0.12000,
,,,1.813740000000,  -0.24000,
,,,1.813760000000,  -0.12000,
,,,1.813780000000,  -0.12000,
,,,1.813800000000,  -0.12000,
,,,1.813820000000,  -0.12000,
,,,1.813840000000,  -0.12000,
,,,1.813860000000,  -0.12000,
,,,1.813880000000,  -0.12000,
,,,1.813900000000,  -0.12000,
,,,1.813920000000,  -0.12000,
,,,1.813940000000,  -0.12000,
,,,1.813960000000,  -0.12000,
,,,1.813980000000,  -0.12000,
,,,1.814000000000,  -2.52000,
,,,1.814020000000,  -2.52000,
,,,1.814040000000,  -2.52000,
,,,1.814060000000,  -2.52000,
,,,1.814080000000,  -2.52000,
,,,1.814100000000,  -2.52000,
,,,1.814120000000,  -0.04000,
,,,1.814140000000,  -0.04000,
,,,1.814160000000,  -0.04000,
,,,1.814180000000,  -0.04000,
,,,1.814200000000,  -0.04000,
,,,1.814220000000,  -0.04000,
,,,1.814240000000,  -0.04000,
,,,1.814260000000,  -0.04000,
,,,1.814280000000,  -0.04000,
,,,1.814300000000,  -0.04000,
,,,1.814320000000,  -0.08000,
,,,1.814340000000,  -0.08000,
,,,1.814360000000,  -0.08000,
,,,1.814380000000,  -0.08000,
,,,1.814400000000,  -0.08000,
,,,1.814420000000,  -0.08000,
,,,1.814440000000,  -0.12000,
,,,1.814460000000,  -0.12000,
,,,1.814480000000,  -0.12000,
,,,1.814500000000,  -0.12000,
,,,1.814520000000,  -0.12000,
,,,1.814540000000,  -0.12000,
,,,1.814560000000,  -0.12000,
,,,1.814580000000,  -0.20000,
,,,1.814600000000,  -0.12000,
,,,1.814620000000,  -0.12000,
,,,1.814640000000,  -0.12000,
,,,1.814660000000,  -0.12000,
,,,1.814680000000,  -0.12000,
,,,1.814700000000,  -0.12000,
,,,1.814720000000,  -0.12000,
,,,1.814740000000,  -0.12000,
,,,1.814760000000,  -0.12000,
,,,1.814780000000,  -0.20000,
,,,1.814800000000,  -0.12000,
,,,1.814820000000,  -0.12000,
,,,1.814840000000,  -0.12000,
,,,1.814860000000,  -0.12000,
,,,1.814880000000,  -0.12000,
,,,1.814900000000,  -0.12000,
,,,1.814920000000,  -0.12000,
,,,1.814940000000,  -0.12000,
,,,1.814960000000,  -0.12000,
,,,1.814980000000,  -0.12000,
,,,1.815000000000,  -2.08000,
,,,1.815020000000,  -2.08000,
,,,1.815040000000,  -2.12000,
,,,1.815060000000,  -2.12000,
,,,1.815080000000,  -2.08000,
,,,1.815100000000,  -2.20000,
,,,1.815120000000,  -0.04000,
,,,1.815140000000,  -0.04000,
,,,1.815160000000,  -0.04000,
,,,1.815180000000,  -0.04000,
,,,1.815200000000,  -0.04000,
,,,1.815220000000,  -0.04000,
,,,1.815240000000,  -0.04000,
,,,1.815260000000,  -0.04000,
,,,1.815280000000,  -0.04000,
,,,1.815300000000,  -0.04000,
,,,1.815320000000,  -0.08000,
,,,1.815340000000,  -0.08000,
,,,1.815360000000,  -0.08000,
,,,1.815380000000,  -0.08000,
,,,1.815400000000,  -0.08000,
,,,1.815420000000,  -0.08000,
,,,1.815440000000,  -0.12000,
,,,1.815460000000,  -0.24000,
,,,1.815480000000,  -0.12000,
,,,1.815500000000,  -0.12000,
,,,1.815520000000,  -0.12000,
,,,1.815540000000,  -0.12000,
,,,1.815560000000,  -0.12000,
,,,1.815580000000,  -0.12000,
,,,1.815600000000,  -0.12000,
,,,1.815620000000,  -0.12000,
,,,1.815640000000,  -0.12000,
,,,1.815660000000,  -0.12000,
,,,1.815680000000,  -0.08000,
,,,1.815700000000,  -0.08000,
,,,1.815720000000,  -0.08000,
,,,1.815740000000,  -0.08000,
,,,1.815760000000,  -0.08000,
,,,1.815780000000,  -0.08000,
,,,1.815800000000,  -0.08000,
,,,1.815820000000,  -0.08000,
,,,1.815840000000,  -0.08000,
,,,1.815860000000,  -0.08000,
,,,1.815880000000,  -0.08000,
,,,1.815900000000,  -0.08000,
,,,1.815920000000,  -0.08000,
,,,1.815940000000,  -0.08000,
,,,1.815960000000,  -0.08000,
,,,1.815980000000,  -0.08000,
,,,1.816000000000,  -1.96000,
,,,1.816020000000,  -1.92000,
,,,1.816040000000,  -1.92000,
,,,1.816060000000,  -1.88000,
,,,1.816080000000,  -1.92000,
,,,1.816100000000,  -1.92000,
,,,1.816120000000,  -0.04000,
,,,1.816140000000,  -0.04000,
,,,1.816160000000,  -0.04000,
,,,1.816180000000,  -0.04000,
,,,1.816200000000,  -0.04000,
,,,1.816220000000,  -0.04000,
,,,1.816240000000,   0.00000,
,,,1.816260000000,  -0.04000,
,,,1.816280000000,  -0.04000,
,,,1.816300000000,  -0.04000,
,,,1.816320000000,  -0.08000,
,,,1.816340000000,  -0.08000,
,,,1.816360000000,  -0.08000,
,,,1.816380000000,  -0.08000,
,,,1.816400000000,  -0.08000,
,,,1.816420000000,  -0.08000,
,,,1.816440000000,   0.00000,
,,,1.816460000000,  -0.12000,
,,,1.816480000000,  -0.12000,
,,,1.816500000000,  -0.12000,
,,,1.816520000000,  -0.12000,
,,,1.816540000000,  -0.12000,
,,,1.816560000000,  -0.12000,
,,,1.816580000000,  -0.12000,
,,,1.816600000000,  -0.12000,
,,,1.816620000000,  -0.12000,
,,,1.816640000000,  -0.12000,
,,,1.816660000000,  -0.12000,
,,,1.816680000000,  -0.08000,
,,,1.816700000000,  -0.08000,
,,,1.816720000000,  -0.08000,
,,,1.816740000000,  -0.08000,
,,,1.816760000000,  -0.08000,
,,,1.816780000000,  -0.08000,
,,,1.816800000000,  -0.08000,
,,,1.816820000000,  -0.08000,
,,,1.816840000000,  -0.08000,
,,,1.816860000000,  -0.08000,
,,,1.816880000000,  -0.08000,
,,,1.816900000000,  -0.08000,
,,,1.816920000000,  -0.08000,
,,,1.816940000000,  -0.08000,
,,,1.816960000000,  -0.08000,
,,,1.816980000000,  -0.08000,
,,,1.817000000000,  -1.68000,
,,,1.817020000000,  -1.72000,
,,,1.817040000000,  -1.60000,
,,,1.817060000000,  -1.72000,
,,,1.817080000000,  -1.72000,
,,,1.817100000000,  -1.80000,
,,,1.817120000000,  -0.04000,
,,,1.817140000000,  -0.04000,
,,,1.817160000000,  -0.04000,
,,,1.817180000000,  -0.04000,
,,,1.817200000000,  -0.04000,
,,,1.817220000000,  -0.04000,
,,,1.817240000000,  -0.04000,
,,,1.817260000000,  -0.04000,
,,,1.817280000000,  -0.04000,
,,,1.817300000000,  -0.04000,
,,,1.817320000000,  -0.08000,
,,,1.817340000000,  -0.08000,
,,,1.817360000000,  -0.08000,
,,,1.817380000000,  -0.08000,
,,,1.817400000000,  -0.16000,
,,,1.817420000000,  -0.08000,
,,,1.817440000000,  -0.04000,
,,,1.817460000000,  -0.04000,
,,,1.817480000000,  -0.04000,
,,,1.817500000000,  -0.04000,
,,,1.817520000000,  -0.04000,
,,,1.817540000000,  -0.04000,
,,,1.817560000000,  -0.08000,
,,,1.817580000000,  -0.08000,
,,,1.817600000000,  -0.08000,
,,,1.817620000000,  -0.08000,
,,,1.817640000000,  -0.08000,
,,,1.817660000000,  -0.08000,
,,,1.817680000000,  -0.08000,
,,,1.817700000000,  -0.08000,
,,,1.817720000000,   0.00000,
,,,1.817740000000,  -0.08000,
,,,1.817760000000,  -0.08000,
,,,1.817780000000,  -0.08000,
,,,1.817800000000,  -0.08000,
,,,1.817820000000,  -0.08000,
,,,1.817840000000,  -0.08000,
,,,1.817860000000,  -0.08000,
,,,1.817880000000,  -0.08000,
,,,1.817900000000,  -0.08000,
,,,1.817920000000,  -0.08000,
,,,1.817940000000,  -0.08000,
,,,1.817960000000,  -0.08000,
,,,1.817980000000,  -0.08000,
,,,1.818000000000,  -1.28000,
,,,1.818020000000,  -1.28000,
,,,1.818040000000,  -1.36000,
,,,1.818060000000,  -1.28000,
,,,1.818080000000,  -1.32000,
,,,1.818100000000,  -1.28000,
,,,1.818120000000,  -0.04000,
,,,1.818140000000,  -0.04000,
,,,1.818160000000,  -0.04000,
,,,1.818180000000,  -0.04000,
,,,1.818200000000,  -0.04000,
,,,1.818220000000,  -0.04000,
,,,1.818240000000,  -0.04000,
,,,1.818260000000,  -0.04000,
,,,1.818280000000,  -0.04000,
,,,1.818300000000,  -0.04000,
,,,1.818320000000,  -0.08000,
,,,1.818340000000,  -0.08000,
,,,1.818360000000,  -0.08000,
,,,1.818380000000,  -0.08000,
,,,1.818400000000,  -0.08000,
,,,1.818420000000,  -0.08000,
,,,1.818440000000,  -0.04000,
,,,1.818460000000,  -0.04000,
,,,1.818480000000,  -0.04000,
,,,1.818500000000,  -0.04000,
,,,1.818520000000,  -0.04000,
,,,1.818540000000,  -0.04000,
,,,1.818560000000,  -0.08000,
,,,1.818580000000,  -0.08000,
,,,1.818600000000,  -0.08000,
,,,1.818620000000,  -0.08000,
,,,1.818640000000,  -0.12000,
,,,1.818660000000,  -0.08000,
,,,1.818680000000,  -0.08000,
,,,1.818700000000,   0.00000,
,,,1.818720000000,  -0.08000,
,,,1.818740000000,  -0.08000,
,,,1.818760000000,  -0.08000,
,,,1.818780000000,  -0.08000,
,,,1.818800000000,  -0.08000,
,,,1.818820000000,  -0.04000,
,,,1.818840000000,  -0.04000,
,,,1.818860000000,  -0.04000,
,,,1.818880000000,  -0.04000,
,,,1.818900000000,  -0.04000,
,,,1.818920000000,  -0.04000,
,,,1.818940000000,  -0.08000,
,,,1.818960000000,  -0.04000,
,,,1.818980000000,  -0.04000,
,,,1.819000000000,  -0.92000,
,,,1.819020000000,  -0.92000,
,,,1.819040000000,  -0.92000,
,,,1.819060000000,  -0.92000,
,,,1.819080000000,  -0.92000,
,,,1.819100000000,  -0.96000,
,,,1.819120000000,  -0.04000,
,,,1.819140000000,  -0.04000,
,,,1.819160000000,  -0.04000,
,,,1.819180000000,  -0.04000,
,,,1.819200000000,  -0.04000,
,,,1.819220000000,  -0.04000,
,,,1.819240000000,  -0.04000,
,,,1.819260000000,  -0.04000,
,,,1.819280000000,  -0.04000,
,,,1.819300000000,  -0.04000,
,,,1.819320000000,  -0.08000,
,,,1.819340000000,  -0.08000,
,,,1.819360000000,  -0.08000,
,,,1.819380000000,  -0.08000,
,,,1.819400000000,  -0.08000,
,,,1.819420000000,  -0.08000,
,,,1.819440000000,  -0.04000,
,,,1.819460000000,  -0.04000,
,,,1.819480000000,  -0.08000,
,,,1.819500000000,  -0.04000,
,,,1.819520000000,  -0.04000,
,,,1.819540000000,  -0.04000,
,,,1.819560000000,  -0.04000,
,,,1.819580000000,  -0.04000,
,,,1.819600000000,  -0.04000,
,,,1.819620000000,  -0.04000,
,,,1.819640000000,  -0.08000,
,,,1.819660000000,  -0.04000,
,,,1.819680000000,  -0.04000,
,,,1.819700000000,  -0.04000,
,,,1.819720000000,  -0.04000,
,,,1.819740000000,  -0.04000,
,,,1.819760000000,  -0.04000,
,,,1.819780000000,  -0.04000,
,,,1.819800000000,  -0.04000,
,,,1.819820000000,  -0.04000,
,,,1.819840000000,  -0.04000,
,,,1.819860000000,  -0.04000,
,,,1.819880000000,  -0.04000,
,,,1.819900000000,  -0.04000,
,,,1.819920000000,  -0.08000,
,,,1.819940000000,  -0.04000,
,,,1.819960000000,  -0.04000,
,,,1.819980000000,  -0.04000,
,,,1.820000000000,  -0.68000,
,,,1.820020000000,  -0.72000,
,,,1.820040000000,  -0.72000,
,,,1.820060000000,  -0.72000,
,,,1.820080000000,  -0.68000,
,,,1.820100000000,  -0.72000,
,,,1.820120000000,  -0.04000,
,,,1.820140000000,  -0.04000,
,,,1.820160000000,  -0.04000,
,,,1.820180000000,  -0.04000,
,,,1.820200000000,  -0.04000,
,,,1.820220000000,  -0.04000,
,,,1.820240000000,  -0.04000,
,,,1.820260000000,  -0.04000,
,,,1.820280000000,  -0.04000,
,,,1.820300000000,  -0.04000,
,,,1.820320000000,  -0.08000,
,,,1.820340000000,  -0.08000,
,,,1.820360000000,  -0.08000,
,,,1.820380000000,  -0.08000,
,,,1.820400000000,  -0.08000,
,,,1.820420000000,  -0.08000,
,,,1.820440000000,  -0.04000,
,,,1.820460000000,  -0.04000,
,,,1.820480000000,  -0.04000,
,,,1.820500000000,  -0.04000,
,,,1.820520000000,  -0.04000,
,,,1.820540000000,  -0.04000,
,,,1.820560000000,  -0.04000,
,,,1.820580000000,  -0.04000,
,,,1.820600000000,  -0.04000,
,,,1.820620000000,  -0.04000,
,,,1.820640000000,  -0.04000,
,,,1.820660000000,  -0.04000,
,,,1.820680000000,  -0.04000,
,,,1.820700000000,  -0.04000,
,,,1.820720000000,  -0.04000,
,,,1.820740000000,  -0.04000,
,,,1.820760000000,  -0.04000,
,,,1.820780000000,  -0.04000,
,,,1.820800000000,  -0.04000,
,,,1.820820000000,  -0.04000,
,,,1.820840000000,  -0.04000,
,,,1.820860000000,  -0.04000,
,,,1.820880000000,  -0.04000,
,,,1.820900000000,  -0.04000,
,,,1.820920000000,  -0.04000,
,,,1.820940000000,  -0.04000,
,,,1.820960000000,  -0.04000,
,,,1.820980000000,   0.00000,
,,,1.821000000000,  -0.28000,
,,,1.821020000000,  -0.28000,
,,,1.821040000000,  -0.28000,
,,,1.821060000000,  -0.32000,
,,,1.821080000000,  -0.28000,
,,,1.821100000000,  -0.28000,
,,,1.821120000000,  -0.04000,
,,,1.821140000000,  -0.04000,
,,,1.821160000000,  -0.04000,
,,,1.821180000000,  -0.04000,
,,,1.821200000000,  -0.04000,
,,,1.821220000000,  -0.04000,
,,,1.821240000000,  -0.04000,
,,,1.821260000000,  -0.04000,
,,,1.821280000000,  -0.04000,
,,,1.821300000000,  -0.04000,
,,,1.821320000000,  -0.08000,
,,,1.821340000000,  -0.08000,
,,,1.821360000000,  -0.08000,
,,,1.821380000000,  -0.08000,
,,,1.821400000000,  -0.08000,
,,,1.821420000000,  -0.08000,
,,,1.821440000000,  -0.04000,
,,,1.821460000000,  -0.04000,
,,,1.821480000000,  -0.04000,
,,,1.821500000000,  -0.04000,
,,,1.821520000000,  -0.04000,
,,,1.821540000000,  -0.04000,
,,,1.821560000000,  -0.04000,
,,,1.821580000000,  -0.04000,
,,,1.821600000000,  -0.04000,
,,,1.821620000000,  -0.04000,
,,,1.821640000000,  -0.04000,
,,,1.821660000000,  -0.04000,
,,,1.821680000000,  -0.04000,
,,,1.821700000000,  -0.04000,
,,,1.821720000000,  -0.04000,
,,,1.821740000000,  -0.04000,
,,,1.821760000000,  -0.04000,
,,,1.821780000000,  -0.04000,
,,,1.821800000000,  -0.04000,
,,,1.821820000000,  -0.04000,
,,,1.821840000000,  -0.04000,
,,,1.821860000000,  -0.04000,
,,,1.821880000000,  -0.04000,
,,,1.821900000000,  -0.04000,
,,,1.821920000000,  -0.04000,
,,,1.821940000000,  -0.04000,
,,,1.821960000000,  -0.04000,
,,,1.821980000000,  -0.04000,
,,,1.822000000000,  -0.08000,
,,,1.822020000000,  -0.08000,
,,,1.822040000000,  -0.08000,
,,,1.822060000000,  -0.04000,
,,,1.822080000000,  -0.08000,
,,,1.822100000000,  -0.12000,
,,,1.822120000000,  -0.04000,
,,,1.822140000000,  -0.04000,
,,,1.822160000000,  -0.04000,
,,,1.822180000000,  -0.04000,
,,,1.822200000000,  -0.04000,
,,,1.822220000000,  -0.04000,
,,,1.822240000000,  -0.04000,
,,,1.822260000000,  -0.04000,
,,,1.822280000000,  -0.04000,
,,,1.822300000000,  -0.04000,
,,,1.822320000000,  -0.08000,
,,,1.822340000000,  -0.08000,
,,,1.822360000000,  -0.08000,
,,,1.822380000000,  -0.16000,
,,,1.822400000000,  -0.08000,
,,,1.822420000000,  -0.08000,
,,,1.822440000000,  -0.04000,
,,,1.822460000000,  -0.04000,
,,,1.822480000000,  -0.04000,
,,,1.822500000000,  -0.04000,
,,,1.822520000000,  -0.04000,
,,,1.822540000000,  -0.04000,
,,,1.822560000000,  -0.04000,
,,,1.822580000000,  -0.04000,
,,,1.822600000000,  -0.04000,
,,,1.822620000000,  -0.04000,
,,,1.822640000000,  -0.04000,
,,,1.822660000000,  -0.04000,
,,,1.822680000000,  -0.04000,
,,,1.822700000000,  -0.04000,
,,,1.822720000000,  -0.04000,
,,,1.822740000000,  -0.04000,
,,,1.822760000000,  -0.04000,
,,,1.822780000000,  -0.04000,
,,,1.822800000000,  -0.04000,
,,,1.822820000000,  -0.04000,
,,,1.822840000000,  -0.04000,
,,,1.822860000000,  -0.04000,
,,,1.822880000000,  -0.04000,
,,,1.822900000000,  -0.04000,
,,,1.822920000000,  -0.04000,
,,,1.822940000000,  -0.04000,
,,,1.822960000000,  -0.04000,
,,,1.822980000000,  -0.04000,
,,,1.823000000000,  -0.08000,
,,,1.823020000000,  -0.08000,
,,,1.823040000000,  -0.08000,
,,,1.823060000000,  -0.16000,
,,,1.823080000000,  -0.08000,
,,,1.823100000000,  -0.08000,
,,,1.823120000000,  -0.04000,
,,,1.823140000000,  -0.04000,
,,,1.823160000000,  -0.04000,
,,,1.823180000000,  -0.04000,
,,,1.823200000000,  -0.04000,
,,,1.823220000000,  -0.04000,
,,,1.823240000000,  -0.04000,
,,,1.823260000000,  -0.04000,
,,,1.823280000000,  -0.04000,
,,,1.823300000000,  -0.04000,
,,,1.823320000000,  -0.08000,
,,,1.823340000000,  -0.08000,
,,,1.823360000000,  -0.08000,
,,,1.823380000000,  -0.08000,
,,,1.823400000000,  -0.08000,
,,,1.823420000000,  -0.16000,
,,,1.823440000000,  -0.04000,
,,,1.823460000000,  -0.04000,
,,,1.823480000000,  -0.04000,
,,,1.823500000000,  -0.04000,
,,,1.823520000000,  -0.04000,
,,,1.823540000000,  -0.04000,
,,,1.823560000000,  -0.04000,
,,,1.823580000000,  -0.04000,
,,,1.823600000000,  -0.04000,
,,,1.823620000000,  -0.04000,
,,,1.823640000000,  -0.04000,
,,,1.823660000000,  -0.04000,
